# https://github.com/mikedh/trimesh
mtllib rplidar_c1.mtl

o p0000
usemtl mat_13
v -0.02058407 0.02174704 -0.02776563
v -0.02196097 0.02231782 -0.02767110
v -0.02237601 0.02186753 -0.02756106
v -0.02243055 0.02158615 -0.02757224
v -0.02065316 0.02126384 -0.02766125
v -0.02082543 0.02087081 -0.02741506
v -0.02110348 0.02067231 -0.02747281
v -0.02164758 0.02059970 -0.02753477
v -0.02213866 0.02085187 -0.02770536
v -0.02237686 0.02118415 -0.02761388
v -0.02149528 0.02244139 -0.02768481
v -0.02103845 0.02232131 -0.02772176
v -0.02073633 0.02208192 -0.02785274
v -0.02057699 0.02135361 -0.02684748
v -0.02065105 0.02110656 -0.02685103
v -0.02074984 0.02094420 -0.02690962
v -0.02094182 0.02074869 -0.02691652
v -0.02125120 0.02059705 -0.02694460
v -0.02153937 0.02056691 -0.02697030
v -0.02171808 0.02059360 -0.02698626
v -0.02204201 0.02073867 -0.02702451
v -0.02219612 0.02084957 -0.02709409
v -0.02224277 0.02093370 -0.02702329
v -0.02266867 0.02126133 -0.02731745
v -0.02238505 0.02118961 -0.02706439
v -0.02243176 0.02147134 -0.02707334
v -0.02241686 0.02166805 -0.02712276
v -0.02237653 0.02181382 -0.02710244
v -0.02229782 0.02197360 -0.02713136
v -0.02217669 0.02213624 -0.02715381
v -0.02199590 0.02228440 -0.02717319
v -0.02178285 0.02238330 -0.02719209
v -0.02156250 0.02242524 -0.02721191
v -0.02133958 0.02241346 -0.02723204
v -0.02115169 0.02236068 -0.02726505
v -0.02096753 0.02225962 -0.02726478
v -0.02084468 0.02215486 -0.02727835
v -0.02072764 0.02201528 -0.02729452
v -0.02065871 0.02189123 -0.02730714
v -0.02060949 0.02177230 -0.02730587
v -0.02057758 0.02162863 -0.02734383
v -0.02057024 0.02142741 -0.02634040
v -0.02062926 0.02116864 -0.02636993
v -0.02072238 0.02098758 -0.02638857
v -0.02079384 0.02088917 -0.02638223
v -0.02091467 0.02077194 -0.02643009
v -0.02102743 0.02069391 -0.02640794
v -0.02120087 0.02061557 -0.02644027
v -0.02142452 0.02056756 -0.02646428
v -0.02164623 0.02057733 -0.02647965
v -0.02184006 0.02063031 -0.02649706
v -0.02213834 0.02051411 -0.02673740
v -0.02211613 0.02078894 -0.02651505
v -0.02248542 0.02103597 -0.02669640
v -0.02235085 0.02110764 -0.02655717
v -0.02242264 0.02136644 -0.02656466
v -0.02242663 0.02160646 -0.02660065
v -0.02236051 0.02185087 -0.02662290
v -0.02224891 0.02205134 -0.02664757
v -0.02207334 0.02223195 -0.02667445
v -0.02193878 0.02251857 -0.02652001
v -0.02173075 0.02239765 -0.02669630
v -0.02153435 0.02242622 -0.02671409
v -0.02131388 0.02240944 -0.02672921
v -0.02109315 0.02233282 -0.02675290
v -0.02091483 0.02221928 -0.02677013
v -0.02074803 0.02204746 -0.02680053
v -0.02064961 0.02186949 -0.02680921
v -0.02057033 0.02161101 -0.02684804
v -0.02240774 0.02128783 -0.02607455
v -0.02061105 0.02121926 -0.02585596
v -0.02243283 0.02147723 -0.02610099
v -0.02260965 0.02158937 -0.02593286
v -0.02236297 0.02184972 -0.02613186
v -0.02216391 0.02215049 -0.02615033
v -0.02202174 0.02226809 -0.02618671
v -0.02188180 0.02234477 -0.02618277
v -0.02169323 0.02240777 -0.02619526
v -0.02153774 0.02242424 -0.02621371
v -0.02147354 0.02242592 -0.02622045
v -0.02125718 0.02239792 -0.02625271
v -0.02103424 0.02230326 -0.02625411
v -0.02083609 0.02215460 -0.02629663
v -0.02083094 0.02214628 -0.02626254
v -0.02067357 0.02192853 -0.02631062
v -0.02058802 0.02167983 -0.02633278
v -0.02057022 0.02141186 -0.02585353
v -0.02070700 0.02101057 -0.02588571
v -0.02077278 0.02091709 -0.02589596
v -0.02088989 0.02079373 -0.02591077
v -0.02098883 0.02071443 -0.02591086
v -0.02121809 0.02060576 -0.02592724
v -0.02137425 0.02057288 -0.02596423
v -0.02160793 0.02057248 -0.02597637
v -0.02173922 0.02059897 -0.02598836
v -0.02181895 0.02062364 -0.02599568
v -0.02190404 0.02065908 -0.02600338
v -0.02201287 0.02071729 -0.02600259
v -0.02217685 0.02085505 -0.02603999
v -0.02229130 0.02100441 -0.02603082
v -0.02235388 0.02112235 -0.02607649
v -0.02242786 0.02158889 -0.02558995
v -0.02241304 0.02129852 -0.02557295
v -0.02057171 0.02141670 -0.02533852
v -0.02063235 0.02115673 -0.02537521
v -0.02074364 0.02094881 -0.02539179
v -0.02080162 0.02088177 -0.02539981
v -0.02091968 0.02077095 -0.02541359
v -0.02102359 0.02069792 -0.02542400
v -0.02115110 0.02063610 -0.02543557
v -0.02129196 0.02059001 -0.02544832
v -0.02139104 0.02057150 -0.02545764
v -0.02159577 0.02056947 -0.02547138
v -0.02175195 0.02060236 -0.02548988
v -0.02183444 0.02062918 -0.02549764
v -0.02201648 0.02072072 -0.02551771
v -0.02220897 0.02089004 -0.02553479
v -0.02233317 0.02107922 -0.02557184
v -0.02237798 0.02180535 -0.02561859
v -0.02228321 0.02200200 -0.02564228
v -0.02214793 0.02216438 -0.02565629
v -0.02199465 0.02228467 -0.02567263
v -0.02179309 0.02238116 -0.02568612
v -0.02156268 0.02242649 -0.02572057
v -0.02136781 0.02241846 -0.02571222
v -0.02114759 0.02236025 -0.02574913
v -0.02078722 0.02209647 -0.02578131
v -0.02063113 0.02182445 -0.02581011
v -0.02058258 0.02165741 -0.02584570
v -0.02056443 0.02154737 -0.02486209
v -0.02058818 0.02128869 -0.02483547
v -0.02056833 0.02147335 -0.02483243
v -0.02068800 0.02104265 -0.02488236
v -0.02079764 0.02088863 -0.02489948
v -0.02088709 0.02079521 -0.02489371
v -0.02104424 0.02068562 -0.02492589
v -0.02126412 0.02059487 -0.02494977
v -0.02148914 0.02056549 -0.02496567
v -0.02167706 0.02058233 -0.02498270
v -0.02179389 0.02061321 -0.02499325
v -0.02195402 0.02068501 -0.02500785
v -0.02218676 0.02086814 -0.02503193
v -0.02229939 0.02101769 -0.02506555
v -0.02235728 0.02113069 -0.02504370
v -0.02242034 0.02134941 -0.02508442
v -0.02242877 0.02155678 -0.02509667
v -0.02241203 0.02168298 -0.02510723
v -0.02233903 0.02190380 -0.02511799
v -0.02221466 0.02209281 -0.02514802
v -0.02206387 0.02223679 -0.02516602
v -0.02185190 0.02235935 -0.02518962
v -0.02163151 0.02241757 -0.02520488
v -0.02145781 0.02242491 -0.02522058
v -0.02127909 0.02240273 -0.02523665
v -0.02105428 0.02231415 -0.02524008
v -0.02061684 0.02229215 -0.02552253
v -0.02083705 0.02215646 -0.02527686
v -0.02067119 0.02191981 -0.02530427
v -0.02058806 0.02168169 -0.02532671
v -0.02056811 0.02148067 -0.02433064
v -0.02059790 0.02126886 -0.02436062
v -0.02068408 0.02104928 -0.02438170
v -0.02079748 0.02088499 -0.02438273
v -0.02092859 0.02076260 -0.02441482
v -0.02123493 0.02060310 -0.02444735
v -0.02145132 0.02056514 -0.02446237
v -0.02156000 0.02056740 -0.02447226
v -0.02183428 0.02062664 -0.02447985
v -0.02197876 0.02069698 -0.02452634
v -0.02209200 0.02077706 -0.02450434
v -0.02224424 0.02093518 -0.02454407
v -0.02237143 0.02116234 -0.02456318
v -0.02242850 0.02142879 -0.02458659
v -0.02240619 0.02171356 -0.02459304
v -0.02235549 0.02186579 -0.02464057
v -0.02229626 0.02198060 -0.02461894
v -0.02203773 0.02244311 -0.02481615
v -0.02190923 0.02233157 -0.02468032
v -0.02174526 0.02239670 -0.02469489
v -0.02151080 0.02242784 -0.02469923
v -0.02133768 0.02241259 -0.02473185
v -0.02111089 0.02234287 -0.02475595
v -0.02091527 0.02221986 -0.02477010
v -0.02074228 0.02204013 -0.02479186
v -0.02062222 0.02180365 -0.02481571
v -0.02213874 0.02217674 -0.02465059
v -0.02106689 0.02067533 -0.02442809
v -0.02229245 0.02100699 -0.02404781
v -0.02056879 0.02143734 -0.02384901
v -0.02063328 0.02115784 -0.02387091
v -0.02075147 0.02094028 -0.02387614
v -0.02092029 0.02076643 -0.02390551
v -0.02118052 0.02061865 -0.02394156
v -0.02145720 0.02056540 -0.02395848
v -0.02168361 0.02058411 -0.02398274
v -0.02187533 0.02064527 -0.02400025
v -0.02207304 0.02073646 -0.02408002
v -0.02232046 0.02091863 -0.02403946
v -0.02236944 0.02116442 -0.02406374
v -0.02239947 0.02125289 -0.02405473
v -0.02242819 0.02141399 -0.02410192
v -0.02243028 0.02154611 -0.02407918
v -0.02239378 0.02176093 -0.02411838
v -0.02231187 0.02195346 -0.02413257
v -0.02225090 0.02204653 -0.02414265
v -0.02213638 0.02217695 -0.02414103
v -0.02199867 0.02228205 -0.02417224
v -0.02178361 0.02238422 -0.02419565
v -0.02156647 0.02242457 -0.02421071
v -0.02139895 0.02242030 -0.02422593
v -0.02127086 0.02239801 -0.02423745
v -0.02112847 0.02234764 -0.02425017
v -0.02101723 0.02229286 -0.02424360
v -0.02085136 0.02216527 -0.02428155
v -0.02071171 0.02199022 -0.02429693
v -0.02061083 0.02177638 -0.02432792
v -0.02058424 0.02164108 -0.02432245
v -0.02072193 0.02201505 -0.02378491
v -0.02191858 0.02232538 -0.02367929
v -0.02109189 0.02065988 -0.02343039
v -0.02056964 0.02145997 -0.02332798
v -0.02060677 0.02122180 -0.02336701
v -0.02070011 0.02102052 -0.02339167
v -0.02079931 0.02088205 -0.02341264
v -0.02088134 0.02080418 -0.02340948
v -0.02100026 0.02070978 -0.02342921
v -0.02126615 0.02059362 -0.02345306
v -0.02152019 0.02056285 -0.02348038
v -0.02172747 0.02059293 -0.02348290
v -0.02192111 0.02066462 -0.02351149
v -0.02211109 0.02079164 -0.02352028
v -0.02229424 0.02100200 -0.02356603
v -0.02236138 0.02113577 -0.02354345
v -0.02241355 0.02130945 -0.02358919
v -0.02243261 0.02149963 -0.02359927
v -0.02239900 0.02174367 -0.02361928
v -0.02234928 0.02187283 -0.02362494
v -0.02226754 0.02202852 -0.02365187
v -0.02213112 0.02217944 -0.02365823
v -0.02202689 0.02226554 -0.02368241
v -0.02182585 0.02236972 -0.02370056
v -0.02162378 0.02242127 -0.02369610
v -0.02138147 0.02242593 -0.02374952
v -0.02111866 0.02234912 -0.02374811
v -0.02092026 0.02222293 -0.02376989
v -0.02085545 0.02217224 -0.02376718
v -0.02076352 0.02206651 -0.02380611
v -0.02062406 0.02181441 -0.02382177
v -0.02052358 0.02175152 -0.02385480
v -0.02054967 0.02153096 -0.02290160
v -0.02056224 0.02153600 -0.02282202
v -0.02061764 0.02119633 -0.02285792
v -0.02071380 0.02099728 -0.02290361
v -0.02082131 0.02086018 -0.02290247
v -0.02103876 0.02068408 -0.02291586
v -0.02125766 0.02059643 -0.02295180
v -0.02151706 0.02056579 -0.02296775
v -0.02176832 0.02060235 -0.02299094
v -0.02196360 0.02068808 -0.02302538
v -0.02212686 0.02080866 -0.02302505
v -0.02230718 0.02102578 -0.02304732
v -0.02239856 0.02124987 -0.02308783
v -0.02242859 0.02143895 -0.02308726
v -0.02241790 0.02164924 -0.02310435
v -0.02234727 0.02188790 -0.02313284
v -0.02221337 0.02209557 -0.02314818
v -0.02210247 0.02220882 -0.02316186
v -0.02191098 0.02232954 -0.02317987
v -0.02181499 0.02237039 -0.02318840
v -0.02163646 0.02241962 -0.02321137
v -0.02135273 0.02241756 -0.02322017
v -0.02112156 0.02234812 -0.02325988
v -0.02088705 0.02219871 -0.02328272
v -0.02067273 0.02193573 -0.02330873
v -0.02059059 0.02170298 -0.02331498
v -0.02068830 0.02222749 -0.02265671
v -0.02241878 0.02132018 -0.02258217
v -0.02058388 0.02129462 -0.02236203
v -0.02063212 0.02114228 -0.02234545
v -0.02076753 0.02091991 -0.02240806
v -0.02105108 0.02067952 -0.02243618
v -0.02120390 0.02061583 -0.02244024
v -0.02136190 0.02057630 -0.02245449
v -0.02147808 0.02056597 -0.02246514
v -0.02156417 0.02056632 -0.02247318
v -0.02177712 0.02060640 -0.02248760
v -0.02194341 0.02068008 -0.02250657
v -0.02203771 0.02073868 -0.02251543
v -0.02217077 0.02084852 -0.02253960
v -0.02230190 0.02102313 -0.02254945
v -0.02242884 0.02157205 -0.02258132
v -0.02240670 0.02170080 -0.02260942
v -0.02237426 0.02182026 -0.02263661
v -0.02233928 0.02190226 -0.02262716
v -0.02218557 0.02213076 -0.02264945
v -0.02218452 0.02249325 -0.02291008
v -0.02188124 0.02235353 -0.02267581
v -0.02163599 0.02243664 -0.02276748
v -0.02154173 0.02242797 -0.02270033
v -0.02146068 0.02254590 -0.02264343
v -0.02117661 0.02237058 -0.02274145
v -0.02094049 0.02224745 -0.02278531
v -0.02076641 0.02206628 -0.02278528
v -0.02067554 0.02193097 -0.02282057
v -0.02062292 0.02180369 -0.02281578
v -0.02239515 0.02181756 -0.02165497
v -0.02226147 0.02204664 -0.02160690
v -0.02210753 0.02220305 -0.02166858
v -0.02189739 0.02234006 -0.02168823
v -0.02166901 0.02241259 -0.02171132
v -0.02145960 0.02242727 -0.02171642
v -0.02124773 0.02239414 -0.02174674
v -0.02102274 0.02229616 -0.02176936
v -0.02084375 0.02215748 -0.02177402
v -0.02069519 0.02197126 -0.02181366
v -0.02059463 0.02171249 -0.02182030
v -0.02055966 0.02162924 -0.02189388
v -0.02056877 0.02145598 -0.02184770
v -0.02232733 0.02102907 -0.02159686
v -0.02242540 0.02127746 -0.02161613
v -0.02244742 0.02152577 -0.02160803
v 0.02247668 0.02148415 -0.02766748
v 0.02226124 0.02093525 -0.02773117
v 0.02201794 0.02070516 -0.02774905
v 0.02054893 0.02154004 -0.02740810
v 0.02242528 0.02138257 -0.02722681
v 0.02145218 0.02057031 -0.02754453
v 0.02065724 0.02109351 -0.02746460
v 0.02088113 0.02217088 -0.02758060
v 0.02082783 0.02239198 -0.02803889
v 0.02188109 0.02234830 -0.02777797
v 0.02225377 0.02204307 -0.02767296
v 0.02243008 0.02170349 -0.02778005
v 0.02149643 0.02055531 -0.02731643
v 0.02233744 0.02108000 -0.02723988
v 0.02218921 0.02087059 -0.02729419
v 0.02210613 0.02078877 -0.02726813
v 0.02193552 0.02067272 -0.02729886
v 0.02175373 0.02060164 -0.02732087
v 0.02057855 0.02135067 -0.02697115
v 0.02112260 0.02064204 -0.02688850
v 0.02208743 0.02077068 -0.02680111
v 0.02254778 0.02132612 -0.02682110
v 0.02237444 0.02117930 -0.02674530
v 0.02230828 0.02103876 -0.02675786
v 0.02223648 0.02092623 -0.02675230
v 0.02187592 0.02064376 -0.02680488
v 0.02168190 0.02058338 -0.02682724
v 0.02157977 0.02056950 -0.02683547
v 0.02144804 0.02056891 -0.02684591
v 0.02132616 0.02058114 -0.02683957
v 0.02091277 0.02077243 -0.02689234
v 0.02076708 0.02092102 -0.02691495
v 0.02071125 0.02100239 -0.02692273
v 0.02064943 0.02112238 -0.02693348
v 0.02060581 0.02123429 -0.02692692
v 0.02056726 0.02151623 -0.02697911
v 0.02058770 0.02168903 -0.02697976
v 0.02065535 0.02189144 -0.02700262
v 0.02070138 0.02197447 -0.02700988
v 0.02078135 0.02208535 -0.02702093
v 0.02091369 0.02222206 -0.02703719
v 0.02112840 0.02235134 -0.02706408
v 0.02129717 0.02240677 -0.02706480
v 0.02147101 0.02242682 -0.02708972
v 0.02162548 0.02241735 -0.02710217
v 0.02178802 0.02238332 -0.02711616
v 0.02201607 0.02227211 -0.02714329
v 0.02231620 0.02221686 -0.02702325
v 0.02236543 0.02184261 -0.02717625
v 0.02242616 0.02162360 -0.02722846
v 0.02242940 0.02142533 -0.02621632
v 0.02236922 0.02116434 -0.02624652
v 0.02226190 0.02096269 -0.02626537
v 0.02216442 0.02084433 -0.02627797
v 0.02201159 0.02071842 -0.02629521
v 0.02183414 0.02061980 -0.02630607
v 0.02158748 0.02055045 -0.02639752
v 0.02148893 0.02056482 -0.02632595
v 0.02130671 0.02058382 -0.02637015
v 0.02110810 0.02065146 -0.02637594
v 0.02093599 0.02075602 -0.02639387
v 0.02080930 0.02087392 -0.02640872
v 0.02074671 0.02095165 -0.02641710
v 0.02067034 0.02107338 -0.02643503
v 0.02059117 0.02127116 -0.02642113
v 0.02057065 0.02142555 -0.02647786
v 0.02057758 0.02162059 -0.02647858
v 0.02060166 0.02174130 -0.02649043
v 0.02065248 0.02188588 -0.02651868
v 0.02070063 0.02197590 -0.02650929
v 0.02087905 0.02221563 -0.02659711
v 0.02087993 0.02219802 -0.02651864
v 0.02106400 0.02231635 -0.02655309
v 0.02120362 0.02237848 -0.02656710
v 0.02137490 0.02241977 -0.02659875
v 0.02163068 0.02242015 -0.02660248
v 0.02188740 0.02234362 -0.02662130
v 0.02208577 0.02221902 -0.02664646
v 0.02224785 0.02205266 -0.02667615
v 0.02235754 0.02185630 -0.02668476
v 0.02243230 0.02158046 -0.02672191
v 0.02074638 0.02204688 -0.02602982
v 0.02068560 0.02194540 -0.02600792
v 0.02243419 0.02148603 -0.02570003
v 0.02239776 0.02124897 -0.02573450
v 0.02231941 0.02105403 -0.02576606
v 0.02221684 0.02090105 -0.02576744
v 0.02191681 0.02066162 -0.02581931
v 0.02169366 0.02058452 -0.02583326
v 0.02148744 0.02056494 -0.02583857
v 0.02127797 0.02059080 -0.02586715
v 0.02105991 0.02067418 -0.02588781
v 0.02086957 0.02080884 -0.02590876
v 0.02071287 0.02099369 -0.02591205
v 0.02064267 0.02112478 -0.02595731
v 0.02058671 0.02131252 -0.02594593
v 0.02056896 0.02146317 -0.02598080
v 0.02056599 0.02153278 -0.02595991
v 0.02059922 0.02173512 -0.02599807
v 0.02062801 0.02183550 -0.02598721
v 0.02091346 0.02222368 -0.02604869
v 0.02110921 0.02234135 -0.02605748
v 0.02126807 0.02239929 -0.02607965
v 0.02150048 0.02242856 -0.02609899
v 0.02169821 0.02240470 -0.02610821
v 0.02183152 0.02236759 -0.02613318
v 0.02192855 0.02232036 -0.02612993
v 0.02211762 0.02219755 -0.02615291
v 0.02227871 0.02200648 -0.02618752
v 0.02237275 0.02182607 -0.02619814
v 0.02242213 0.02163318 -0.02621706
v 0.02046543 0.02158420 -0.02537511
v 0.02059968 0.02125011 -0.02544486
v 0.02242754 0.02142453 -0.02522327
v 0.02239025 0.02122893 -0.02524137
v 0.02235289 0.02112215 -0.02523336
v 0.02223534 0.02092230 -0.02526875
v 0.02198679 0.02069838 -0.02529762
v 0.02175021 0.02059867 -0.02532811
v 0.02149444 0.02056605 -0.02534218
v 0.02131425 0.02058356 -0.02537382
v 0.02109806 0.02065426 -0.02537704
v 0.02081610 0.02083666 -0.02546899
v 0.02083189 0.02084062 -0.02539093
v 0.02068148 0.02105136 -0.02544371
v 0.02060782 0.02177316 -0.02548895
v 0.02073186 0.02202099 -0.02551411
v 0.02086119 0.02217290 -0.02553131
v 0.02101634 0.02229198 -0.02554936
v 0.02125275 0.02239728 -0.02558551
v 0.02151675 0.02242825 -0.02558907
v 0.02177727 0.02239045 -0.02563282
v 0.02180775 0.02237625 -0.02560106
v 0.02199926 0.02228088 -0.02563659
v 0.02207121 0.02222919 -0.02564462
v 0.02223036 0.02208077 -0.02566832
v 0.02235964 0.02184230 -0.02567839
v 0.02242648 0.02163184 -0.02572082
v 0.02087614 0.02218720 -0.02503271
v 0.02256058 0.02153620 -0.02483984
v 0.02242573 0.02138431 -0.02472037
v 0.02249627 0.02103973 -0.02458573
v 0.02215946 0.02083755 -0.02476144
v 0.02204449 0.02074027 -0.02480803
v 0.02189768 0.02065536 -0.02480703
v 0.02175583 0.02060370 -0.02482031
v 0.02160454 0.02057220 -0.02483354
v 0.02146710 0.02056801 -0.02484472
v 0.02137098 0.02057590 -0.02485268
v 0.02117955 0.02062122 -0.02486469
v 0.02097433 0.02072823 -0.02488941
v 0.02084003 0.02083868 -0.02492189
v 0.02075659 0.02093901 -0.02491609
v 0.02064634 0.02111951 -0.02493323
v 0.02057900 0.02135551 -0.02493795
v 0.02056795 0.02154884 -0.02497916
v 0.02060800 0.02175623 -0.02499005
v 0.02063916 0.02184617 -0.02499837
v 0.02072683 0.02201774 -0.02502320
v 0.02096758 0.02226028 -0.02504312
v 0.02112950 0.02235063 -0.02505994
v 0.02126507 0.02240011 -0.02506251
v 0.02147652 0.02242615 -0.02509015
v 0.02163293 0.02241548 -0.02510291
v 0.02178497 0.02238204 -0.02511637
v 0.02193650 0.02231985 -0.02514765
v 0.02217695 0.02233820 -0.02527121
v 0.02216580 0.02214731 -0.02515599
v 0.02231041 0.02195625 -0.02517129
v 0.02241207 0.02168993 -0.02520886
v 0.02065270 0.02110602 -0.02443188
v 0.02240712 0.02129239 -0.02421851
v 0.02243036 0.02142203 -0.02422832
v 0.02236685 0.02116226 -0.02424685
v 0.02230581 0.02102929 -0.02424228
v 0.02221451 0.02089864 -0.02428857
v 0.02208972 0.02077432 -0.02427416
v 0.02191525 0.02066409 -0.02430510
v 0.02172625 0.02059437 -0.02432304
v 0.02148500 0.02056427 -0.02433371
v 0.02120555 0.02061059 -0.02436715
v 0.02096246 0.02073469 -0.02439583
v 0.02079724 0.02088644 -0.02441060
v 0.02057093 0.02140849 -0.02445897
v 0.02059702 0.02173629 -0.02449091
v 0.02069434 0.02196456 -0.02449211
v 0.02077578 0.02207840 -0.02452008
v 0.02087557 0.02218625 -0.02453274
v 0.02107484 0.02232613 -0.02454537
v 0.02121937 0.02238674 -0.02458621
v 0.02151282 0.02243023 -0.02459548
v 0.02191093 0.02253369 -0.02445726
v 0.02192374 0.02232464 -0.02462951
v 0.02209190 0.02221424 -0.02464769
v 0.02258855 0.02190421 -0.02491553
v 0.02234370 0.02191538 -0.02467578
v 0.02243146 0.02148314 -0.02370541
v 0.02240898 0.02128953 -0.02372598
v 0.02231624 0.02105102 -0.02375695
v 0.02218422 0.02086027 -0.02378588
v 0.02205406 0.02074564 -0.02379074
v 0.02182695 0.02062345 -0.02379673
v 0.02164236 0.02057489 -0.02383950
v 0.02143411 0.02056726 -0.02383035
v 0.02124755 0.02060101 -0.02386287
v 0.02103417 0.02068927 -0.02388765
v 0.02085475 0.02082531 -0.02390343
v 0.02073566 0.02096561 -0.02391903
v 0.02046365 0.02116053 -0.02408143
v 0.02064967 0.02110772 -0.02392136
v 0.02057945 0.02135109 -0.02393701
v 0.02056814 0.02150316 -0.02398418
v 0.02063820 0.02185136 -0.02400292
v 0.02075435 0.02205337 -0.02401727
v 0.02089662 0.02220492 -0.02403505
v 0.02103382 0.02230028 -0.02405010
v 0.02115860 0.02236203 -0.02406255
v 0.02138581 0.02242176 -0.02407336
v 0.02162025 0.02241910 -0.02410204
v 0.02184870 0.02236047 -0.02412632
v 0.02204415 0.02225068 -0.02414183
v 0.02219394 0.02211524 -0.02415964
v 0.02232213 0.02193125 -0.02417785
v 0.02240848 0.02169915 -0.02420451
v 0.02242812 0.02141515 -0.02321458
v 0.02237127 0.02116944 -0.02325432
v 0.02225169 0.02094503 -0.02325728
v 0.02210483 0.02078803 -0.02330173
v 0.02199020 0.02070406 -0.02328088
v 0.02181954 0.02062236 -0.02331494
v 0.02127047 0.02027135 -0.02359646
v 0.02160411 0.02056960 -0.02331636
v 0.02139911 0.02057115 -0.02335016
v 0.02111728 0.02064465 -0.02337256
v 0.02086398 0.02081458 -0.02340671
v 0.02071829 0.02098639 -0.02342144
v 0.02066396 0.02108556 -0.02343033
v 0.02057540 0.02137291 -0.02343861
v 0.02056804 0.02152124 -0.02348544
v 0.02058384 0.02166686 -0.02346534
v 0.02063523 0.02184040 -0.02349767
v 0.02073868 0.02203138 -0.02351524
v 0.02089801 0.02220778 -0.02353947
v 0.02107760 0.02232701 -0.02355422
v 0.02118432 0.02237196 -0.02356484
v 0.02136442 0.02241666 -0.02358086
v 0.02149284 0.02242690 -0.02359131
v 0.02166757 0.02241044 -0.02360569
v 0.02194493 0.02231359 -0.02363147
v 0.02211113 0.02219798 -0.02365006
v 0.02224113 0.02206046 -0.02368255
v 0.02232112 0.02193653 -0.02366096
v 0.02240910 0.02170347 -0.02370792
v 0.02162883 0.02055952 -0.02281611
v 0.02242673 0.02139745 -0.02271581
v 0.02237175 0.02117553 -0.02274920
v 0.02232877 0.02107256 -0.02275439
v 0.02222747 0.02091336 -0.02275737
v 0.02209019 0.02077546 -0.02280356
v 0.02199351 0.02070659 -0.02278051
v 0.02142452 0.02055918 -0.02287615
v 0.02112549 0.02064457 -0.02287427
v 0.02095420 0.02074302 -0.02289221
v 0.02081692 0.02086280 -0.02289193
v 0.02067212 0.02106335 -0.02293100
v 0.02057444 0.02137609 -0.02295587
v 0.02057906 0.02162967 -0.02297895
v 0.02065099 0.02188336 -0.02300139
v 0.02078040 0.02208780 -0.02302084
v 0.02092736 0.02223282 -0.02302628
v 0.02109615 0.02233471 -0.02305656
v 0.02128544 0.02240171 -0.02307432
v 0.02148793 0.02242678 -0.02309094
v 0.02159877 0.02242310 -0.02309980
v 0.02181754 0.02237255 -0.02312331
v 0.02212894 0.02247350 -0.02336297
v 0.02208321 0.02223032 -0.02312907
v 0.02226402 0.02202702 -0.02316930
v 0.02236657 0.02183449 -0.02318675
v 0.02242210 0.02163107 -0.02321748
v 0.02056600 0.02152600 -0.02248356
v 0.02236921 0.02116544 -0.02224648
v 0.02228604 0.02100181 -0.02226153
v 0.02220851 0.02089213 -0.02225559
v 0.02209117 0.02077690 -0.02230323
v 0.02196658 0.02068951 -0.02228741
v 0.02178146 0.02060982 -0.02231795
v 0.02162803 0.02057645 -0.02233143
v 0.02148872 0.02056624 -0.02234271
v 0.02126055 0.02059538 -0.02235243
v 0.02077863 0.02057134 -0.02261447
v 0.02094431 0.02074001 -0.02238637
v 0.02073669 0.02096435 -0.02241903
v 0.02062420 0.02117117 -0.02245536
v 0.02058809 0.02129290 -0.02242393
v 0.02061459 0.02178860 -0.02248865
v 0.02070233 0.02197970 -0.02249301
v 0.02080376 0.02211442 -0.02252313
v 0.02094728 0.02224488 -0.02254066
v 0.02113942 0.02235565 -0.02256488
v 0.02138619 0.02242203 -0.02258262
v 0.02164730 0.02241488 -0.02260383
v 0.02178727 0.02237958 -0.02261630
v 0.02190338 0.02233592 -0.02261080
v 0.02202181 0.02226863 -0.02265660
v 0.02216099 0.02215387 -0.02264274
v 0.02228423 0.02199618 -0.02267200
v 0.02237409 0.02181338 -0.02268853
v 0.02242479 0.02161301 -0.02271892
v 0.02081426 0.02218068 -0.02158543
v 0.02122836 0.02240713 -0.02160144
v 0.02204464 0.02226667 -0.02162897
v 0.02220399 0.02211237 -0.02165976
v 0.02236547 0.02183449 -0.02168316
v 0.02243473 0.02153350 -0.02172258
v 0.02160258 0.02244122 -0.02162338
v 0.02239595 -0.02175970 -0.02759960
v 0.02218533 -0.02213839 -0.02762662
v 0.02186410 -0.02237152 -0.02777681
v 0.02148225 -0.02244520 -0.02768278
v 0.02118321 -0.02240243 -0.02770753
v 0.02102107 -0.02238093 -0.02790017
v 0.02066438 -0.02195285 -0.02775190
v 0.02217920 -0.02085822 -0.02750660
v 0.02161699 -0.02242653 -0.02720641
v 0.02050885 -0.02104666 -0.02802194
v 0.02063252 -0.02117138 -0.02742182
v 0.02083760 -0.02061460 -0.02802457
v 0.02142234 -0.02061116 -0.02768023
v 0.02192726 -0.02067198 -0.02775472
v 0.02241656 -0.02142819 -0.02761387
v 0.02242544 -0.02161621 -0.02709086
v 0.02236518 -0.02184175 -0.02712431
v 0.02232035 -0.02194174 -0.02713073
v 0.02222069 -0.02209486 -0.02713431
v 0.02208636 -0.02222776 -0.02718027
v 0.02197936 -0.02230204 -0.02715733
v 0.02180862 -0.02238079 -0.02718921
v 0.02150329 -0.02243460 -0.02721655
v 0.02128575 -0.02241078 -0.02724048
v 0.02110145 -0.02234576 -0.02723585
v 0.02094705 -0.02225191 -0.02726704
v 0.02076130 -0.02207331 -0.02728906
v 0.02063623 -0.02185454 -0.02730715
v 0.02057309 -0.02160761 -0.02732645
v 0.02243214 -0.02145505 -0.02710095
v 0.02204405 -0.02074788 -0.02699916
v 0.02167662 -0.02058636 -0.02696819
v 0.02080472 -0.02211975 -0.02678367
v 0.02150414 -0.02243486 -0.02669963
v 0.02224746 -0.02206299 -0.02665317
v 0.02243116 -0.02157052 -0.02659324
v 0.02239785 -0.02175879 -0.02659006
v 0.02232614 -0.02193331 -0.02661290
v 0.02219124 -0.02212756 -0.02663392
v 0.02204030 -0.02226595 -0.02667187
v 0.02165503 -0.02242238 -0.02670688
v 0.02135132 -0.02242309 -0.02673468
v 0.02115449 -0.02236940 -0.02674073
v 0.02096359 -0.02226699 -0.02675233
v 0.02084523 -0.02216815 -0.02676043
v 0.02071343 -0.02200535 -0.02678327
v 0.02062298 -0.02182769 -0.02681762
v 0.02057092 -0.02157253 -0.02684077
v 0.02057463 -0.02138457 -0.02683866
v 0.02060609 -0.02123775 -0.02684674
v 0.02062942 -0.02117928 -0.02687006
v 0.02069718 -0.02102924 -0.02687768
v 0.02082428 -0.02086074 -0.02689007
v 0.02087813 -0.02081313 -0.02690997
v 0.02100486 -0.02071198 -0.02693284
v 0.02108236 -0.02067095 -0.02691275
v 0.02122583 -0.02061338 -0.02694674
v 0.02142294 -0.02057465 -0.02695296
v 0.02190041 -0.02066267 -0.02700689
v 0.02216042 -0.02084714 -0.02703334
v 0.02227733 -0.02098861 -0.02703234
v 0.02234376 -0.02110896 -0.02704018
v 0.02242932 -0.02112123 -0.02709275
v 0.02241527 -0.02132279 -0.02708736
v 0.02243139 -0.02159430 -0.02610504
v 0.02235300 -0.02187740 -0.02610779
v 0.02225554 -0.02204408 -0.02614563
v 0.02218627 -0.02213827 -0.02614202
v 0.02198769 -0.02229770 -0.02617768
v 0.02178365 -0.02239232 -0.02619128
v 0.02167719 -0.02241742 -0.02620079
v 0.02149319 -0.02243412 -0.02621720
v 0.02137428 -0.02242540 -0.02622804
v 0.02121681 -0.02238818 -0.02624210
v 0.02108120 -0.02233421 -0.02625423
v 0.02095078 -0.02225250 -0.02626666
v 0.02083147 -0.02215057 -0.02627998
v 0.02074848 -0.02205085 -0.02629164
v 0.02065932 -0.02190315 -0.02630710
v 0.02061618 -0.02180016 -0.02631736
v 0.02057159 -0.02158503 -0.02633113
v 0.02057823 -0.02138985 -0.02635076
v 0.02063376 -0.02114188 -0.02636676
v 0.02076178 -0.02090528 -0.02645914
v 0.02083915 -0.02084678 -0.02638848
v 0.02098933 -0.02072590 -0.02642095
v 0.02117594 -0.02063162 -0.02643790
v 0.02137405 -0.02058200 -0.02645561
v 0.02157412 -0.02057631 -0.02647374
v 0.02177408 -0.02061442 -0.02649174
v 0.02198514 -0.02070837 -0.02650600
v 0.02217098 -0.02085943 -0.02652984
v 0.02229168 -0.02101291 -0.02656407
v 0.02237494 -0.02118272 -0.02654742
v 0.02241373 -0.02132048 -0.02659600
v 0.02119985 -0.02238611 -0.02572803
v 0.02242836 -0.02157733 -0.02558828
v 0.02239327 -0.02178301 -0.02563796
v 0.02229042 -0.02199963 -0.02563651
v 0.02209976 -0.02221585 -0.02566216
v 0.02193685 -0.02232728 -0.02566087
v 0.02178552 -0.02238783 -0.02569467
v 0.02160476 -0.02242841 -0.02570782
v 0.02139160 -0.02242814 -0.02572691
v 0.02095773 -0.02226475 -0.02576842
v 0.02072248 -0.02202055 -0.02579479
v 0.02061531 -0.02179674 -0.02583381
v 0.02056746 -0.02155464 -0.02583771
v 0.02058292 -0.02133618 -0.02583858
v 0.02064440 -0.02113770 -0.02587373
v 0.02070529 -0.02102012 -0.02588569
v 0.02081799 -0.02086982 -0.02590224
v 0.02105373 -0.02068513 -0.02591095
v 0.02131726 -0.02034394 -0.02617233
v 0.02137153 -0.02057313 -0.02594890
v 0.02212509 -0.02047662 -0.02625137
v 0.02181324 -0.02061929 -0.02598657
v 0.02209420 -0.02078818 -0.02602130
v 0.02221162 -0.02090728 -0.02603580
v 0.02239241 -0.02123963 -0.02607578
v 0.02099251 -0.02228640 -0.02527108
v 0.02057633 -0.02137966 -0.02533535
v 0.02062598 -0.02118458 -0.02536919
v 0.02072422 -0.02098719 -0.02539309
v 0.02086094 -0.02082721 -0.02540720
v 0.02101209 -0.02071140 -0.02542315
v 0.02120804 -0.02061846 -0.02543601
v 0.02140735 -0.02057618 -0.02547483
v 0.02156206 -0.02057535 -0.02547250
v 0.02180177 -0.02062114 -0.02549388
v 0.02207570 -0.02076895 -0.02551634
v 0.02228876 -0.02100624 -0.02554739
v 0.02241501 -0.02131176 -0.02559045
v 0.02242650 -0.02162626 -0.02508943
v 0.02235825 -0.02185858 -0.02512260
v 0.02241149 -0.02221488 -0.02537153
v 0.02225875 -0.02204952 -0.02513091
v 0.02200442 -0.02229419 -0.02515496
v 0.02200696 -0.02254913 -0.02540763
v 0.02174463 -0.02240146 -0.02519523
v 0.02154116 -0.02243362 -0.02521350
v 0.02125543 -0.02240568 -0.02522713
v 0.02079442 -0.02211216 -0.02528471
v 0.02064077 -0.02186595 -0.02529349
v 0.02059292 -0.02171832 -0.02534060
v 0.02057115 -0.02156158 -0.02533736
v 0.02056783 -0.02151162 -0.02485742
v 0.02058312 -0.02135417 -0.02484462
v 0.02065604 -0.02108593 -0.02490554
v 0.02074249 -0.02094844 -0.02487512
v 0.02095158 -0.02075049 -0.02490062
v 0.02104279 -0.02054041 -0.02506048
v 0.02116742 -0.02063442 -0.02492478
v 0.02127212 -0.02044751 -0.02482444
v 0.02151169 -0.02057070 -0.02496784
v 0.02177780 -0.02061565 -0.02499185
v 0.02199307 -0.02071255 -0.02500156
v 0.02215898 -0.02084547 -0.02504540
v 0.02225350 -0.02095616 -0.02502495
v 0.02240361 -0.02124897 -0.02508049
v 0.02254402 -0.02154268 -0.02467138
v 0.02240569 -0.02170217 -0.02461429
v 0.02239634 -0.02174624 -0.02461251
v 0.02234130 -0.02190019 -0.02462677
v 0.02229790 -0.02198581 -0.02463572
v 0.02216910 -0.02215187 -0.02464981
v 0.02197127 -0.02230705 -0.02467879
v 0.02177970 -0.02239304 -0.02470881
v 0.02167140 -0.02241910 -0.02468482
v 0.02151103 -0.02243502 -0.02473260
v 0.02139762 -0.02243018 -0.02470916
v 0.02121905 -0.02239281 -0.02475480
v 0.02106195 -0.02232585 -0.02473918
v 0.02062191 -0.02230587 -0.02502214
v 0.02085732 -0.02218315 -0.02477474
v 0.02068860 -0.02196264 -0.02480532
v 0.02059342 -0.02172973 -0.02480916
v 0.02066135 -0.02190785 -0.02430650
v 0.02243073 -0.02159469 -0.02409038
v 0.02236324 -0.02185274 -0.02410534
v 0.02227435 -0.02202124 -0.02415584
v 0.02219947 -0.02211873 -0.02413312
v 0.02202085 -0.02227759 -0.02417676
v 0.02174756 -0.02240323 -0.02419478
v 0.02143537 -0.02243420 -0.02422269
v 0.02118429 -0.02237858 -0.02424521
v 0.02105290 -0.02231801 -0.02425718
v 0.02096392 -0.02226262 -0.02426566
v 0.02080054 -0.02212140 -0.02429058
v 0.02060467 -0.02175304 -0.02432097
v 0.02057603 -0.02161426 -0.02433303
v 0.02057218 -0.02145941 -0.02434539
v 0.02058150 -0.02136481 -0.02435325
v 0.02061716 -0.02120927 -0.02436702
v 0.02071171 -0.02100610 -0.02438255
v 0.02084441 -0.02084133 -0.02442200
v 0.02095002 -0.02075447 -0.02441697
v 0.02107091 -0.02067791 -0.02442842
v 0.02121196 -0.02062057 -0.02444102
v 0.02136335 -0.02058348 -0.02445471
v 0.02156114 -0.02057514 -0.02447268
v 0.02170468 -0.02059306 -0.02447535
v 0.02190476 -0.02066600 -0.02450288
v 0.02223050 -0.02092354 -0.02453800
v 0.02237940 -0.02119421 -0.02457504
v 0.02242693 -0.02140386 -0.02457340
v 0.02242452 -0.02137985 -0.02408827
v 0.02226486 -0.02203086 -0.02364415
v 0.02056842 -0.02144117 -0.02384663
v 0.02064147 -0.02114256 -0.02387280
v 0.02076368 -0.02093495 -0.02389852
v 0.02089221 -0.02079715 -0.02389438
v 0.02101743 -0.02070950 -0.02392320
v 0.02116244 -0.02063617 -0.02393644
v 0.02137616 -0.02058117 -0.02395564
v 0.02154228 -0.02057561 -0.02397058
v 0.02170051 -0.02059491 -0.02398492
v 0.02191132 -0.02066899 -0.02400382
v 0.02210257 -0.02079469 -0.02402223
v 0.02225200 -0.02095579 -0.02404141
v 0.02235065 -0.02112419 -0.02407558
v 0.02242888 -0.02160413 -0.02358904
v 0.02236264 -0.02185446 -0.02360556
v 0.02221418 -0.02210574 -0.02364862
v 0.02204811 -0.02225664 -0.02366739
v 0.02177554 -0.02239547 -0.02369223
v 0.02146924 -0.02243608 -0.02371112
v 0.02129395 -0.02241522 -0.02375323
v 0.02100071 -0.02229370 -0.02376420
v 0.02074610 -0.02205464 -0.02379124
v 0.02059990 -0.02175307 -0.02381864
v 0.02135107 -0.02057309 -0.02344676
v 0.02177665 -0.02239449 -0.02319205
v 0.02242702 -0.02159610 -0.02308951
v 0.02236984 -0.02183475 -0.02312821
v 0.02229303 -0.02198731 -0.02313581
v 0.02210960 -0.02220769 -0.02317752
v 0.02201682 -0.02227925 -0.02315336
v 0.02153854 -0.02243542 -0.02320088
v 0.02134416 -0.02242099 -0.02323092
v 0.02114754 -0.02236477 -0.02324857
v 0.02096738 -0.02226661 -0.02326509
v 0.02087889 -0.02219809 -0.02327436
v 0.02073223 -0.02203241 -0.02329795
v 0.02061997 -0.02181237 -0.02330622
v 0.02057357 -0.02160441 -0.02335039
v 0.02056772 -0.02147993 -0.02332664
v 0.02059541 -0.02128416 -0.02336022
v 0.02062216 -0.02118657 -0.02336905
v 0.02052858 -0.02086345 -0.02361464
v 0.02077782 -0.02090462 -0.02338243
v 0.02099343 -0.02072288 -0.02342167
v 0.02123107 -0.02039275 -0.02367041
v 0.02176919 -0.02060918 -0.02349353
v 0.02197219 -0.02070027 -0.02349236
v 0.02212513 -0.02081457 -0.02352508
v 0.02233326 -0.02107761 -0.02356050
v 0.02056842 -0.02156119 -0.02284734
v 0.02152077 -0.02243384 -0.02271507
v 0.02240367 -0.02178602 -0.02262698
v 0.02233992 -0.02193743 -0.02259468
v 0.02213957 -0.02218167 -0.02264465
v 0.02197744 -0.02230184 -0.02267395
v 0.02175545 -0.02240022 -0.02269391
v 0.02124370 -0.02240154 -0.02274232
v 0.02105421 -0.02231895 -0.02275664
v 0.02095084 -0.02225651 -0.02274974
v 0.02081607 -0.02213778 -0.02279451
v 0.02071182 -0.02200089 -0.02278003
v 0.02064109 -0.02186495 -0.02282724
v 0.02060250 -0.02175448 -0.02280434
v 0.02057335 -0.02141690 -0.02284863
v 0.02060487 -0.02125227 -0.02286280
v 0.02066247 -0.02109259 -0.02287788
v 0.02083631 -0.02084765 -0.02290465
v 0.02102201 -0.02070266 -0.02291161
v 0.02120344 -0.02062172 -0.02294034
v 0.02138893 -0.02057982 -0.02295721
v 0.02160156 -0.02057742 -0.02297170
v 0.02181870 -0.02063015 -0.02299540
v 0.02202304 -0.02073261 -0.02301835
v 0.02218240 -0.02086951 -0.02303148
v 0.02224821 -0.02094746 -0.02302314
v 0.02234767 -0.02111406 -0.02305781
v 0.02242491 -0.02136833 -0.02310427
v 0.02057169 -0.02145461 -0.02234955
v 0.02058341 -0.02133347 -0.02235554
v 0.02067467 -0.02106620 -0.02237806
v 0.02083569 -0.02085214 -0.02240468
v 0.02093773 -0.02076306 -0.02241681
v 0.02111774 -0.02065300 -0.02244244
v 0.02131753 -0.02058974 -0.02243450
v 0.02152902 -0.02057093 -0.02247716
v 0.02172890 -0.02060362 -0.02248757
v 0.02182143 -0.02063205 -0.02249614
v 0.02199936 -0.02071650 -0.02252117
v 0.02217626 -0.02086480 -0.02253097
v 0.02225192 -0.02095533 -0.02254171
v 0.02235127 -0.02112546 -0.02255500
v 0.02243335 -0.02141892 -0.02260486
v 0.02243254 -0.02153519 -0.02210838
v 0.02240212 -0.02172505 -0.02211045
v 0.02236301 -0.02185363 -0.02210537
v 0.02226438 -0.02203619 -0.02215749
v 0.02217855 -0.02214157 -0.02213594
v 0.02201476 -0.02227849 -0.02217043
v 0.02180929 -0.02238115 -0.02218899
v 0.02158769 -0.02243008 -0.02220877
v 0.02136569 -0.02242456 -0.02222873
v 0.02114839 -0.02236541 -0.02224817
v 0.02094450 -0.02225070 -0.02226689
v 0.02078007 -0.02209414 -0.02228624
v 0.02066985 -0.02192774 -0.02232119
v 0.02061216 -0.02178043 -0.02231474
v 0.02058079 -0.02167884 -0.02231721
v 0.02215502 -0.02079407 -0.02158449
v 0.02236023 -0.02109915 -0.02160345
v 0.02240769 -0.02121869 -0.02160643
v -0.02231656 -0.02199642 -0.02765977
v -0.02155342 -0.02248567 -0.02753546
v -0.02059000 -0.02175390 -0.02748602
v -0.02102382 -0.02232422 -0.02778612
v -0.02140721 -0.02244904 -0.02777938
v -0.02242726 -0.02127627 -0.02769393
v -0.02274330 -0.02173879 -0.02808859
v -0.02239057 -0.02107921 -0.02789517
v -0.02209602 -0.02071973 -0.02789105
v -0.02069664 -0.02108846 -0.02749460
v -0.02147757 -0.02058529 -0.02736209
v -0.02057677 -0.02163713 -0.02698099
v -0.02064843 -0.02188080 -0.02698397
v -0.02078558 -0.02210321 -0.02702167
v -0.02102192 -0.02230398 -0.02704904
v -0.02125330 -0.02240196 -0.02706690
v -0.02148068 -0.02243353 -0.02709010
v -0.02167952 -0.02241645 -0.02710664
v -0.02183461 -0.02237337 -0.02713748
v -0.02201345 -0.02228179 -0.02714301
v -0.02214631 -0.02217145 -0.02715396
v -0.02251517 -0.02206212 -0.02740404
v -0.02227681 -0.02202292 -0.02716025
v -0.02240619 -0.02172586 -0.02719699
v -0.02243009 -0.02147968 -0.02721904
v -0.02239242 -0.02123225 -0.02724135
v -0.02228439 -0.02100026 -0.02725790
v -0.02213994 -0.02082824 -0.02728086
v -0.02196533 -0.02069608 -0.02730454
v -0.02172892 -0.02059851 -0.02731998
v -0.02158885 -0.02055775 -0.02739747
v -0.02227954 -0.02201483 -0.02665396
v -0.02056798 -0.02151285 -0.02645528
v -0.02058496 -0.02168045 -0.02649541
v -0.02062880 -0.02183275 -0.02647921
v -0.02072187 -0.02201835 -0.02651305
v -0.02087509 -0.02219438 -0.02654954
v -0.02101424 -0.02229930 -0.02653553
v -0.02120227 -0.02238481 -0.02656645
v -0.02136141 -0.02242205 -0.02658060
v -0.02151056 -0.02243399 -0.02659271
v -0.02169327 -0.02241490 -0.02659101
v -0.02186386 -0.02235998 -0.02662361
v -0.02210339 -0.02221642 -0.02665107
v -0.02235162 -0.02188241 -0.02669961
v -0.02241344 -0.02169116 -0.02669061
v -0.02242924 -0.02142969 -0.02672766
v -0.02237837 -0.02118905 -0.02673506
v -0.02226599 -0.02097409 -0.02676374
v -0.02212647 -0.02081531 -0.02678185
v -0.02198232 -0.02070952 -0.02680229
v -0.02184632 -0.02063742 -0.02682248
v -0.02164804 -0.02046618 -0.02690785
v -0.02132154 -0.02036100 -0.02708001
v -0.02139540 -0.02057141 -0.02684200
v -0.02111745 -0.02065528 -0.02687544
v -0.02089221 -0.02079595 -0.02689225
v -0.02070952 -0.02100951 -0.02693201
v -0.02057451 -0.02139101 -0.02696923
v -0.02056882 -0.02151485 -0.02595179
v -0.02058280 -0.02166806 -0.02599870
v -0.02063050 -0.02183949 -0.02598419
v -0.02071015 -0.02199695 -0.02602786
v -0.02077548 -0.02208912 -0.02600336
v -0.02091636 -0.02222956 -0.02603309
v -0.02109384 -0.02234027 -0.02605613
v -0.02131772 -0.02241939 -0.02609094
v -0.02151036 -0.02261486 -0.02592808
v -0.02168671 -0.02241487 -0.02610724
v -0.02187818 -0.02235519 -0.02612037
v -0.02205814 -0.02224794 -0.02614343
v -0.02224123 -0.02207130 -0.02616820
v -0.02236286 -0.02185578 -0.02620226
v -0.02239820 -0.02175230 -0.02617777
v -0.02243038 -0.02155937 -0.02620742
v -0.02241764 -0.02134972 -0.02623061
v -0.02236019 -0.02114485 -0.02625317
v -0.02225554 -0.02096026 -0.02626569
v -0.02213543 -0.02082407 -0.02628138
v -0.02197667 -0.02070285 -0.02629465
v -0.02178461 -0.02061796 -0.02631777
v -0.02160774 -0.02057948 -0.02633376
v -0.02135464 -0.02058121 -0.02636771
v -0.02109814 -0.02066286 -0.02636023
v -0.02093169 -0.02076542 -0.02639046
v -0.02078173 -0.02091294 -0.02641308
v -0.02066153 -0.02109804 -0.02643496
v -0.02059164 -0.02130134 -0.02645458
v -0.02076302 -0.02092973 -0.02591238
v -0.02175967 -0.02044014 -0.02568655
v -0.02057123 -0.02161779 -0.02546198
v -0.02065514 -0.02189156 -0.02550174
v -0.02070716 -0.02199272 -0.02549357
v -0.02083713 -0.02215999 -0.02552820
v -0.02110171 -0.02234900 -0.02555712
v -0.02133954 -0.02242190 -0.02558664
v -0.02158912 -0.02242962 -0.02559938
v -0.02180985 -0.02238266 -0.02562263
v -0.02201886 -0.02227833 -0.02564852
v -0.02216732 -0.02215558 -0.02564565
v -0.02227808 -0.02201549 -0.02567100
v -0.02235965 -0.02186028 -0.02568500
v -0.02241020 -0.02170812 -0.02569858
v -0.02242964 -0.02146671 -0.02572032
v -0.02238899 -0.02122034 -0.02574908
v -0.02246386 -0.02078914 -0.02598098
v -0.02212071 -0.02080029 -0.02577580
v -0.02184137 -0.02061695 -0.02587570
v -0.02183785 -0.02063296 -0.02581626
v -0.02125915 -0.02060474 -0.02586185
v -0.02101593 -0.02070430 -0.02589165
v -0.02062671 -0.02118682 -0.02593481
v -0.02046497 -0.02131595 -0.02605814
v -0.02054957 -0.02148295 -0.02502786
v -0.02055419 -0.02149488 -0.02496044
v -0.02063554 -0.02185097 -0.02498106
v -0.02072733 -0.02202529 -0.02502643
v -0.02085148 -0.02217341 -0.02501271
v -0.02096747 -0.02226828 -0.02505934
v -0.02116065 -0.02237269 -0.02506286
v -0.02147212 -0.02243614 -0.02508974
v -0.02178757 -0.02239113 -0.02511615
v -0.02206672 -0.02224477 -0.02514453
v -0.02225305 -0.02205292 -0.02516302
v -0.02236306 -0.02185504 -0.02520210
v -0.02240413 -0.02172908 -0.02518007
v -0.02243007 -0.02156053 -0.02522852
v -0.02242864 -0.02142169 -0.02520781
v -0.02241328 -0.02132105 -0.02523507
v -0.02238894 -0.02122378 -0.02524399
v -0.02232710 -0.02107246 -0.02527250
v -0.02219120 -0.02087710 -0.02526581
v -0.02202528 -0.02072888 -0.02532083
v -0.02220908 -0.02049286 -0.02553840
v -0.02179097 -0.02061561 -0.02530730
v -0.02149765 -0.02057041 -0.02532446
v -0.02148236 -0.02043064 -0.02566994
v -0.02118239 -0.02062918 -0.02536880
v -0.02099989 -0.02071944 -0.02538709
v -0.02083891 -0.02084941 -0.02540550
v -0.02071127 -0.02100807 -0.02543910
v -0.02061780 -0.02119829 -0.02541909
v -0.02056783 -0.02139635 -0.02548677
v -0.02083581 -0.02085035 -0.02490173
v -0.02240907 -0.02170983 -0.02468141
v -0.02057433 -0.02162260 -0.02448228
v -0.02063542 -0.02184989 -0.02448105
v -0.02072057 -0.02201316 -0.02452942
v -0.02080402 -0.02212279 -0.02450716
v -0.02091021 -0.02222571 -0.02452637
v -0.02108910 -0.02234060 -0.02456483
v -0.02132023 -0.02241664 -0.02457717
v -0.02149211 -0.02243279 -0.02459125
v -0.02163196 -0.02242449 -0.02460253
v -0.02178604 -0.02238704 -0.02461605
v -0.02192435 -0.02233147 -0.02462945
v -0.02209375 -0.02222042 -0.02464781
v -0.02220615 -0.02211363 -0.02465085
v -0.02230747 -0.02196545 -0.02467423
v -0.02236105 -0.02186074 -0.02470129
v -0.02242937 -0.02157156 -0.02472744
v -0.02242366 -0.02138950 -0.02472712
v -0.02235553 -0.02113128 -0.02475024
v -0.02226778 -0.02097879 -0.02476451
v -0.02213751 -0.02082387 -0.02477693
v -0.02194836 -0.02068817 -0.02480166
v -0.02173513 -0.02060137 -0.02483186
v -0.02146844 -0.02057174 -0.02483519
v -0.02128380 -0.02059703 -0.02487697
v -0.02104309 -0.02069034 -0.02488275
v -0.02067415 -0.02107130 -0.02493765
v -0.02243117 -0.02156722 -0.02421111
v -0.02057119 -0.02160820 -0.02396211
v -0.02062911 -0.02183433 -0.02401328
v -0.02075747 -0.02206842 -0.02401797
v -0.02091064 -0.02222463 -0.02402017
v -0.02109779 -0.02234393 -0.02406102
v -0.02129358 -0.02241115 -0.02407476
v -0.02141359 -0.02243021 -0.02408493
v -0.02158357 -0.02242931 -0.02409877
v -0.02186653 -0.02235902 -0.02412359
v -0.02203994 -0.02226158 -0.02414192
v -0.02221396 -0.02210251 -0.02416648
v -0.02235694 -0.02187280 -0.02418376
v -0.02241844 -0.02134522 -0.02421462
v -0.02236023 -0.02114442 -0.02425333
v -0.02224077 -0.02093989 -0.02426779
v -0.02209911 -0.02079182 -0.02428547
v -0.02197140 -0.02070331 -0.02429951
v -0.02184189 -0.02063831 -0.02431250
v -0.02161143 -0.02057792 -0.02432369
v -0.02135690 -0.02058267 -0.02435782
v -0.02113711 -0.02064681 -0.02437298
v -0.02096267 -0.02074456 -0.02439120
v -0.02077226 -0.02092065 -0.02441376
v -0.02066028 -0.02110800 -0.02443130
v -0.02058979 -0.02130479 -0.02445216
v -0.02077080 -0.02092252 -0.02391390
v -0.02057883 -0.02168396 -0.02347863
v -0.02069058 -0.02195794 -0.02349814
v -0.02085019 -0.02217495 -0.02352974
v -0.02110870 -0.02234894 -0.02355779
v -0.02131565 -0.02241776 -0.02356705
v -0.02157844 -0.02243283 -0.02360727
v -0.02178006 -0.02239202 -0.02359874
v -0.02194997 -0.02231779 -0.02363188
v -0.02216860 -0.02215556 -0.02365871
v -0.02233534 -0.02191501 -0.02368014
v -0.02241226 -0.02169856 -0.02368965
v -0.02243190 -0.02149114 -0.02373454
v -0.02241859 -0.02134715 -0.02371424
v -0.02236985 -0.02117257 -0.02374691
v -0.02225596 -0.02095844 -0.02377036
v -0.02209956 -0.02079170 -0.02378537
v -0.02195464 -0.02069250 -0.02380119
v -0.02183824 -0.02063678 -0.02381283
v -0.02168394 -0.02059304 -0.02382680
v -0.02153572 -0.02057378 -0.02383900
v -0.02135630 -0.02058323 -0.02383705
v -0.02117877 -0.02063034 -0.02386991
v -0.02097044 -0.02073709 -0.02389485
v -0.02063806 -0.02115679 -0.02393247
v -0.02058436 -0.02133023 -0.02396844
v -0.02057259 -0.02159476 -0.02296528
v -0.02062671 -0.02182040 -0.02299897
v -0.02066946 -0.02192542 -0.02300433
v -0.02077997 -0.02209581 -0.02300823
v -0.02091227 -0.02222644 -0.02305372
v -0.02103224 -0.02230908 -0.02303327
v -0.02131382 -0.02242304 -0.02306874
v -0.02162324 -0.02242565 -0.02310187
v -0.02182443 -0.02237583 -0.02311975
v -0.02193061 -0.02232989 -0.02313014
v -0.02209324 -0.02222181 -0.02314743
v -0.02227813 -0.02201920 -0.02316393
v -0.02237971 -0.02181127 -0.02320615
v -0.02241737 -0.02166793 -0.02318543
v -0.02243197 -0.02149972 -0.02323391
v -0.02242236 -0.02136636 -0.02321228
v -0.02237036 -0.02117345 -0.02324673
v -0.02227275 -0.02098464 -0.02326379
v -0.02220352 -0.02089202 -0.02327338
v -0.02205866 -0.02075812 -0.02329041
v -0.02189947 -0.02066067 -0.02331734
v -0.02172856 -0.02060147 -0.02332288
v -0.02147806 -0.02056970 -0.02332962
v -0.02120919 -0.02061896 -0.02336519
v -0.02102306 -0.02070455 -0.02338399
v -0.02086102 -0.02082782 -0.02340257
v -0.02069482 -0.02103364 -0.02342471
v -0.02060575 -0.02125438 -0.02344402
v -0.02057623 -0.02138763 -0.02347295
v -0.02238696 -0.02179843 -0.02269036
v -0.02046917 -0.02164505 -0.02237045
v -0.02055033 -0.02150362 -0.02252938
v -0.02062165 -0.02181056 -0.02249437
v -0.02069219 -0.02196262 -0.02250790
v -0.02078750 -0.02210462 -0.02250929
v -0.02093987 -0.02224632 -0.02253971
v -0.02107716 -0.02233084 -0.02255432
v -0.02119247 -0.02238136 -0.02256567
v -0.02132156 -0.02241529 -0.02257718
v -0.02148405 -0.02243397 -0.02259045
v -0.02168949 -0.02241667 -0.02259455
v -0.02187261 -0.02235641 -0.02262394
v -0.02203813 -0.02226268 -0.02264137
v -0.02217926 -0.02214133 -0.02267426
v -0.02225184 -0.02205592 -0.02264985
v -0.02243199 -0.02149559 -0.02271760
v -0.02240756 -0.02128818 -0.02272639
v -0.02232735 -0.02107718 -0.02275466
v -0.02221455 -0.02090754 -0.02277146
v -0.02205158 -0.02075239 -0.02279522
v -0.02186444 -0.02064760 -0.02281015
v -0.02163196 -0.02058034 -0.02283118
v -0.02134773 -0.02058402 -0.02284491
v -0.02111791 -0.02065372 -0.02287958
v -0.02094394 -0.02075623 -0.02291002
v -0.02078869 -0.02073710 -0.02297863
v -0.02045686 -0.02100473 -0.02315747
v -0.02066172 -0.02108407 -0.02292173
v -0.02057755 -0.02137070 -0.02296764
v -0.02057144 -0.02142323 -0.02196002
v -0.02124967 -0.02242176 -0.02160480
v -0.02161798 -0.02244545 -0.02162214
v -0.02193106 -0.02235251 -0.02169161
v -0.02204980 -0.02227175 -0.02160478
v -0.02216217 -0.02215874 -0.02163877
v -0.02226673 -0.02203182 -0.02166978
v -0.02237283 -0.02182808 -0.02168818
v -0.02242527 -0.02160916 -0.02170784
v -0.02242417 -0.02138800 -0.02172789
v -0.02234564 -0.02110693 -0.02175255
v -0.02214451 -0.02082756 -0.02178068
v -0.02186378 -0.02064339 -0.02181091
v -0.02153065 -0.02057041 -0.02183971
v -0.02119116 -0.02062248 -0.02186812
v -0.02093353 -0.02076303 -0.02190402
v -0.02074931 -0.02095465 -0.02191727
v -0.02066373 -0.02110068 -0.02193088
v -0.02059447 -0.02128322 -0.02194697
v -0.02092541 -0.02226381 -0.02158980
v -0.02052853 0.02053488 -0.02817856
v -0.02104251 0.02022347 -0.02817903
v -0.02182123 0.02030596 -0.02808299
v -0.02265397 0.02076291 -0.02817856
v -0.02283526 0.02129517 -0.02817883
v -0.02284081 0.02169843 -0.02817910
v -0.02227421 0.02213253 -0.02789319
v -0.02195870 0.02278431 -0.02817856
v -0.02122084 0.02260617 -0.02805763
v -0.02097010 0.02274092 -0.02817908
v -0.02040012 0.02168962 -0.02799364
v 0.02267469 0.02190285 -0.02809128
v 0.02271224 0.02086526 -0.02817855
v 0.02231009 0.02041291 -0.02817906
v 0.02165277 0.02049903 -0.02792551
v 0.02156655 0.02014612 -0.02817900
v 0.02116965 0.02018479 -0.02817902
v 0.02079691 0.02034083 -0.02817902
v 0.02039099 0.02099983 -0.02805406
v 0.02044094 0.02115537 -0.02803141
v 0.02015772 0.02132781 -0.02817903
v 0.02016777 0.02173156 -0.02817903
v 0.02075323 0.02205170 -0.02775383
v 0.02053256 0.02244193 -0.02817903
v 0.02123433 0.02282268 -0.02817903
v 0.02163756 0.02284199 -0.02817908
v 0.02253180 0.02239230 -0.02817840
v 0.02262071 -0.02167634 -0.02807003
v 0.02279504 -0.02110405 -0.02817907
v 0.02278025 -0.02193931 -0.02817897
v 0.02227246 -0.02232901 -0.02801908
v 0.02156194 -0.02285492 -0.02817903
v 0.02105776 -0.02259677 -0.02808455
v 0.02034603 -0.02223709 -0.02817856
v 0.02049035 -0.02148503 -0.02790712
v 0.02016840 -0.02126364 -0.02817903
v 0.02053491 -0.02055540 -0.02817903
v 0.02222082 -0.02034224 -0.02817856
v 0.02229730 -0.02103887 -0.02776041
v -0.02180321 -0.02283065 -0.02817931
v -0.02043470 -0.02173520 -0.02797344
v -0.02040539 -0.02229808 -0.02817904
v -0.02104371 -0.02277714 -0.02817909
v -0.02148576 -0.02257790 -0.02795085
v -0.02210025 -0.02236892 -0.02796000
v -0.02251978 -0.02239308 -0.02817899
v -0.02260539 -0.02205712 -0.02809648
v -0.02196517 -0.02021761 -0.02817861
v -0.02143291 -0.02049165 -0.02790183
v -0.02087561 -0.02083586 -0.02769550
v -0.02046681 -0.02060953 -0.02817855
v -0.02021071 -0.02110429 -0.02817883
v 0.02080362 0.01497328 -0.02807935
v 0.02080366 0.01601960 -0.02807935
v 0.02379094 0.01678416 -0.02807468
v 0.02215093 0.01495333 -0.02692854
v 0.02231790 0.01368459 -0.02807792
v 0.02147545 0.01404944 -0.02807902
v 0.02096389 0.01458100 -0.02807765
v 0.02189380 0.01563466 -0.02692941
v 0.02159983 0.01530814 -0.02721654
v 0.02200866 0.01588834 -0.02692920
v 0.02085521 0.01621915 -0.02807713
v 0.02222837 0.01605569 -0.02692941
v 0.02249132 0.01612778 -0.02692917
v 0.02164576 0.01706531 -0.02807899
v 0.02256036 0.01728741 -0.02807794
v 0.02276780 0.01605722 -0.02692941
v 0.02298961 0.01589645 -0.02692918
v 0.02313439 0.01543737 -0.02692868
v 0.02424210 0.01584678 -0.02807912
v 0.02402928 0.01522251 -0.02799576
v 0.02298554 0.01510891 -0.02692941
v 0.02270169 0.01488537 -0.02692850
v 0.02404235 0.01458131 -0.02807788
v 0.02325449 0.01387779 -0.02807683
v 0.02359416 0.01566134 -0.02692932
v 0.02465997 0.01617001 -0.02807899
v 0.02405696 0.01665691 -0.02773028
v 0.02081160 0.01603527 -0.02758564
v 0.02027480 0.01583173 -0.02807938
v 0.02024967 0.01549638 -0.02807938
v 0.02121596 0.01441171 -0.02750418
v 0.02137467 0.01354782 -0.02807938
v 0.02167766 0.01340192 -0.02807938
v 0.02199900 0.01330279 -0.02807938
v 0.02233153 0.01325267 -0.02807938
v 0.02300035 0.01330279 -0.02807938
v 0.02362467 0.01354782 -0.02807938
v 0.02390253 0.01373726 -0.02807938
v 0.02414904 0.01396599 -0.02807938
v 0.02452685 0.01452014 -0.02807938
v 0.02464971 0.01483318 -0.02807938
v 0.02154366 0.01605600 -0.02692921
v 0.02139430 0.01541383 -0.02692919
v 0.02199864 0.01449585 -0.02692864
v 0.02474607 0.01516666 -0.02807712
v 0.02435924 0.01422111 -0.02807877
v 0.02354019 0.01501528 -0.02692514
v 0.02331773 0.01339517 -0.02807877
v 0.02266205 0.01324740 -0.02807877
v 0.02261552 0.01434547 -0.02691921
v 0.02090233 0.01496025 -0.02750382
v 0.02134305 0.01671274 -0.02750423
v 0.02175297 0.01699962 -0.02750423
v 0.02222923 0.01715293 -0.02750423
v 0.02272246 0.01710691 -0.02745199
v 0.02322810 0.01705784 -0.02754845
v 0.02342802 0.01609552 -0.02692941
v 0.02161228 -0.01396649 -0.02807935
v 0.02074459 -0.01576809 -0.02807936
v 0.02121785 -0.01678107 -0.02807509
v 0.02187306 -0.01554844 -0.02692918
v 0.02198457 -0.01585778 -0.02692931
v 0.02225602 -0.01608001 -0.02692930
v 0.02271417 -0.01491298 -0.02692868
v 0.02390060 -0.01433337 -0.02807603
v 0.02308699 -0.01525167 -0.02692850
v 0.02300312 -0.01591342 -0.02692744
v 0.02429043 -0.01546765 -0.02807723
v 0.02408912 -0.01631848 -0.02807894
v 0.02347011 -0.01700108 -0.02807744
v 0.02250196 -0.01612973 -0.02692912
v 0.02285320 -0.01725454 -0.02807899
v 0.02219672 -0.01725387 -0.02807909
v 0.02195987 -0.01518489 -0.02692917
v 0.02073137 -0.01532488 -0.02807912
v 0.02096765 -0.01456677 -0.02807823
v 0.02229275 -0.01489594 -0.02692851
v 0.02248955 -0.01366704 -0.02807596
v 0.02406230 -0.01533369 -0.02738879
v 0.02467515 -0.01489408 -0.02807907
v 0.02452685 -0.01452738 -0.02807938
v 0.02435871 -0.01423615 -0.02807938
v 0.02414904 -0.01397323 -0.02807938
v 0.02390253 -0.01374450 -0.02807938
v 0.02362467 -0.01355506 -0.02807938
v 0.02332169 -0.01340915 -0.02807938
v 0.02300035 -0.01331003 -0.02807938
v 0.02266782 -0.01325991 -0.02807938
v 0.02233153 -0.01325991 -0.02807938
v 0.02167766 -0.01340915 -0.02807938
v 0.02024967 -0.01550362 -0.02807938
v 0.02027480 -0.01583896 -0.02807938
v 0.02296953 -0.01651916 -0.02692864
v 0.02249303 -0.01661136 -0.02692921
v 0.02157118 -0.01690190 -0.02750423
v 0.02162947 -0.01618909 -0.02692921
v 0.02139246 -0.01558210 -0.02692920
v 0.02154413 -0.01494006 -0.02692922
v 0.02218642 -0.01442939 -0.02692864
v 0.02338157 -0.01481329 -0.02692875
v 0.02399232 -0.01604054 -0.02738744
v 0.02371409 -0.01673982 -0.02754801
v 0.02327004 -0.01762753 -0.02807912
v 0.02260984 -0.01776019 -0.02807907
v 0.02202459 -0.01711346 -0.02750423
v 0.02087730 -0.01643347 -0.02767230
v 0.02139238 -0.01537113 -0.02692831
v 0.02094095 -0.01458144 -0.02758174
v 0.02109975 -0.01371154 -0.02807802
v 0.02199780 -0.01330475 -0.02807879
v 0.02279425 -0.01442819 -0.02692893
v 0.02276240 -0.01425334 -0.02710415
v 0.02342106 -0.01461859 -0.02710415
v -0.02091102 -0.01631888 -0.02807894
v -0.02398052 -0.01648881 -0.02807886
v -0.02397551 -0.01443143 -0.02807568
v -0.02228827 -0.01610167 -0.02692894
v -0.02272642 -0.01608641 -0.02692931
v -0.02301621 -0.01515192 -0.02692930
v -0.02254700 -0.01488100 -0.02692930
v -0.02214883 -0.01496321 -0.02692857
v -0.02251321 -0.01366995 -0.02807491
v -0.02147610 -0.01405668 -0.02807902
v -0.02185866 -0.01544150 -0.02692857
v -0.02108249 -0.01443191 -0.02807912
v -0.02082959 -0.01489744 -0.02807912
v -0.02071900 -0.01558239 -0.02807745
v -0.02199369 -0.01587511 -0.02692911
v -0.02152650 -0.01701241 -0.02807823
v -0.02228111 -0.01726741 -0.02807917
v -0.02304637 -0.01584564 -0.02692868
v -0.02324915 -0.01715620 -0.02807343
v -0.02422304 -0.01593652 -0.02807909
v -0.02311846 -0.01539027 -0.02692911
v -0.02427557 -0.01541681 -0.02807917
v -0.02279560 -0.01494910 -0.02692911
v -0.02025033 -0.01550362 -0.02807938
v -0.02027546 -0.01583896 -0.02807938
v -0.02055541 -0.01665370 -0.02807870
v -0.02122832 -0.01569534 -0.02711541
v -0.02146548 -0.01605368 -0.02692508
v -0.02109480 -0.01727724 -0.02807912
v -0.02244097 -0.01660632 -0.02692941
v -0.02172991 -0.01762752 -0.02807912
v -0.02218584 -0.01710914 -0.02745145
v -0.02290601 -0.01712864 -0.02750440
v -0.02339009 -0.01697479 -0.02754860
v -0.02396847 -0.01649651 -0.02758561
v -0.02362842 -0.01562254 -0.02692786
v -0.02478225 -0.01544605 -0.02807787
v -0.02450959 -0.01447078 -0.02807899
v -0.02303184 -0.01453570 -0.02692941
v -0.02361283 -0.01465398 -0.02721653
v -0.02357858 -0.01351836 -0.02807899
v -0.02258408 -0.01410551 -0.02721647
v -0.02191305 -0.01330064 -0.02807793
v -0.02126309 -0.01359535 -0.02807711
v -0.02143663 -0.01520473 -0.02692941
v -0.02060123 -0.01427997 -0.02807899
v -0.02141386 -0.01468869 -0.02713508
v -0.02089161 0.01455797 -0.02807231
v -0.02439192 0.01548236 -0.02806879
v -0.02314883 0.01384421 -0.02807935
v -0.02269109 0.01488327 -0.02692861
v -0.02266192 0.01370100 -0.02807699
v -0.02304600 0.01518410 -0.02692919
v -0.02312409 0.01556110 -0.02692922
v -0.02297924 0.01590124 -0.02692922
v -0.02275619 0.01606412 -0.02692938
v -0.02231108 0.01611296 -0.02692719
v -0.02347002 0.01700876 -0.02807823
v -0.02245817 0.01729163 -0.02807851
v -0.02168789 0.01707713 -0.02807912
v -0.02187170 0.01561901 -0.02692840
v -0.02108491 0.01659810 -0.02807788
v -0.02076039 0.01585381 -0.02807909
v -0.02195693 0.01518972 -0.02692933
v -0.02213850 0.01499536 -0.02693002
v -0.02228887 0.01491202 -0.02692945
v -0.02025033 0.01549638 -0.02807938
v -0.02027546 0.01583173 -0.02807938
v -0.02031018 0.01474340 -0.02807357
v -0.02139689 0.01527735 -0.02692863
v -0.02163840 0.01480053 -0.02692921
v -0.02250697 0.01438864 -0.02692921
v -0.02361474 0.01559725 -0.02692864
v -0.02232482 0.01659176 -0.02692922
v -0.02160455 0.01421587 -0.02738931
v -0.02211237 0.01373277 -0.02761849
v -0.02309298 0.01422077 -0.02721590
v -0.02398516 0.01376652 -0.02807775
v -0.02399130 0.01486395 -0.02742032
v -0.02421199 0.01638838 -0.02771263
v -0.02357866 0.01748179 -0.02807916
v -0.02306865 0.01676314 -0.02717705
v -0.02193482 0.01730164 -0.02769485
v -0.02130536 0.01693130 -0.02769591
v -0.02101125 0.01621348 -0.02747002
v 0.00099967 -0.02500362 -0.02797938
v 0.00113147 -0.02554866 -0.02817795
v 0.00118627 -0.02482477 -0.02817938
v 0.00103735 -0.02468354 -0.02812242
v 0.00066789 -0.02399816 -0.02815938
v -0.00071086 -0.02396145 -0.02817768
v -0.00121080 -0.02488688 -0.02817922
v -0.00102853 -0.02567108 -0.02817905
v -0.00060033 -0.02604285 -0.02817938
v -0.00043873 -0.02612067 -0.02817938
v -0.00002628 -0.02621942 -0.02817920
v 0.00043808 -0.02612067 -0.02817938
v 0.00059967 -0.02604285 -0.02817938
v 0.00098851 -0.02515266 -0.02797938
v 0.00095525 -0.02529837 -0.02797938
v 0.00090064 -0.02543750 -0.02797938
v 0.00082591 -0.02556694 -0.02797938
v 0.00073273 -0.02568379 -0.02797938
v 0.00062316 -0.02578545 -0.02797938
v 0.00049967 -0.02586965 -0.02797938
v 0.00036502 -0.02593449 -0.02797938
v 0.00022220 -0.02597855 -0.02797938
v 0.00007440 -0.02600082 -0.02797938
v -0.00007506 -0.02600082 -0.02797938
v -0.00022285 -0.02597855 -0.02797938
v -0.00036567 -0.02593449 -0.02797938
v -0.00050033 -0.02586965 -0.02797938
v -0.00062381 -0.02578545 -0.02797938
v -0.00073338 -0.02568379 -0.02797938
v -0.00082656 -0.02556694 -0.02797938
v -0.00090129 -0.02543750 -0.02797938
v -0.00095590 -0.02529837 -0.02797938
v -0.00098916 -0.02515266 -0.02797938
v -0.00100033 -0.02500362 -0.02797938
v -0.00098916 -0.02485458 -0.02797938
v -0.00095590 -0.02470886 -0.02797938
v -0.00090129 -0.02456973 -0.02797938
v -0.00082656 -0.02444030 -0.02797938
v -0.00073338 -0.02432345 -0.02797938
v -0.00062381 -0.02422179 -0.02797938
v -0.00050033 -0.02413759 -0.02797938
v -0.00036567 -0.02407275 -0.02797938
v -0.00022285 -0.02402869 -0.02797938
v -0.00007506 -0.02400642 -0.02797938
v 0.00007440 -0.02400642 -0.02797938
v 0.00022220 -0.02402869 -0.02797938
v 0.00036502 -0.02407275 -0.02797938
v 0.00062316 -0.02422179 -0.02797938
v 0.00073273 -0.02432345 -0.02797938
v 0.00082591 -0.02444030 -0.02797938
v 0.00090064 -0.02456973 -0.02797938
v 0.00098851 -0.02485458 -0.02797938
v 0.00099967 -0.02500362 -0.02157938
v 0.00098851 -0.02485458 -0.02157938
v 0.00095525 -0.02470886 -0.02157938
v 0.00090064 -0.02456973 -0.02157938
v 0.00082591 -0.02444030 -0.02157938
v 0.00073273 -0.02432345 -0.02157938
v 0.00062316 -0.02422179 -0.02157938
v 0.00049967 -0.02413759 -0.02157938
v 0.00036502 -0.02407275 -0.02157938
v 0.00022220 -0.02402869 -0.02157938
v 0.00007440 -0.02400642 -0.02157938
v -0.00007506 -0.02400642 -0.02157938
v -0.00022285 -0.02402869 -0.02157938
v -0.00036567 -0.02407275 -0.02157938
v -0.00050033 -0.02413759 -0.02157938
v -0.00062381 -0.02422179 -0.02157938
v -0.00073338 -0.02432345 -0.02157938
v -0.00082656 -0.02444030 -0.02157938
v -0.00090129 -0.02456973 -0.02157938
v -0.00095590 -0.02470886 -0.02157938
v -0.00098916 -0.02485458 -0.02157938
v -0.00100033 -0.02500362 -0.02157938
v -0.00098916 -0.02515266 -0.02157938
v -0.00095590 -0.02529837 -0.02157938
v -0.00090129 -0.02543750 -0.02157938
v -0.00082656 -0.02556694 -0.02157938
v -0.00073338 -0.02568379 -0.02157938
v -0.00062381 -0.02578545 -0.02157938
v -0.00050033 -0.02586965 -0.02157938
v -0.00036567 -0.02593449 -0.02157938
v -0.00022285 -0.02597855 -0.02157938
v -0.00007506 -0.02600082 -0.02157938
v 0.00007440 -0.02600082 -0.02157938
v 0.00022220 -0.02597855 -0.02157938
v 0.00036502 -0.02593449 -0.02157938
v 0.00049967 -0.02586965 -0.02157938
v 0.00062316 -0.02578545 -0.02157938
v 0.00073273 -0.02568379 -0.02157938
v 0.00082591 -0.02556694 -0.02157938
v 0.00090064 -0.02543750 -0.02157938
v 0.00095525 -0.02529837 -0.02157938
v 0.00098851 -0.02515266 -0.02157938
v 0.00099967 0.02499638 -0.02797938
v 0.00120058 0.02508638 -0.02817936
v 0.00099664 0.02570967 -0.02817905
v 0.00059967 0.02603561 -0.02817938
v 0.00043808 0.02611343 -0.02817938
v -0.00000033 0.02620980 -0.02817924
v -0.00043873 0.02611343 -0.02817938
v -0.00060033 0.02603561 -0.02817938
v -0.00074851 0.02593458 -0.02817938
v -0.00079637 0.02573499 -0.02812242
v -0.00108742 0.02551990 -0.02817934
v -0.00120033 0.02499638 -0.02817938
v -0.00186461 0.02453723 -0.02824463
v -0.00073886 0.02396738 -0.02817733
v 0.00008083 0.02391350 -0.02812242
v 0.00026670 0.02382647 -0.02817938
v 0.00080761 0.02408747 -0.02817922
v 0.00097806 0.02452522 -0.02812242
v 0.00114636 0.02464267 -0.02817938
v 0.00107347 0.02483453 -0.02812242
v 0.00095525 0.02470163 -0.02797938
v 0.00082591 0.02443306 -0.02797938
v 0.00073273 0.02431621 -0.02797938
v 0.00062316 0.02421455 -0.02797938
v 0.00049967 0.02413036 -0.02797938
v 0.00039640 0.02398553 -0.02812242
v 0.00022220 0.02402145 -0.02797938
v -0.00007506 0.02399918 -0.02797938
v -0.00022285 0.02402145 -0.02797938
v -0.00036567 0.02406551 -0.02797938
v -0.00050033 0.02413036 -0.02797938
v -0.00062381 0.02421455 -0.02797938
v -0.00073338 0.02431621 -0.02797938
v -0.00082656 0.02443306 -0.02797938
v -0.00090129 0.02456250 -0.02797938
v -0.00095590 0.02470163 -0.02797938
v -0.00107412 0.02483453 -0.02812242
v -0.00100033 0.02499638 -0.02797938
v -0.00107412 0.02515823 -0.02812242
v -0.00095590 0.02529114 -0.02797938
v -0.00090129 0.02543026 -0.02797938
v -0.00082656 0.02555970 -0.02797938
v -0.00062381 0.02577821 -0.02797938
v -0.00050033 0.02586241 -0.02797938
v -0.00036567 0.02592725 -0.02797938
v -0.00022285 0.02597131 -0.02797938
v -0.00007506 0.02599359 -0.02797938
v 0.00007440 0.02599359 -0.02797938
v 0.00022220 0.02597131 -0.02797938
v 0.00036502 0.02592725 -0.02797938
v 0.00049967 0.02586241 -0.02797938
v 0.00062316 0.02577821 -0.02797938
v 0.00073273 0.02567655 -0.02797938
v 0.00082591 0.02555970 -0.02797938
v 0.00090064 0.02543026 -0.02797938
v 0.00095525 0.02529114 -0.02797938
v 0.00098851 0.02514542 -0.02797938
v 0.00099967 0.02499638 -0.02157938
v 0.00098851 0.02484734 -0.02157938
v 0.00095525 0.02470163 -0.02157938
v 0.00090064 0.02456250 -0.02157938
v 0.00082591 0.02443306 -0.02157938
v 0.00073273 0.02431621 -0.02157938
v 0.00062316 0.02421455 -0.02157938
v 0.00049967 0.02413036 -0.02157938
v 0.00036502 0.02406551 -0.02157938
v 0.00022220 0.02402145 -0.02157938
v 0.00007440 0.02399918 -0.02157938
v -0.00007506 0.02399918 -0.02157938
v -0.00022285 0.02402145 -0.02157938
v -0.00036567 0.02406551 -0.02157938
v -0.00050033 0.02413036 -0.02157938
v -0.00062381 0.02421455 -0.02157938
v -0.00073338 0.02431621 -0.02157938
v -0.00082656 0.02443306 -0.02157938
v -0.00090129 0.02456250 -0.02157938
v -0.00095590 0.02470163 -0.02157938
v -0.00098916 0.02484734 -0.02157938
v -0.00100033 0.02499638 -0.02157938
v -0.00098916 0.02514542 -0.02157938
v -0.00095590 0.02529114 -0.02157938
v -0.00090129 0.02543026 -0.02157938
v -0.00082656 0.02555970 -0.02157938
v -0.00073338 0.02567655 -0.02157938
v -0.00062381 0.02577821 -0.02157938
v -0.00050033 0.02586241 -0.02157938
v -0.00036567 0.02592725 -0.02157938
v -0.00022285 0.02597131 -0.02157938
v -0.00007506 0.02599359 -0.02157938
v 0.00007440 0.02599359 -0.02157938
v 0.00022220 0.02597131 -0.02157938
v 0.00036502 0.02592725 -0.02157938
v 0.00049967 0.02586241 -0.02157938
v 0.00062316 0.02577821 -0.02157938
v 0.00073273 0.02567655 -0.02157938
v 0.00082591 0.02555970 -0.02157938
v 0.00090064 0.02543026 -0.02157938
v 0.00095525 0.02529114 -0.02157938
v 0.00098851 0.02514542 -0.02157938
v -0.03175523 -0.00408749 -0.02206295
v -0.03417524 -0.00223054 -0.02171132
v -0.03200132 0.00067855 -0.02032754
v -0.03200132 0.00247819 -0.02249939
v -0.03200132 0.00211673 -0.02453123
v -0.03200132 -0.00000362 -0.02558136
v -0.03200132 -0.00157620 -0.02498234
v -0.03200132 -0.00253143 -0.02352552
v -0.03700132 -0.00218157 -0.02457424
v -0.03700132 -0.00150625 -0.02091341
v -0.03700132 0.00050834 -0.02050765
v -0.03700132 0.00272270 -0.02253061
v -0.03700132 0.00083620 -0.02551670
v -0.02564903 0.00176299 -0.01903052
v -0.02720430 -0.00000362 -0.01906538
v -0.02717208 -0.00150462 -0.01906538
v -0.02737022 0.00155456 -0.01926012
v -0.02736988 0.00150535 -0.01923692
v -0.02736382 0.00150510 -0.01920903
v -0.02735385 0.00150470 -0.01918230
v -0.02734019 0.00150415 -0.01915725
v -0.02732310 0.00150346 -0.01913441
v -0.02730294 0.00150265 -0.01911423
v -0.02728012 0.00150173 -0.01909713
v -0.02722838 0.00149965 -0.01907348
v -0.02720051 0.00149853 -0.01906742
v -0.02751686 0.00079269 -0.02001171
v -0.02755555 -0.00074722 -0.02001206
v -0.02735023 -0.00168625 -0.01918666
v -0.02735385 -0.00151194 -0.01918230
v -0.02734019 -0.00151139 -0.01915725
v -0.02732310 -0.00151070 -0.01913441
v -0.02730294 -0.00150989 -0.01911423
v -0.02728012 -0.00150897 -0.01909713
v -0.02725509 -0.00150796 -0.01908345
v -0.02722838 -0.00150689 -0.01907348
v -0.02720051 -0.00150576 -0.01906742
v -0.02722739 -0.00050445 -0.01906742
v -0.02725527 -0.00050483 -0.01907348
v -0.02728201 -0.00050519 -0.01908345
v -0.02730705 -0.00050552 -0.01909713
v -0.02732989 -0.00050583 -0.01911423
v -0.02735007 -0.00050610 -0.01913441
v -0.02736717 -0.00050633 -0.01915725
v -0.02738084 -0.00050651 -0.01918230
v -0.02739081 -0.00050665 -0.01920903
v -0.02722739 0.00049722 -0.01906742
v -0.02725527 0.00049759 -0.01907348
v -0.02728201 0.00049795 -0.01908345
v -0.02730705 0.00049829 -0.01909713
v -0.02732989 0.00049859 -0.01911423
v -0.02735007 0.00049886 -0.01913441
v -0.02736717 0.00049909 -0.01915725
v -0.02738084 0.00049928 -0.01918230
v -0.02739081 0.00049941 -0.01920903
v -0.01978377 -0.02540785 -0.02801271
v -0.01996844 -0.02392870 -0.02803323
v -0.02014999 -0.02493714 -0.02802938
v -0.01982587 -0.02534579 -0.02803438
v 0.02355314 -0.01952728 -0.02804605
v 0.01952306 -0.02355679 -0.02802938
v 0.01925019 -0.02318783 -0.02803938
v 0.01911698 -0.02299726 -0.02805211
v 0.01892669 -0.02263851 -0.02805211
v 0.01879006 -0.02225610 -0.02805211
v 0.01865529 -0.02132485 -0.02807938
v 0.01871069 -0.02091706 -0.02807938
v 0.01891045 -0.02039582 -0.02804188
v 0.01899359 -0.02014641 -0.02807938
v 0.01933860 -0.01963430 -0.02803323
v 0.02013309 -0.01898024 -0.02803201
v 0.02105131 -0.01868467 -0.02804605
v 0.02227709 -0.01875715 -0.02804938
v 0.02327541 -0.01931925 -0.02806063
v 0.02003432 -0.02396406 -0.02804188
v 0.01866069 -0.02144650 -0.02802938
v 0.01994051 0.02389696 -0.02803271
v 0.02355284 0.01951976 -0.02804605
v 0.02253244 0.01884009 -0.02803652
v 0.02152680 0.01863913 -0.02803393
v 0.02051755 0.01882095 -0.02802938
v 0.01938679 0.01962903 -0.02805211
v 0.01921519 0.01979238 -0.02807938
v 0.01890196 0.02030280 -0.02801574
v 0.01882424 0.02051425 -0.02807938
v 0.01871069 0.02090982 -0.02807938
v 0.01865529 0.02131761 -0.02807938
v 0.01862580 0.02152239 -0.02801784
v 0.01890498 0.02272767 -0.02802313
v 0.01942059 0.02345212 -0.02801271
v 0.01979567 0.01921189 -0.02803652
v -0.01975265 0.02535920 -0.02802938
v -0.02000947 0.02515367 -0.02802938
v -0.02025899 0.02430943 -0.02804605
v -0.02020090 0.02434718 -0.02802938
v -0.01992694 0.02388811 -0.02804438
v 0.02299322 -0.01918916 -0.02807938
v 0.02286051 -0.01903978 -0.02806271
v 0.02194284 -0.01878257 -0.02802938
v 0.02169948 -0.01869604 -0.02806271
v 0.02073891 -0.01885354 -0.02807938
v 0.02001508 -0.01918033 -0.02807938
v 0.01933062 -0.01979103 -0.02805938
v 0.01885420 -0.02074418 -0.02807938
v 0.01874748 -0.02152976 -0.02807938
v 0.01920900 -0.02302943 -0.02807938
v -0.02003961 -0.02385795 -0.02808605
v -0.02015139 -0.02399903 -0.02807938
v -0.02020655 -0.02422795 -0.02803938
v -0.02027688 -0.02426169 -0.02807938
v -0.02026485 -0.02449686 -0.02804605
v -0.02032272 -0.02454917 -0.02807938
v -0.02024449 -0.02477130 -0.02803938
v -0.02028516 -0.02483783 -0.02805938
v -0.02020613 -0.02504203 -0.02805938
v -0.02003357 -0.02527740 -0.02807029
v -0.01965782 -0.02552076 -0.02805630
v -0.01996763 0.02379424 -0.02804997
v -0.02005486 0.02395430 -0.02803271
v -0.02022359 0.02411860 -0.02806510
v -0.02027688 0.02425445 -0.02809938
v -0.02032374 0.02461507 -0.02807938
v -0.02025085 0.02473291 -0.02804409
v -0.02020613 0.02503479 -0.02805211
v -0.02003357 0.02527016 -0.02807029
v -0.01980135 0.02544693 -0.02805938
v -0.01946385 0.02557166 -0.02807938
v 0.02373484 0.01989433 -0.02797938
v 0.02378856 0.01986041 -0.02807069
v 0.02320936 0.01928800 -0.02806271
v 0.02275074 0.01897601 -0.02805585
v 0.02198042 0.01872396 -0.02805833
v 0.02092195 0.01876394 -0.02806271
v 0.02016705 0.01904198 -0.02806271
v 0.01955513 0.01955184 -0.02807938
v 0.01891812 0.02054871 -0.02809938
v 0.01876765 0.02112522 -0.02807169
v 0.01877519 0.02191936 -0.02808847
v 0.01900879 0.02267841 -0.02807169
v 0.01947398 0.02337148 -0.02808526
v 0.01698372 0.00023761 0.01305003
v 0.01707358 0.00011464 0.01306048
v 0.01704256 -0.00022379 0.01307521
v 0.01707682 -0.00024021 0.01312062
v 0.01692169 -0.00023588 0.01300059
v 0.01706224 -0.00002631 0.01303262
v -0.02529268 -0.00000362 -0.00478723
v -0.02529673 -0.00000362 -0.00482913
v -0.02530660 -0.00000362 -0.00487005
v -0.02532211 -0.00000362 -0.00490918
v -0.02534293 -0.00000362 -0.00494575
v -0.02536868 -0.00000362 -0.00497906
v -0.02539883 -0.00000362 -0.00500843
v -0.02543279 -0.00000362 -0.00503329
v -0.02546990 -0.00000362 -0.00505315
v -0.02550942 -0.00000362 -0.00506763
v -0.02555059 -0.00000362 -0.00507643
v -0.02559257 -0.00000362 -0.00507938
v -0.02539860 0.00314137 -0.00507938
v -0.00236168 0.02547946 -0.00507938
v 0.00078779 0.02557649 -0.00507938
v 0.00392531 0.02528576 -0.00507938
v 0.00700333 0.02461166 -0.00507938
v 0.00997517 0.02356442 -0.00507938
v 0.01279580 0.02215992 -0.00507938
v 0.01542245 0.02041944 -0.00507938
v 0.01781531 0.01836936 -0.00507938
v 0.01993810 0.01604077 -0.00507938
v 0.02175864 0.01346896 -0.00507938
v 0.02324934 0.01069293 -0.00507938
v 0.02438760 0.00775474 -0.00507938
v 0.02515616 0.00469894 -0.00507938
v 0.02554338 0.00157186 -0.00507938
v 0.02554338 -0.00157910 -0.00507938
v 0.02515616 -0.00470618 -0.00507938
v 0.02438760 -0.00776198 -0.00507938
v 0.02324934 -0.01070016 -0.00507938
v 0.02175864 -0.01347620 -0.00507938
v 0.01993810 -0.01604801 -0.00507938
v 0.01781531 -0.01837660 -0.00507938
v 0.01542245 -0.02042667 -0.00507938
v 0.01279580 -0.02216716 -0.00507938
v 0.00997517 -0.02357166 -0.00507938
v 0.00700333 -0.02461890 -0.00507938
v 0.00392531 -0.02529299 -0.00507938
v 0.00078779 -0.02558373 -0.00507938
v -0.00547152 -0.02499908 -0.00508251
v -0.00968599 -0.02362852 -0.00494932
v -0.01293473 -0.02203893 -0.00507627
v -0.02291081 -0.01164906 -0.00512864
v -0.02382247 -0.00923716 -0.00508051
v -0.02481961 -0.00624592 -0.00507938
v -0.02539860 -0.00314861 -0.00507938
v -0.02509324 -0.00317359 -0.00478723
v -0.02218646 -0.01214164 -0.00482693
v -0.01843766 -0.01731742 -0.00478723
v -0.01366840 -0.02129050 -0.00484898
v -0.00796689 -0.02401560 -0.00484874
v -0.00158845 -0.02524606 -0.00478723
v -0.02509324 0.00316635 -0.00478723
v -0.02510499 -0.00311225 -0.00482913
v -0.02511479 -0.00311346 -0.00487005
v -0.02513018 -0.00311537 -0.00490918
v -0.02515085 -0.00311793 -0.00494575
v -0.02517640 -0.00312109 -0.00497906
v -0.02520632 -0.00312480 -0.00500843
v -0.02524003 -0.00312897 -0.00503329
v -0.02527685 -0.00313353 -0.00505315
v -0.02531608 -0.00313839 -0.00506763
v -0.02535693 -0.00314345 -0.00507643
v -0.02457243 -0.00625503 -0.00491361
v -0.02477889 -0.00623568 -0.00507643
v -0.01883879 -0.01717630 -0.00507118
v -0.01645121 -0.01939503 -0.00500020
v -0.00380342 -0.02519343 -0.00499739
v 0.00141290 -0.02529559 -0.00494270
v 0.00078006 -0.02549686 -0.00506830
v 0.00159659 -0.02538590 -0.00503329
v 0.00159892 -0.02542293 -0.00505315
v 0.00160140 -0.02546238 -0.00506763
v 0.00160399 -0.02550346 -0.00507643
v 0.00373762 -0.02512012 -0.00498765
v 0.00390080 -0.02513510 -0.00503329
v 0.00390649 -0.02517177 -0.00505315
v 0.00391256 -0.02521083 -0.00506763
v 0.00391887 -0.02525150 -0.00507643
v 0.00471619 -0.02486777 -0.00488541
v 0.00475888 -0.02495224 -0.00500843
v 0.00476524 -0.02498561 -0.00503329
v 0.00477220 -0.02502206 -0.00505315
v 0.00477960 -0.02506088 -0.00506763
v 0.00478732 -0.02510131 -0.00507643
v 0.00723814 -0.02429770 -0.00493468
v 0.00695960 -0.02446522 -0.00503329
v 0.00696975 -0.02450091 -0.00505315
v 0.00698057 -0.02453892 -0.00506763
v 0.00699184 -0.02457851 -0.00507643
v 0.00784824 -0.02415903 -0.00500843
v 0.00785874 -0.02419133 -0.00503329
v 0.00787021 -0.02422662 -0.00505315
v 0.00788242 -0.02426421 -0.00506763
v 0.00789514 -0.02430336 -0.00507643
v 0.00989965 -0.02339324 -0.00500843
v 0.00991289 -0.02342452 -0.00503329
v 0.00992735 -0.02345869 -0.00505315
v 0.01039960 -0.02330457 -0.00506759
v 0.00995881 -0.02353299 -0.00507643
v 0.01076202 -0.02290630 -0.00488199
v 0.01081383 -0.02298487 -0.00500843
v 0.01082829 -0.02301560 -0.00503329
v 0.01084409 -0.02304918 -0.00505315
v 0.01087845 -0.02312219 -0.00507643
v 0.01293147 -0.02181375 -0.00493788
v 0.01271591 -0.02202878 -0.00503329
v 0.01273446 -0.02206092 -0.00505315
v 0.01275422 -0.02209515 -0.00506763
v 0.01277480 -0.02213079 -0.00507643
v 0.01360887 -0.02144828 -0.00500843
v 0.01362707 -0.02147696 -0.00503329
v 0.01364696 -0.02150829 -0.00505315
v 0.01366813 -0.02154166 -0.00506763
v 0.01369019 -0.02157642 -0.00507643
v 0.01530569 -0.02027206 -0.00500843
v 0.01532616 -0.02029916 -0.00503329
v 0.01534852 -0.02032878 -0.00505315
v 0.01537234 -0.02036032 -0.00506763
v 0.01539715 -0.02039317 -0.00507643
v 0.01611323 -0.01951721 -0.00488376
v 0.01618929 -0.01957350 -0.00500843
v 0.01621094 -0.01959967 -0.00503329
v 0.01623459 -0.01962826 -0.00505315
v 0.01625979 -0.01965872 -0.00506763
v 0.01628602 -0.01969043 -0.00507643
v 0.01790383 -0.01795264 -0.00493541
v 0.01770408 -0.01826189 -0.00503329
v 0.01772991 -0.01828853 -0.00505315
v 0.01775742 -0.01831690 -0.00506763
v 0.01778608 -0.01834645 -0.00507643
v 0.01851438 -0.01739009 -0.00500843
v 0.01853914 -0.01741334 -0.00503329
v 0.01856619 -0.01743874 -0.00505315
v 0.01859501 -0.01746580 -0.00506763
v 0.01862501 -0.01749397 -0.00507643
v 0.01981361 -0.01594784 -0.00503329
v 0.01984252 -0.01597110 -0.00505315
v 0.01987332 -0.01599588 -0.00506763
v 0.01990538 -0.01602169 -0.00507643
v 0.01997027 -0.01562796 -0.00494024
v 0.02057497 -0.01495245 -0.00503329
v 0.02060499 -0.01497426 -0.00505315
v 0.02063697 -0.01499749 -0.00506763
v 0.02067027 -0.01502168 -0.00507643
v 0.02150221 -0.01351334 -0.00499250
v 0.02162279 -0.01339209 -0.00503329
v 0.02165434 -0.01341162 -0.00505315
v 0.02168795 -0.01343243 -0.00506763
v 0.02172294 -0.01345410 -0.00507643
v 0.02228631 -0.01225580 -0.00503329
v 0.02231883 -0.01227368 -0.00505315
v 0.02235347 -0.01229272 -0.00506763
v 0.02238954 -0.01231255 -0.00507643
v 0.02300094 -0.01076545 -0.00499283
v 0.02310419 -0.01063338 -0.00503329
v 0.02313790 -0.01064889 -0.00505315
v 0.02317380 -0.01066541 -0.00506763
v 0.02321120 -0.01068261 -0.00507643
v 0.02299389 -0.01068067 -0.00488947
v 0.02364618 -0.00936593 -0.00503329
v 0.02368069 -0.00937959 -0.00505315
v 0.02371743 -0.00939414 -0.00506763
v 0.02375570 -0.00940930 -0.00507643
v 0.02420297 -0.00770324 -0.00500843
v 0.02423534 -0.00771354 -0.00503329
v 0.02427070 -0.00772479 -0.00505315
v 0.02430836 -0.00773677 -0.00506763
v 0.02434759 -0.00774925 -0.00507643
v 0.02460023 -0.00631997 -0.00500843
v 0.02463313 -0.00632842 -0.00503329
v 0.02466908 -0.00633764 -0.00505315
v 0.02470736 -0.00634747 -0.00506763
v 0.02474722 -0.00635771 -0.00507643
v 0.02482682 -0.00514040 -0.00493151
v 0.02499910 -0.00467682 -0.00503329
v 0.02503558 -0.00468364 -0.00505315
v 0.02507443 -0.00469090 -0.00506763
v 0.02511489 -0.00469847 -0.00507643
v 0.02521407 -0.00318894 -0.00502182
v 0.02526841 -0.00319580 -0.00505315
v 0.02530763 -0.00320076 -0.00506763
v 0.02534846 -0.00320592 -0.00507643
v 0.02526522 -0.00206293 -0.00492916
v 0.02538390 -0.00156926 -0.00503329
v 0.02542094 -0.00157155 -0.00505315
v 0.02546039 -0.00157398 -0.00506763
v 0.02550147 -0.00157652 -0.00507643
v 0.02543214 -0.00000362 -0.00503329
v 0.02546925 -0.00000362 -0.00505315
v 0.02550877 -0.00000362 -0.00506763
v 0.02554993 -0.00000362 -0.00507643
v 0.02535000 0.00155994 -0.00500843
v 0.02538390 0.00156203 -0.00503329
v 0.02542094 0.00156431 -0.00505315
v 0.02546039 0.00156674 -0.00506763
v 0.02550147 0.00156928 -0.00507643
v 0.02530548 0.00156930 -0.00489207
v 0.02519790 0.00317966 -0.00500843
v 0.02523160 0.00318391 -0.00503329
v 0.02526841 0.00318857 -0.00505315
v 0.02530763 0.00319352 -0.00506763
v 0.02534846 0.00319868 -0.00507643
v 0.02499910 0.00466958 -0.00503329
v 0.02503558 0.00467640 -0.00505315
v 0.02507443 0.00468367 -0.00506763
v 0.02511489 0.00469123 -0.00507643
v 0.02450915 0.00629001 -0.00488051
v 0.02493353 0.00480819 -0.00499197
v 0.02463313 0.00632118 -0.00503329
v 0.02466908 0.00633041 -0.00505315
v 0.02470736 0.00634024 -0.00506763
v 0.02474722 0.00635047 -0.00507643
v 0.02398710 0.00821582 -0.00493985
v 0.02423534 0.00770630 -0.00503329
v 0.02427070 0.00771755 -0.00505315
v 0.02430836 0.00772953 -0.00506763
v 0.02434759 0.00774201 -0.00507643
v 0.02361460 0.00934619 -0.00500843
v 0.02364618 0.00935870 -0.00503329
v 0.02368069 0.00937236 -0.00505315
v 0.02371743 0.00938691 -0.00506763
v 0.02375570 0.00940206 -0.00507643
v 0.02307333 0.01061195 -0.00500843
v 0.02310419 0.01062614 -0.00503329
v 0.02313790 0.01064165 -0.00505315
v 0.02317380 0.01065817 -0.00506763
v 0.02321120 0.01067538 -0.00507643
v 0.02225655 0.01223220 -0.00500843
v 0.02228631 0.01224856 -0.00503329
v 0.02231883 0.01226644 -0.00505315
v 0.02235347 0.01228548 -0.00506763
v 0.02238954 0.01230531 -0.00507643
v 0.02159392 0.01336697 -0.00500843
v 0.02162279 0.01338485 -0.00503329
v 0.02165434 0.01340438 -0.00505315
v 0.02168795 0.01342519 -0.00506763
v 0.02172294 0.01344686 -0.00507643
v 0.02150359 0.01342124 -0.00487710
v 0.02054749 0.01492525 -0.00500843
v 0.02057497 0.01494521 -0.00503329
v 0.02060499 0.01496702 -0.00505315
v 0.02063697 0.01499025 -0.00506763
v 0.02067027 0.01501445 -0.00507643
v 0.01978715 0.01591931 -0.00500843
v 0.01981361 0.01594060 -0.00503329
v 0.01984252 0.01596386 -0.00505315
v 0.01987332 0.01598864 -0.00506763
v 0.01990538 0.01601445 -0.00507643
v 0.01844538 0.01731953 -0.00488113
v 0.01851438 0.01738285 -0.00500843
v 0.01853914 0.01740610 -0.00503329
v 0.01856619 0.01743151 -0.00505315
v 0.01859501 0.01745856 -0.00506763
v 0.01862501 0.01748674 -0.00507643
v 0.01768043 0.01823027 -0.00500843
v 0.01770408 0.01825465 -0.00503329
v 0.01772991 0.01828129 -0.00505315
v 0.01775742 0.01830967 -0.00506763
v 0.01778608 0.01833922 -0.00507643
v 0.01611323 0.01950997 -0.00488376
v 0.01618929 0.01956626 -0.00500843
v 0.01621094 0.01959243 -0.00503329
v 0.01623459 0.01962103 -0.00505315
v 0.01625979 0.01965148 -0.00506763
v 0.01628602 0.01968319 -0.00507643
v 0.01530569 0.02026482 -0.00500843
v 0.01532616 0.02029193 -0.00503329
v 0.01534852 0.02032154 -0.00505315
v 0.01537234 0.02035308 -0.00506763
v 0.01539715 0.02038593 -0.00507643
v 0.01360887 0.02144104 -0.00500843
v 0.01362707 0.02146972 -0.00503329
v 0.01364696 0.02150105 -0.00505315
v 0.01366813 0.02153442 -0.00506763
v 0.01369019 0.02156918 -0.00507643
v 0.01293764 0.02180381 -0.00494116
v 0.01271591 0.02202154 -0.00503329
v 0.01273446 0.02205368 -0.00505315
v 0.01275422 0.02208791 -0.00506763
v 0.01277480 0.02212355 -0.00507643
v 0.01076140 0.02290764 -0.00490796
v 0.01082829 0.02300836 -0.00503329
v 0.01084409 0.02304194 -0.00505315
v 0.01086092 0.02307770 -0.00506763
v 0.01087845 0.02311495 -0.00507643
v 0.00989965 0.02338600 -0.00500843
v 0.00991289 0.02341728 -0.00503329
v 0.00992735 0.02345145 -0.00505315
v 0.00994276 0.02348785 -0.00506763
v 0.00995881 0.02352576 -0.00507643
v 0.00781955 0.02406308 -0.00488238
v 0.00784824 0.02415179 -0.00500843
v 0.00785874 0.02418409 -0.00503329
v 0.00787021 0.02421938 -0.00505315
v 0.00788242 0.02425697 -0.00506763
v 0.00789514 0.02429612 -0.00507643
v 0.00626077 0.02455535 -0.00493165
v 0.00695960 0.02445798 -0.00503329
v 0.00696975 0.02449367 -0.00505315
v 0.00698057 0.02453169 -0.00506763
v 0.00699184 0.02457128 -0.00507643
v 0.00477220 0.02501482 -0.00505315
v 0.00477960 0.02505364 -0.00506763
v 0.00478732 0.02509408 -0.00507643
v 0.00396094 0.02508295 -0.00500383
v 0.00390649 0.02516454 -0.00505315
v 0.00391256 0.02520359 -0.00506763
v 0.00391887 0.02524427 -0.00507643
v 0.00101043 0.02533283 -0.00494905
v 0.00159659 0.02537866 -0.00503329
v 0.00159892 0.02541570 -0.00505315
v 0.00160140 0.02545514 -0.00506763
v 0.00160399 0.02549622 -0.00507643
v 0.00078287 0.02541678 -0.00503329
v 0.00078401 0.02545387 -0.00505315
v 0.00078523 0.02549338 -0.00506763
v 0.00078650 0.02553452 -0.00507643
v -0.00159467 0.02526525 -0.00492770
v -0.00159957 0.02541570 -0.00505315
v -0.00160205 0.02545514 -0.00506763
v -0.00160464 0.02549622 -0.00507643
v -0.00607686 0.02457482 -0.00489757
v -0.00547030 0.02499563 -0.00508419
v -0.00850369 0.02413445 -0.00508710
v -0.01207912 0.02225679 -0.00490531
v -0.01140617 0.02290637 -0.00508913
v -0.01413263 0.02132958 -0.00508892
v -0.01729056 0.01849190 -0.00489502
v -0.01664644 0.01942952 -0.00509049
v -0.01891045 0.01723418 -0.00509495
v -0.02143373 0.01350726 -0.00489682
v -0.02088649 0.01477469 -0.00509968
v -0.02256291 0.01208685 -0.00512219
v -0.02420973 0.00762587 -0.00489528
v -0.02389492 0.00919596 -0.00514779
v -0.02514430 0.00414064 -0.00505963
v 0.01642375 -0.01847936 0.01024525
v 0.00876211 -0.02348413 0.00955326
v -0.00466936 -0.02447819 0.00969252
v -0.00992026 -0.02285047 0.00988409
v -0.02369098 -0.00784600 0.00961360
v 0.02462088 -0.00060479 0.01057488
v -0.02414935 -0.00311434 0.01065034
v 0.02489237 -0.00125055 0.00990588
v 0.02514614 0.00183596 0.00863333
v 0.02413131 -0.00572113 0.01040585
v 0.02378001 -0.00756656 0.00978608
v 0.02220967 -0.01104141 0.01017817
v 0.02065099 -0.01371725 0.01019962
v 0.01845793 -0.01653308 0.01017399
v 0.01323007 -0.02059395 0.01053976
v 0.00868019 -0.02281854 0.01065187
v 0.00570197 -0.02373580 0.01066010
v 0.00185471 -0.02478081 0.01004944
v -0.00005329 -0.02472408 0.01035313
v -0.00421715 -0.02435194 0.01035685
v -0.00713175 -0.02387914 0.00977241
v -0.00857191 -0.02329980 0.01021777
v -0.01273791 -0.02122135 0.01030711
v -0.01501724 -0.01976026 0.01009363
v -0.01410742 -0.02060392 0.00972281
v -0.01661956 -0.01820235 0.01038201
v -0.01858588 -0.01664481 0.01001976
v -0.01861364 -0.01661412 0.00983092
v -0.02173935 -0.01217527 0.00988103
v -0.02120677 -0.01283596 0.01026085
v -0.02338858 -0.00814387 0.01031812
v -0.02347743 -0.00858897 0.00987133
v -0.02455670 -0.00392067 0.00996797
v -0.02469214 -0.00351829 0.00970710
v -0.02489763 0.00161214 0.00976987
v -0.02478581 -0.00136327 0.01021971
v -0.02438523 0.00460989 0.01013574
v -0.02424210 0.00578157 0.00973855
v -0.02302477 0.00963878 0.00973953
v -0.02330086 0.00845314 0.01025056
v -0.02163068 0.01216920 0.01013007
v -0.02081965 0.01372198 0.00978164
v -0.02029712 0.01400158 0.01037712
v -0.02093088 0.01325017 0.01033751
v -0.01743945 0.01765687 0.01018000
v -0.01631789 0.01900077 0.00976140
v -0.01469213 0.01994413 0.01025931
v -0.01008527 0.02240858 0.01052341
v -0.01168424 0.02187132 0.01014389
v -0.00907217 0.02328127 0.00974929
v -0.00759316 0.02365103 0.01007543
v -0.00601908 0.02378753 0.01054466
v -0.00431020 0.02449221 0.01000089
v -0.00167440 0.02469226 0.01022510
v 0.00241079 0.02443188 0.01054879
v -0.00249792 0.02483096 0.00972054
v 0.00648450 0.02401634 0.00996443
v 0.00997600 0.02254460 0.01037187
v 0.01230967 0.02160469 0.00999077
v 0.01536155 0.01928979 0.01036952
v 0.01648773 0.01878117 0.00975494
v 0.02127220 0.01317009 0.00944680
v 0.02152419 0.01313103 0.00964537
v 0.02315950 0.00918528 0.00963541
v 0.02319306 0.00958205 0.01042025
v 0.02433238 0.00543578 0.00976398
v -0.01508706 -0.01307648 0.01309599
v 0.01333939 -0.00608870 0.01400446
v 0.01667620 -0.00130398 0.01331448
v 0.01946386 -0.00000362 0.01312062
v 0.00754896 0.00818980 0.01313268
v -0.00327655 0.01968609 0.01309165
v -0.01455324 0.01138057 0.01340424
v -0.01726918 0.00768146 0.01327869
v 0.01299127 -0.01573433 0.01291182
v -0.02002296 0.00463586 0.01282075
v -0.01180162 0.01671500 0.01285267
v 0.01453652 0.01368051 0.01307466
v 0.01734438 0.00948880 0.01310329
v -0.01896358 -0.00066307 0.01332792
v -0.01728654 -0.00376422 0.01372336
v -0.01737706 -0.00949003 0.01310468
v -0.01429114 -0.01023981 0.01328661
v -0.01039737 -0.01714753 0.01306852
v -0.00634591 -0.01915054 0.01303822
v -0.00354776 -0.01936479 0.01311184
v -0.00354868 -0.01972508 0.01308117
v -0.00004273 -0.02003006 0.01307907
v 0.00304608 -0.01980259 0.01307595
v 0.00630877 -0.01897193 0.01309637
v 0.01038502 -0.01744261 0.01298777
v 0.01488540 -0.01337295 0.01309913
v 0.01620288 -0.01238761 0.01289601
v 0.01997816 0.00130243 0.01309744
v 0.01948832 0.00523762 0.01303961
v 0.01863723 0.00797454 0.01298901
v 0.01588251 0.01188622 0.01308451
v 0.00711792 0.00881696 0.01344405
v 0.01141743 0.01652476 0.01304044
v 0.00854058 0.01811260 0.01308000
v 0.00545408 0.01928070 0.01307049
v 0.00242794 0.02004431 0.01300151
v 0.00203369 0.01960997 0.01311235
v -0.00070491 0.02001645 0.01307399
v -0.00590858 0.01917575 0.01305062
v -0.00921244 0.01742419 0.01311467
v -0.01141719 0.01609736 0.01311139
v -0.01055397 0.01713837 0.01307129
v -0.01522313 0.01317746 0.01303678
v -0.02031189 -0.01804423 -0.00591603
v -0.02257131 -0.01921037 -0.00707622
v -0.02292508 -0.02008319 -0.00707497
v -0.02286464 -0.02122064 -0.00707095
v -0.02226943 -0.02216913 -0.00573230
v -0.02079409 -0.02291486 -0.00707749
v -0.01976235 -0.02289009 -0.00707171
v -0.01808880 -0.02087132 -0.00707560
v -0.01809537 -0.02017553 -0.00707854
v -0.01825559 -0.01948846 -0.00705381
v -0.01897187 -0.01860066 -0.00707449
v -0.02146482 -0.01822610 -0.00707938
v -0.02229391 -0.02216826 -0.00707938
v -0.02134334 -0.02280027 -0.00707459
v -0.01868837 -0.02212582 -0.00707938
v -0.01933119 -0.01841019 -0.00707938
v -0.02000226 -0.01815706 -0.00707938
v -0.02207858 -0.02189993 -0.00528703
v -0.02164520 -0.02212662 -0.00523775
v -0.02014824 -0.02243763 -0.00520999
v -0.01847385 -0.02053628 -0.00524931
v -0.01866095 -0.01976019 -0.00523547
v -0.02147909 -0.01876201 -0.00523645
v -0.02248357 -0.02011467 -0.00523475
v -0.02120994 -0.02243175 -0.00526404
v -0.02050879 -0.02263596 -0.00531238
v -0.01848287 -0.02141181 -0.00543876
v -0.01981126 -0.01824538 -0.00555189
v -0.02016266 -0.01845333 -0.00525078
v -0.02114120 -0.01816300 -0.00567377
v -0.02200212 -0.01861017 -0.00573726
v -0.02165151 -0.01843996 -0.00559434
v -0.02267954 -0.01950469 -0.00565027
v -0.02289013 -0.02078955 -0.00566244
v -0.02288812 -0.02089346 -0.00559148
v -0.02231583 -0.02202216 -0.00559654
v -0.02149879 -0.02257038 -0.00551966
v -0.02136845 -0.02275558 -0.00559249
v -0.02014786 -0.02286697 -0.00566684
v -0.01952582 -0.02255665 -0.00548183
v -0.01935417 -0.02263483 -0.00574847
v -0.01891790 -0.02222665 -0.00557321
v -0.01862570 -0.02152983 -0.00528747
v -0.01837865 -0.02167125 -0.00567270
v -0.01819562 -0.02089923 -0.00559128
v -0.01812971 -0.02013964 -0.00566819
v -0.01831833 -0.01985061 -0.00551062
v -0.01871262 -0.01909330 -0.00548856
v -0.01856546 -0.01920852 -0.00558331
v -0.01881258 -0.01876221 -0.00573374
v -0.01933443 -0.01854069 -0.00551760
v -0.02015505 -0.01817850 -0.00563629
v -0.01998516 -0.01823046 -0.00558394
v -0.01811353 0.02084297 -0.00577466
v -0.02052316 0.02293621 -0.00707774
v -0.02211574 0.02259842 -0.00685697
v -0.02293711 0.02096657 -0.00707758
v -0.02101168 0.01810546 -0.00707455
v -0.02037229 0.01802796 -0.00705227
v -0.01831223 0.01937013 -0.00707675
v -0.01820261 0.01979393 -0.00574662
v -0.02174007 0.02261711 -0.00707669
v -0.02240609 0.01891355 -0.00707938
v -0.01946139 0.01833241 -0.00707938
v -0.01893997 0.01864905 -0.00707678
v -0.01818475 0.02039972 -0.00552821
v -0.01850877 0.02069009 -0.00523262
v -0.01985098 0.02247175 -0.00526356
v -0.02067077 0.02244858 -0.00522958
v -0.02117904 0.02173126 -0.00488349
v -0.02267175 0.02080498 -0.00528542
v -0.02086145 0.01857217 -0.00518166
v -0.02206183 0.01920051 -0.00524305
v -0.02024091 0.01850761 -0.00522432
v -0.01979189 0.01863791 -0.00523601
v -0.01910139 0.02203647 -0.00525854
v -0.02249623 0.02083526 -0.00521920
v -0.02250531 0.02076956 -0.00524937
v -0.02112655 0.01855652 -0.00526539
v -0.01816173 0.02102586 -0.00564645
v -0.01870451 0.02208754 -0.00571021
v -0.01853837 0.02180832 -0.00560322
v -0.01959457 0.02277766 -0.00589261
v -0.01971744 0.02275842 -0.00556798
v -0.02094606 0.02287873 -0.00571518
v -0.02090939 0.02253423 -0.00528612
v -0.02155426 0.02236769 -0.00528385
v -0.02267254 0.02145471 -0.00551039
v -0.02228355 0.02163050 -0.00530496
v -0.02292672 0.02050416 -0.00568867
v -0.02264207 0.01993114 -0.00535724
v -0.02253185 0.01915667 -0.00575264
v -0.02211479 0.01873876 -0.00556629
v -0.02162961 0.01838222 -0.00563990
v -0.02075177 0.01821417 -0.00546837
v -0.01880976 0.01905159 -0.00538878
v -0.01942563 0.01836951 -0.00559973
v -0.01896767 0.01861379 -0.00569216
v -0.01839184 0.01970888 -0.00547932
v -0.01824480 0.02016159 -0.00551966
v 0.02257317 0.01920977 -0.00707670
v 0.02296735 0.02022035 -0.00707449
v 0.02269768 0.02155729 -0.00581712
v 0.02120079 0.02282197 -0.00564062
v 0.01882198 0.02228339 -0.00584751
v 0.01808825 0.02092195 -0.00707032
v 0.01810364 0.02008197 -0.00707459
v 0.01838757 0.01927955 -0.00707509
v 0.01978017 0.01816505 -0.00707312
v 0.02234435 0.02214034 -0.00707707
v 0.02139662 0.02277234 -0.00707938
v 0.02014069 0.02292219 -0.00707308
v 0.01828678 0.02150082 -0.00707855
v 0.01901509 0.01856607 -0.00707576
v 0.02159570 0.02117864 -0.00492475
v 0.02074484 0.01897565 -0.00508351
v 0.02073962 0.01842969 -0.00525378
v 0.02234785 0.02077034 -0.00519707
v 0.02220238 0.02151484 -0.00523483
v 0.02140174 0.02243264 -0.00530877
v 0.02027898 0.02250773 -0.00521546
v 0.01904418 0.02183378 -0.00523300
v 0.01869988 0.01979372 -0.00522938
v 0.02251035 0.01985532 -0.00530711
v 0.02253174 0.02070787 -0.00524032
v 0.01864920 0.01963463 -0.00525550
v 0.01951577 0.01878934 -0.00523670
v 0.02079741 0.01810599 -0.00578395
v 0.02119870 0.01819515 -0.00564415
v 0.02275032 0.01954565 -0.00564260
v 0.02202881 0.01873025 -0.00556439
v 0.02191011 0.01890385 -0.00529321
v 0.02278654 0.02033156 -0.00551966
v 0.02291743 0.02068321 -0.00580231
v 0.02275461 0.02121626 -0.00558615
v 0.02237069 0.02202112 -0.00571920
v 0.02219957 0.02204344 -0.00548568
v 0.02163997 0.02232396 -0.00532075
v 0.02090279 0.02281675 -0.00558818
v 0.02043381 0.02282803 -0.00555870
v 0.01966504 0.02258545 -0.00544491
v 0.01962989 0.02273813 -0.00576572
v 0.01966804 0.02275342 -0.00565828
v 0.01921737 0.02239222 -0.00551966
v 0.01881959 0.02213451 -0.00559539
v 0.01871759 0.02192850 -0.00551966
v 0.01855077 0.02159484 -0.00545251
v 0.01823260 0.02121317 -0.00562457
v 0.01838827 0.02133331 -0.00550318
v 0.01848712 0.02076128 -0.00524850
v 0.01822500 0.02067340 -0.00551966
v 0.01811508 0.02049528 -0.00570720
v 0.01833363 0.01947799 -0.00577683
v 0.01820003 0.02000094 -0.00560181
v 0.01864494 0.01900122 -0.00568216
v 0.01871759 0.01907645 -0.00551966
v 0.01890684 0.01892272 -0.00546785
v 0.01917441 0.01852543 -0.00565502
v 0.01977624 0.01836247 -0.00546994
v 0.01998021 0.01815539 -0.00578538
v 0.01984324 0.01822520 -0.00563119
v -0.01789716 0.02095831 -0.00507978
v -0.01803806 0.01956365 -0.00507941
v -0.01954675 0.01805729 -0.00507950
v -0.02218815 0.01845241 -0.00507973
v -0.01833530 0.01924909 -0.00707938
v -0.02122767 0.01807284 -0.00707942
v -0.02267745 0.01924892 -0.00707938
v -0.02297123 0.02008075 -0.00707802
v -0.02246650 0.02206545 -0.00707938
v -0.01901817 0.02248857 -0.00708006
v -0.01846357 0.02196011 -0.00707904
v -0.01822224 0.02150588 -0.00707827
v -0.01797721 0.02033996 -0.00707942
v -0.01858777 0.02233271 -0.00507970
v -0.02037235 0.02300846 -0.00707898
v -0.01988371 0.02293775 -0.00707875
v -0.02147080 0.02283134 -0.00707810
v -0.02265368 0.02191712 -0.00620501
v -0.02298062 0.02101220 -0.00707934
v -0.02315777 0.02046585 -0.00507970
v -0.02288189 0.01942757 -0.00501292
v -0.02230537 0.01876555 -0.00707802
v -0.02144033 0.01812291 -0.00665660
v -0.02108977 0.01794664 -0.00507976
v -0.02026550 0.01800450 -0.00707904
v -0.02030400 0.01789879 -0.00508003
v -0.01954679 0.01819331 -0.00707802
v -0.01890021 0.01857427 -0.00707905
v -0.01856284 0.01872774 -0.00508142
v -0.01797236 0.02007629 -0.00618703
v 0.02096160 0.01789321 -0.00507978
v 0.01785405 0.02103897 -0.00508014
v 0.01980503 0.02305683 -0.00504796
v 0.02215465 0.02262632 -0.00507953
v 0.02310413 0.01974481 -0.00504203
v 0.01925238 0.01833135 -0.00707938
v 0.01842703 0.01905260 -0.00707942
v 0.01802681 0.02087602 -0.00707938
v 0.01814778 0.02140771 -0.00707807
v 0.01875194 0.02236595 -0.00600249
v 0.01930812 0.02266482 -0.00708028
v 0.02174957 0.02271071 -0.00707942
v 0.02290131 0.02124150 -0.00707938
v 0.02301272 0.02050258 -0.00707938
v 0.02257716 0.01909034 -0.00707938
v 0.02196340 0.01845963 -0.00707904
v 0.02153658 0.01822726 -0.00707789
v 0.02256805 0.01881241 -0.00508309
v 0.02295513 0.01992132 -0.00707834
v 0.02310716 0.02102106 -0.00487373
v 0.02279809 0.02176469 -0.00508039
v 0.02244692 0.02211046 -0.00707788
v 0.02161173 0.02279902 -0.00606869
v 0.02084238 0.02300589 -0.00657891
v 0.02008404 0.02296728 -0.00707802
v 0.01809740 0.01976208 -0.00707930
v 0.01793017 0.01996121 -0.00508513
v 0.01846493 0.01887497 -0.00508094
v 0.01936402 0.01812384 -0.00508057
v 0.01982769 0.01808488 -0.00707908
v 0.02028519 0.01798488 -0.00707869
v 0.01811288 -0.02085021 -0.00577466
v 0.01962895 -0.02274381 -0.00583538
v 0.02118433 -0.02281805 -0.00583353
v 0.02213955 -0.02230099 -0.00573567
v 0.02271493 -0.01944685 -0.00579646
v 0.02188705 -0.01849360 -0.00707714
v 0.02086142 -0.01810918 -0.00579235
v 0.01942742 -0.01832328 -0.00589228
v 0.01816417 -0.01995590 -0.00586252
v 0.01853473 -0.02190867 -0.00707938
v 0.01922782 -0.02258996 -0.00707629
v 0.02093200 -0.02294934 -0.00707938
v 0.02256276 -0.02184500 -0.00707938
v 0.02291395 -0.02079186 -0.00707780
v 0.02276512 -0.01962299 -0.00707938
v 0.02037788 -0.01806068 -0.00707938
v 0.01917692 -0.01850389 -0.00707938
v 0.01837382 -0.01928682 -0.00707998
v 0.01808449 -0.02074322 -0.00707938
v 0.01831743 -0.02019375 -0.00542920
v 0.02067324 -0.01827498 -0.00546938
v 0.01967699 -0.01838954 -0.00550494
v 0.01924304 -0.02205378 -0.00523409
v 0.02067012 -0.02245582 -0.00522958
v 0.02213598 -0.02160925 -0.00523444
v 0.02225154 -0.01963291 -0.00522975
v 0.02121453 -0.01870382 -0.00522938
v 0.01865196 -0.01993789 -0.00522938
v 0.01864761 -0.02121563 -0.00524367
v 0.01885009 -0.02160734 -0.00523678
v 0.01980629 -0.02269615 -0.00549549
v 0.02089369 -0.02247687 -0.00524580
v 0.02171395 -0.02208640 -0.00523605
v 0.02234613 -0.02126581 -0.00523676
v 0.02257475 -0.02050972 -0.00527363
v 0.02183708 -0.01904813 -0.00523300
v 0.02129308 -0.01859985 -0.00526102
v 0.01998270 -0.01860734 -0.00523344
v 0.01814286 -0.02052929 -0.00561868
v 0.01848693 -0.02070046 -0.00525142
v 0.01814896 -0.02101127 -0.00568142
v 0.01844511 -0.02150208 -0.00551966
v 0.01854636 -0.02183837 -0.00562177
v 0.01861082 -0.02202152 -0.00580434
v 0.01906037 -0.02228592 -0.00549914
v 0.01947676 -0.02260878 -0.00558531
v 0.01949694 -0.02268260 -0.00562380
v 0.02036547 -0.02291956 -0.00579417
v 0.02052271 -0.02290032 -0.00563856
v 0.02118406 -0.02269202 -0.00550831
v 0.02160874 -0.02264930 -0.00568463
v 0.02150315 -0.02262293 -0.00558332
v 0.02193179 -0.02229789 -0.00551966
v 0.02218238 -0.02206538 -0.00551966
v 0.02228267 -0.02199855 -0.00554754
v 0.02268158 -0.02156007 -0.00585063
v 0.02271423 -0.02140330 -0.00563082
v 0.02289424 -0.02072880 -0.00566329
v 0.02286172 -0.02017656 -0.00563884
v 0.02254767 -0.01949912 -0.00549252
v 0.02265776 -0.01949672 -0.00563143
v 0.02215553 -0.01874067 -0.00574296
v 0.02206031 -0.01882650 -0.00551663
v 0.02139727 -0.01830815 -0.00564284
v 0.02102614 -0.01827872 -0.00550162
v 0.02032269 -0.01824684 -0.00549695
v 0.01997289 -0.01817500 -0.00576732
v 0.02016304 -0.01813112 -0.00566900
v 0.01913547 -0.01870023 -0.00547623
v 0.01927766 -0.01846085 -0.00565680
v 0.01882916 -0.01895405 -0.00551966
v 0.01884467 -0.01931445 -0.00526270
v 0.01844855 -0.01927544 -0.00564076
v 0.01858798 -0.01916664 -0.00557459
v 0.01840031 -0.01969617 -0.00547745
v 0.01829749 -0.01947262 -0.00567697
v 0.01824415 -0.02016883 -0.00551966
v 0.01951755 -0.01799178 -0.00508005
v 0.02144044 -0.01803305 -0.00507983
v 0.02243133 -0.01872306 -0.00507949
v 0.02316687 -0.02079603 -0.00507970
v 0.01994238 -0.02307844 -0.00508149
v 0.01789651 -0.02096555 -0.00507984
v 0.01905589 -0.01843097 -0.00707942
v 0.01975023 -0.01811696 -0.00707822
v 0.02267680 -0.01925616 -0.00707938
v 0.02263536 -0.02189012 -0.00707919
v 0.02191807 -0.02258099 -0.00707938
v 0.02111630 -0.02294388 -0.00707904
v 0.02015470 -0.02301971 -0.00707942
v 0.01846292 -0.02196734 -0.00707904
v 0.01796101 -0.02079313 -0.00707905
v 0.01863013 -0.02236409 -0.00508061
v 0.01938877 -0.02277039 -0.00707932
v 0.02150851 -0.02296440 -0.00507970
v 0.02246578 -0.02235211 -0.00508080
v 0.02282126 -0.02162480 -0.00574605
v 0.02302304 -0.02053127 -0.00707834
v 0.02292435 -0.01969809 -0.00647920
v 0.02230472 -0.01877279 -0.00707802
v 0.02170512 -0.01830375 -0.00707908
v 0.02072501 -0.01799433 -0.00707802
v 0.01863189 -0.01877101 -0.00665665
v 0.01812400 -0.01932903 -0.00507982
v 0.01797171 -0.02008353 -0.00618703
v -0.00156955 -0.00009749 0.01304059
v -0.00147314 -0.00058165 0.01304048
v -0.00107421 -0.00116100 0.01303476
v -0.00063811 -0.00141175 0.01299560
v -0.00004931 -0.00159274 0.01304677
v 0.00081276 -0.00135332 0.01300725
v 0.00131272 -0.00093992 0.01310055
v 0.00151360 -0.00031614 0.01297311
v 0.00158020 0.00024691 0.01307438
v 0.00135700 0.00078003 0.01302969
v 0.00111134 0.00102786 0.01294919
v 0.00083613 0.00135445 0.01307055
v 0.00035915 0.00157135 0.01312062
v 0.00007932 0.00154995 0.01297372
v -0.00057301 0.00146417 0.01304056
v -0.00098112 0.00122626 0.01303724
v -0.00131500 0.00083896 0.01301286
v -0.00155860 0.00027453 0.01304913
v -0.01110032 -0.00000362 0.01312062
v -0.01098291 -0.00197991 0.01294919
v -0.00975706 -0.00533484 0.01300062
v -0.00852755 -0.00713820 0.01294062
v -0.00647771 -0.00904017 0.01304562
v -0.00458751 -0.01013148 0.01291062
v -0.00204983 -0.01094296 0.01318645
v 0.00026107 -0.01111881 0.01293312
v 0.00328053 -0.01063988 0.01297062
v 0.00554967 -0.00961650 0.01312062
v 0.00625817 -0.00918314 0.01294919
v 0.00775154 -0.00797383 0.01292062
v 0.01000043 -0.00481973 0.01312062
v 0.01085138 -0.00248045 0.01302588
v 0.01109932 0.00082819 0.01298062
v 0.01039110 0.00398278 0.01300523
v 0.01000043 0.00481249 0.01312062
v 0.00917093 0.00624923 0.01294919
v 0.00328053 0.01063265 0.01298426
v 0.00026107 0.01111157 0.01300062
v -0.00741799 0.01024155 0.01309709
v -0.00330956 0.01070523 0.01292776
v -0.00647771 0.00903293 0.01294062
v -0.00923934 0.00629544 0.01298729
v -0.01085203 0.00247321 0.01299709
v 0.00939953 -0.00545956 0.01288985
v -0.01061085 -0.00072567 0.01291062
v -0.01048193 -0.00158347 0.01312062
v -0.01012940 -0.00312802 0.01312062
v -0.00955059 -0.00460279 0.01312062
v -0.00777067 -0.00721345 0.01312062
v -0.00660932 -0.00829103 0.01312062
v -0.00530032 -0.00918349 0.01312062
v -0.00235905 -0.01033785 0.01312062
v -0.00014159 -0.01062950 0.01312062
v 0.00440203 -0.00967184 0.01302062
v 0.00714341 -0.00799765 0.01299205
v 0.01016589 -0.00313948 0.01298216
v 0.01060316 -0.00054792 0.01288729
v 0.01048128 0.00157623 0.01312062
v 0.00887466 0.00592301 0.01294919
v 0.00777002 0.00720621 0.01312062
v 0.00660867 0.00828379 0.01312062
v 0.00513333 0.00933674 0.01287062
v 0.00387229 0.00986364 0.01312062
v 0.00088430 0.01065622 0.01287517
v 0.00079181 0.01056674 0.01312062
v -0.00079246 0.01056674 0.01312062
v -0.00289048 0.01021289 0.01304562
v -0.00831072 0.00662369 0.01297062
v -0.01035160 0.00235899 0.01312062
v -0.00916271 -0.00555785 0.01288491
v -0.00444183 -0.00975409 0.01288062
v 0.00107378 -0.01061757 0.01290633
v 0.01035164 0.00243392 0.01289562
v -0.00558878 0.00906977 0.01292776
v -0.01019377 0.00321267 0.01288062
v 0.02238950 -0.00000362 0.01174090
v 0.02202968 -0.00400148 0.01174090
v 0.01981841 -0.00451130 0.01298333
v 0.01766357 -0.01278491 0.01212733
v -0.00884519 -0.02243478 0.01085104
v -0.01233481 -0.01868957 0.01174090
v -0.01633008 -0.01441871 0.01214110
v -0.02076410 -0.01207461 0.01102044
v -0.01978738 -0.00485895 0.01296815
v -0.02418623 0.00308158 0.01061979
v -0.01843674 0.01094406 0.01233367
v -0.01646188 0.01822955 0.01054007
v 0.01456577 0.01820592 0.01135549
v 0.02254008 0.00679931 0.01113877
v -0.02508678 0.00159238 0.00337292
v -0.02373117 0.00915080 -0.00152390
v -0.01927905 0.01617315 0.00001562
v -0.01061165 0.02274157 0.00673072
v -0.01670193 0.01926508 0.00867253
v 0.00211079 0.02492925 0.00951968
v -0.00279795 0.02500126 0.00288413
v 0.01036495 0.02307064 0.00876736
v 0.00829403 0.02395662 0.00177885
v 0.01617644 0.01927510 0.00001562
v 0.02067288 0.01450485 0.00037481
v 0.02365959 0.00876050 0.00311753
v 0.02424723 -0.00647990 0.00529723
v 0.02072350 -0.01411900 0.00846046
v 0.02542644 -0.00257379 -0.00093667
v 0.01941818 -0.01622924 0.00364599
v 0.00621958 -0.02440334 0.00239399
v 0.01276809 -0.02179373 0.00245911
v -0.00184657 -0.02509146 0.00307199
v -0.01298635 -0.02165216 0.00657031
v -0.01436142 -0.02074632 0.00108244
v -0.02075501 -0.01387980 0.00961341
v -0.02050700 -0.01489165 -0.00485260
v -0.02717257 -0.00415274 -0.02446682
v -0.02712682 -0.00454049 -0.02298716
v -0.02794017 -0.00425988 -0.02220037
v -0.02780405 -0.00318201 -0.02043632
v -0.02757816 -0.00165641 -0.01995834
v -0.02840133 -0.00275439 -0.02025982
v -0.02840133 -0.00193558 -0.02004164
v -0.02990130 -0.00433095 -0.02226876
v -0.02974418 -0.00064888 -0.02003149
v -0.02984577 -0.00372840 -0.02095288
v -0.02983769 -0.00276800 -0.02027851
v -0.02980133 -0.00214929 -0.02007810
v -0.03200132 -0.00442840 -0.02367794
v -0.03200130 -0.00452039 -0.02300918
v -0.03169365 -0.00389122 -0.02116627
v -0.03152132 -0.00334150 -0.02063507
v -0.03163768 -0.00278392 -0.02028500
v -0.03160132 -0.00215417 -0.02007881
v -0.03162483 -0.00258493 -0.02583490
v -0.03160131 -0.00368767 -0.02510307
v -0.03164582 -0.00433901 -0.02404359
v -0.02988130 -0.00425575 -0.02440628
v -0.02980133 -0.00278098 -0.02577030
v -0.02993466 -0.00176881 -0.02600027
v -0.02940133 -0.00434535 -0.02405793
v -0.02791976 -0.00408570 -0.02474838
v -0.02840133 -0.00348729 -0.02526095
v -0.02840134 -0.00246191 -0.02591029
v -0.02109799 -0.02066469 -0.02237727
v -0.02242712 -0.02157049 -0.02221015
v -0.02057443 -0.02161509 -0.02196445
v -0.02060580 -0.02176588 -0.02200317
v -0.02070375 -0.02198925 -0.02201017
v -0.02085287 -0.02217329 -0.02201331
v -0.02099317 -0.02228363 -0.02204611
v -0.02113434 -0.02238029 -0.02212336
v -0.02122075 -0.02239127 -0.02205603
v -0.02139659 -0.02242767 -0.02208355
v -0.02153190 -0.02243369 -0.02209449
v -0.02171821 -0.02240946 -0.02209301
v -0.02188299 -0.02235158 -0.02212510
v -0.02202950 -0.02229259 -0.02220164
v -0.02213527 -0.02218573 -0.02214563
v -0.02229970 -0.02198097 -0.02217437
v -0.02239213 -0.02177564 -0.02218292
v -0.02244213 -0.02137913 -0.02229030
v -0.02242869 -0.02139018 -0.02221794
v -0.02235447 -0.02113405 -0.02224975
v -0.02227630 -0.02098742 -0.02224643
v -0.02220015 -0.02089163 -0.02227388
v -0.02199158 -0.02071293 -0.02229771
v -0.02190315 -0.02066101 -0.02230678
v -0.02170537 -0.02059366 -0.02231251
v -0.02149782 -0.02057323 -0.02234208
v -0.02134197 -0.02056691 -0.02241703
v -0.02128218 -0.02059773 -0.02234301
v -0.02087959 -0.02080709 -0.02239355
v -0.02071623 -0.02100267 -0.02242177
v -0.02063060 -0.02112142 -0.02249596
v -0.02061869 -0.02120306 -0.02242325
v -0.02057255 -0.02140681 -0.02247065
v 0.02057167 -0.02143738 -0.02184724
v 0.02058991 -0.02123008 -0.02192692
v 0.02060884 -0.02122099 -0.02184760
v 0.02072308 -0.02098868 -0.02187198
v 0.02061151 -0.02087321 -0.02203031
v 0.02084118 -0.02084355 -0.02188819
v 0.02098356 -0.02072266 -0.02190293
v 0.02121277 -0.02061851 -0.02194138
v 0.02139481 -0.02055942 -0.02202018
v 0.02143009 -0.02057332 -0.02194349
v 0.02164394 -0.02058405 -0.02198015
v 0.02184151 -0.02061725 -0.02205937
v 0.02203721 -0.02055801 -0.02214694
v 0.02201037 -0.02071456 -0.02199125
v 0.02221165 -0.02087466 -0.02209616
v 0.02225761 -0.02096196 -0.02202540
v 0.02235873 -0.02114150 -0.02207677
v 0.02241861 -0.02133573 -0.02205727
v 0.02244226 -0.02138514 -0.02214506
v 0.02243436 -0.02172468 -0.02167178
v 0.02226472 -0.02205150 -0.02161523
v 0.02186643 -0.02241715 -0.02168683
v 0.02155785 -0.02248136 -0.02171821
v 0.02145486 -0.02243443 -0.02173715
v 0.02138999 -0.02247659 -0.02173638
v 0.02106226 -0.02238401 -0.02176841
v 0.02081960 -0.02213768 -0.02178163
v 0.02069175 -0.02206554 -0.02179362
v 0.02066166 -0.02191080 -0.02182264
v 0.02058586 -0.02169021 -0.02182686
v 0.02244929 -0.02163321 -0.02159924
v 0.02239566 0.02124068 -0.02173541
v 0.02232065 0.02105850 -0.02175581
v 0.02224552 0.02093953 -0.02176719
v 0.02209999 0.02078450 -0.02178523
v 0.02198905 0.02070439 -0.02179754
v 0.02179997 0.02061476 -0.02181615
v 0.02166923 0.02058097 -0.02182793
v 0.02145316 0.02056558 -0.02184543
v 0.02131711 0.02058306 -0.02185661
v 0.02115758 0.02063489 -0.02186403
v 0.02103674 0.02068950 -0.02188336
v 0.02090006 0.02078745 -0.02189843
v 0.02078852 0.02089830 -0.02191594
v 0.02072000 0.02098496 -0.02192126
v 0.02062389 0.02118012 -0.02193876
v 0.02056634 0.02148065 -0.02196562
v 0.02062487 0.02182188 -0.02199600
v 0.02079183 0.02210359 -0.02201352
v 0.02093059 0.02223502 -0.02205665
v 0.02110723 0.02234130 -0.02204144
v 0.02135084 0.02241839 -0.02208048
v 0.02170289 0.02240793 -0.02210872
v 0.02192297 0.02232657 -0.02214630
v 0.02210450 0.02220338 -0.02214885
v 0.02229553 0.02198378 -0.02217338
v 0.02237972 0.02179356 -0.02219040
v 0.02242953 0.02158218 -0.02221655
v -0.02061709 0.02120290 -0.02186675
v -0.02072825 0.02097358 -0.02188042
v -0.02083331 0.02084419 -0.02192196
v -0.02101234 0.02070271 -0.02191870
v -0.02120251 0.02061603 -0.02193930
v -0.02133340 0.02058104 -0.02195162
v -0.02156036 0.02056598 -0.02198176
v -0.02184385 0.02062888 -0.02199760
v -0.02214121 0.02079512 -0.02208758
v -0.02212958 0.02080341 -0.02200964
v -0.02227871 0.02098955 -0.02204514
v -0.02248055 0.02104018 -0.02218257
v -0.02237899 0.02118735 -0.02208226
v -0.02242042 0.02135689 -0.02208052
v -0.02242997 0.02149302 -0.02209135
v -0.02241546 0.02166602 -0.02210565
v -0.02232353 0.02193773 -0.02212131
v -0.02227583 0.02204510 -0.02220372
v -0.02215728 0.02215474 -0.02215522
v -0.02205360 0.02226865 -0.02223028
v -0.02197948 0.02229534 -0.02215734
v -0.02180148 0.02237689 -0.02219027
v -0.02166805 0.02243146 -0.02226467
v -0.02163750 0.02241680 -0.02220433
v -0.02147599 0.02242815 -0.02220309
v -0.02135409 0.02241884 -0.02224791
v -0.02113219 0.02235241 -0.02224554
v -0.02092562 0.02222775 -0.02226921
v -0.02080435 0.02214301 -0.02234412
v -0.02074518 0.02204054 -0.02229170
v -0.02063226 0.02183139 -0.02231316
v -0.02056412 0.02155013 -0.02236181
v 0.02324967 0.01607971 -0.02806885
v 0.02217825 0.01481781 -0.02807938
v -0.02300033 -0.01485362 -0.02807938
v -0.02165033 -0.01500362 -0.02806827
v -0.03137631 -0.00081964 -0.02603733
v -0.02961951 0.00083661 -0.02604702
v -0.02735649 -0.00210508 -0.02598537
v -0.02954678 -0.00010205 -0.02594449
v -0.02982486 0.00256483 -0.02583845
v -0.02972133 0.00331396 -0.02540028
v -0.02989363 0.00384748 -0.02489766
v -0.03020132 0.00437191 -0.02389961
v -0.03181683 0.00450833 -0.02249892
v -0.03165853 0.00429685 -0.02419332
v -0.03144137 0.00313065 -0.02494215
v -0.03160131 0.00316187 -0.02551914
v -0.03152131 0.00228349 -0.02592159
v -0.03169365 0.00412948 -0.02153761
v -0.03156495 0.00351105 -0.02077218
v -0.03150132 0.00290506 -0.02035553
v -0.03173466 0.00222352 -0.02009443
v -0.02988133 0.00194784 -0.02003365
v -0.02976496 0.00276076 -0.02027851
v -0.02983769 0.00348684 -0.02075210
v -0.02983766 0.00428112 -0.02177585
v -0.02840134 0.00265139 -0.02015605
v -0.02786977 0.00412898 -0.02147902
v -0.02728225 0.00394424 -0.02110176
v -0.02714276 0.00452817 -0.02309256
v -0.02832580 0.00426161 -0.02420007
v -0.02720983 0.00379487 -0.02495468
v -0.02780424 0.00323352 -0.02553350
v -0.02775033 0.00028721 -0.02606348
v -0.02840132 0.00243494 -0.02591656
v -0.02564133 -0.00510462 -0.02797938
v -0.02564133 -0.01780362 -0.02797938
v -0.02564133 -0.01780362 -0.02807938
v -0.02564133 -0.00500462 -0.02807938
v -0.02564133 -0.00500462 -0.02657938
v -0.02564133 0.00499738 -0.02657938
v -0.02564133 0.00499738 -0.02807938
v -0.02564133 0.01779638 -0.02807938
v -0.02564133 0.00509738 -0.02797938
v -0.02564133 0.00149738 -0.01896538
v -0.02564133 0.00201136 -0.01905284
v -0.02564134 0.00370646 -0.01977485
v -0.02564134 0.00469645 -0.02089319
v -0.02564133 -0.00510462 -0.02256538
v -0.02564133 -0.00488265 -0.02129387
v -0.02574836 -0.00454251 -0.02051885
v -0.02565488 -0.00360771 -0.01963536
v -0.02564135 -0.00313133 -0.01939872
v -0.02564133 -0.00150462 -0.01906538
v -0.02565243 0.00328735 -0.01942036
v -0.02564134 0.00500005 -0.02207501
v -0.02564133 0.00499738 -0.02617938
v -0.02564133 0.00479738 -0.02637938
v -0.02564133 0.00482584 -0.02637734
v -0.02564133 0.00485373 -0.02637128
v -0.02564133 0.00488046 -0.02636131
v -0.02564133 0.00490551 -0.02634763
v -0.02564133 0.00492835 -0.02633053
v -0.02564133 0.00494853 -0.02631035
v -0.02564133 0.00496563 -0.02628751
v -0.02564133 0.00497931 -0.02626246
v -0.02564133 0.00498928 -0.02623573
v -0.02564133 0.00499535 -0.02620784
v -0.02564133 -0.00480462 -0.02637938
v -0.02564133 -0.00500462 -0.02617938
v -0.02564133 -0.00500258 -0.02620784
v -0.02564133 -0.00499652 -0.02623573
v -0.02564133 -0.00498655 -0.02626246
v -0.02564133 -0.00497287 -0.02628751
v -0.02564133 -0.00495577 -0.02631035
v -0.02564133 -0.00493559 -0.02633053
v -0.02564133 -0.00491275 -0.02634763
v -0.02564133 -0.00488770 -0.02636131
v -0.02564133 -0.00486097 -0.02637128
v -0.02564133 -0.00483308 -0.02637734
v -0.02564134 -0.00496699 -0.02178071
v -0.02564133 -0.00158665 -0.01898317
v -0.02574133 -0.00510462 -0.02797938
v -0.02505809 -0.02008067 -0.02797938
v -0.02461223 -0.02026389 -0.02797938
v -0.02435614 -0.02025987 -0.02797938
v -0.02410774 -0.02010542 -0.02797938
v -0.02381677 -0.01984332 -0.02797938
v -0.02159978 -0.01870733 -0.02797938
v -0.02132156 -0.01865923 -0.02797938
v -0.02048992 -0.01886620 -0.02797938
v -0.01972453 -0.02368071 -0.02797938
v -0.01832241 -0.02567216 -0.02797938
v -0.01780033 -0.02564462 -0.02797938
v -0.00262209 -0.02564560 -0.02797938
v -0.00242234 -0.02551744 -0.02802554
v -0.00151590 -0.02364557 -0.02804605
v -0.00123174 -0.02337381 -0.02801938
v -0.00032219 -0.02292180 -0.02802438
v 0.00086866 -0.02307441 -0.02797938
v 0.00171582 -0.02386162 -0.02797938
v 0.00203819 -0.02486370 -0.02797938
v 0.00234794 -0.02544403 -0.02797938
v 0.00267618 -0.02564121 -0.02797938
v 0.00299260 -0.02564462 -0.02797938
v 0.01779967 -0.02564462 -0.02797938
v 0.01855019 -0.02567263 -0.02801938
v 0.01975888 -0.02541716 -0.02797938
v 0.01998688 -0.02525682 -0.02797938
v 0.02027488 -0.02463715 -0.02797938
v 0.02014444 -0.02408692 -0.02797938
v 0.02422417 -0.02023360 -0.02797938
v 0.02438290 -0.02026848 -0.02797938
v 0.02511433 -0.02007252 -0.02799115
v 0.02552865 -0.01944685 -0.02801938
v 0.02562056 -0.01883667 -0.02800438
v 0.02564067 -0.01780362 -0.02797938
v 0.02564067 0.01779638 -0.02797938
v 0.02570504 0.01796933 -0.02797938
v 0.02488699 0.02016397 -0.02797938
v 0.02423907 0.02016639 -0.02797938
v 0.02004995 0.02391929 -0.02797938
v 0.02030083 0.02462100 -0.02797938
v 0.02025344 0.02477800 -0.02802700
v 0.01992154 0.02523671 -0.02797938
v 0.01935028 0.02548925 -0.02797938
v 0.01779967 0.02563738 -0.02797938
v 0.00299260 0.02563738 -0.02797938
v 0.00285158 0.02567691 -0.02797938
v 0.00208514 0.02491651 -0.02797938
v 0.00176561 0.02395525 -0.02797938
v -0.00046525 0.02294092 -0.02797938
v -0.00121499 0.02326538 -0.02797938
v -0.00163190 0.02367427 -0.02797938
v -0.00185494 0.02411104 -0.02797938
v -0.00199345 0.02451684 -0.02797938
v -0.00204515 0.02473021 -0.02797938
v -0.00211866 0.02510643 -0.02797938
v -0.00285960 0.02562745 -0.02802224
v -0.00299325 0.02563738 -0.02797938
v -0.01780033 0.02563738 -0.02797938
v -0.01946487 0.02346628 -0.02797938
v -0.01877171 0.02212458 -0.02797938
v -0.02221085 0.01873628 -0.02797938
v -0.02373978 0.01982147 -0.02797938
v -0.02414403 0.02013062 -0.02797938
v -0.02514549 0.02000935 -0.02797938
v -0.02564859 0.01872164 -0.02797938
v -0.02574133 0.01779638 -0.02797938
v -0.02565587 0.01837329 -0.02797938
v -0.02551656 0.01939909 -0.02797938
v -0.02550930 0.01966350 -0.02797938
v -0.02543384 0.01973509 -0.02797938
v -0.02509398 0.02014037 -0.02797938
v -0.02503712 0.02019915 -0.02797938
v -0.02478282 0.02030020 -0.02797938
v -0.02425105 0.02025839 -0.02797938
v -0.02399435 0.02014266 -0.02797938
v -0.02096429 0.01875739 -0.02797938
v -0.01987072 0.01923334 -0.02797938
v -0.01869373 0.02148701 -0.02797938
v -0.01894949 0.02266698 -0.02797938
v -0.01780033 0.02573738 -0.02797938
v -0.00285689 0.02570814 -0.02797938
v -0.00241348 0.02554908 -0.02797938
v -0.00201503 0.02486933 -0.02797938
v -0.00134947 0.02350078 -0.02805438
v -0.00031085 0.02296700 -0.02797938
v 0.00050282 0.02298315 -0.02797938
v 0.00120247 0.02339444 -0.02805438
v 0.00130256 0.02335292 -0.02797938
v 0.00190006 0.02422760 -0.02797938
v 0.00250937 0.02558153 -0.02797938
v 0.00299260 0.02573738 -0.02797938
v 0.01986329 0.02538010 -0.02797938
v 0.02012490 0.02515665 -0.02797938
v 0.02023120 0.02498038 -0.02797938
v 0.02413062 0.02025577 -0.02797938
v 0.02487252 0.02025034 -0.02797938
v 0.02507284 0.02016982 -0.02797938
v 0.02542382 0.01974271 -0.02797938
v 0.02554976 0.01925430 -0.02801622
v 0.02574067 -0.01780362 -0.02797938
v 0.02540847 -0.01988990 -0.02797938
v 0.02483652 -0.02029785 -0.02797938
v 0.02445972 -0.02025643 -0.02797938
v 0.02385064 -0.02000687 -0.02801271
v 0.02014212 -0.02509242 -0.02802938
v 0.01779967 -0.02574462 -0.02797938
v 0.00299260 -0.02574462 -0.02797938
v 0.00285157 -0.02568414 -0.02797938
v 0.00202330 -0.02453201 -0.02797938
v 0.00147161 -0.02358110 -0.02797938
v -0.00026064 -0.02300656 -0.02797938
v -0.00299325 -0.02574462 -0.02797938
v -0.01780033 -0.02574462 -0.02797938
v -0.01911971 -0.02304128 -0.02797938
v -0.01885459 -0.02243669 -0.02797938
v -0.01869430 -0.02164570 -0.02797938
v -0.01873297 -0.02092264 -0.02797938
v -0.01950259 -0.01953324 -0.02801015
v -0.02228641 -0.01878433 -0.02797938
v -0.02348145 -0.01959636 -0.02797938
v -0.02394671 -0.02008587 -0.02797938
v -0.02506649 -0.02021369 -0.02797938
v -0.02539710 -0.01978552 -0.02797938
v -0.02544279 -0.01970662 -0.02797938
v -0.02560715 -0.01895315 -0.02797938
v -0.02759710 -0.00463863 -0.02042333
v -0.02780015 -0.00516650 -0.02817254
v -0.02714992 -0.01939937 -0.00574528
v -0.02699094 0.00561615 -0.02547950
v -0.02758258 0.00394911 -0.01986352
v -0.02755040 0.00022367 -0.01862463
v -0.02574133 0.00509738 -0.02817938
v -0.02857976 0.00543428 -0.02817919
v -0.02271660 0.02653982 -0.02817905
v -0.01993182 0.02759240 -0.02817915
v -0.01738651 0.02780023 -0.02817853
v 0.02434828 0.02535388 -0.02817938
v 0.02777650 0.01905945 -0.02817963
v 0.02693895 -0.02204387 -0.02817838
v 0.02489872 -0.02490267 -0.02817912
v 0.02212725 -0.02538789 -0.02863696
v 0.01738586 -0.02780747 -0.02817853
v -0.02195448 -0.02689994 -0.02817938
v -0.02379527 -0.02582841 -0.02817957
v -0.02773607 -0.01924970 -0.02817949
v -0.02574133 -0.00510462 -0.02817938
v -0.02574133 -0.01780362 -0.02817938
v -0.02541754 -0.01990688 -0.02817938
v -0.02559611 -0.01916266 -0.02802938
v -0.02570053 -0.01828660 -0.02802938
v -0.02398413 -0.02014866 -0.02817938
v -0.02424556 -0.02027768 -0.02817938
v -0.02474540 -0.02032910 -0.02817938
v -0.02297154 -0.01909149 -0.02817938
v -0.02106866 -0.01875249 -0.02817938
v -0.01963548 -0.01943543 -0.02817938
v -0.01896577 -0.02028831 -0.02805438
v -0.01920362 -0.02292883 -0.02834717
v -0.01918742 -0.02304423 -0.02817938
v -0.01857738 -0.02571726 -0.02811938
v -0.00299325 -0.02574462 -0.02817938
v -0.00212794 -0.02525027 -0.02817938
v -0.00229184 -0.02544654 -0.02803393
v -0.00248226 -0.02560784 -0.02817938
v -0.00269967 -0.02570076 -0.02817938
v -0.00284483 -0.02573359 -0.02817938
v -0.00198491 -0.02458780 -0.02806510
v -0.00185436 -0.02425359 -0.02817938
v -0.00181873 -0.02406594 -0.02801938
v -0.00135110 -0.02352870 -0.02817938
v -0.00086105 -0.02319831 -0.02817938
v -0.00017520 -0.02300629 -0.02817938
v 0.00029519 -0.02302557 -0.02817938
v 0.00070142 -0.02312546 -0.02817938
v 0.00085981 -0.02318730 -0.02804605
v 0.00180663 -0.02401521 -0.02817938
v 0.00201597 -0.02497510 -0.02817938
v 0.00213451 -0.02517499 -0.02801271
v 0.00212729 -0.02525027 -0.02805938
v 0.00238134 -0.02555062 -0.02815081
v 0.00269902 -0.02570076 -0.02817938
v 0.00284418 -0.02573359 -0.02817938
v 0.00299260 -0.02574462 -0.02817938
v 0.01779967 -0.02574462 -0.02817938
v 0.01977914 -0.02549455 -0.02815438
v 0.01999966 -0.02382962 -0.02817938
v 0.02018838 -0.02406155 -0.02817938
v 0.02035057 -0.02452530 -0.02817938
v 0.02387824 -0.02006691 -0.02817938
v 0.02418727 -0.02026000 -0.02817938
v 0.02467152 -0.02033189 -0.02817938
v 0.02522692 -0.02009507 -0.02817938
v 0.02548786 -0.01972714 -0.02817938
v 0.02573006 -0.01823882 -0.02817938
v 0.02565597 -0.01896040 -0.02817938
v 0.02574067 0.01779638 -0.02817938
v 0.02564540 0.01912887 -0.02817938
v 0.02386930 0.02005018 -0.02817938
v 0.02410955 0.02021534 -0.02817938
v 0.02438677 0.02030558 -0.02817938
v 0.02503430 0.02024652 -0.02817938
v 0.02544721 0.01979573 -0.02817938
v 0.02550865 0.01966350 -0.02817938
v 0.02006296 0.02387494 -0.02817938
v 0.02026190 0.02419998 -0.02811784
v 0.02032277 0.02454192 -0.02817938
v 0.02010284 0.02520594 -0.02817938
v 0.01960140 0.02554189 -0.02812938
v 0.01823981 0.02572568 -0.02809938
v 0.01779967 0.02573738 -0.02817938
v 0.00299260 0.02573738 -0.02817938
v 0.00202818 0.02503076 -0.02810795
v 0.00212729 0.02524303 -0.02817938
v 0.00227925 0.02540253 -0.02804605
v 0.00248161 0.02560060 -0.02817938
v 0.00269902 0.02569352 -0.02817938
v 0.00284418 0.02572636 -0.02817938
v -0.00163209 0.02383136 -0.02817938
v -0.00086105 0.02319107 -0.02817938
v -0.00041684 0.02303515 -0.02817938
v 0.00048850 0.02302959 -0.02817938
v 0.00178232 0.02399858 -0.02817938
v -0.00209623 0.02519049 -0.02817938
v -0.00226915 0.02543268 -0.02817938
v -0.00249417 0.02560650 -0.02817938
v -0.00269967 0.02569352 -0.02817938
v -0.00284483 0.02572636 -0.02817938
v -0.00299325 0.02573738 -0.02817938
v -0.01855282 0.02571254 -0.02817938
v -0.02309874 0.01920852 -0.02817938
v -0.02211732 0.01881649 -0.02817938
v -0.02149113 0.01873990 -0.02817938
v -0.01992199 0.01914502 -0.02817938
v -0.01880838 0.02078329 -0.02817938
v -0.01913282 0.02253735 -0.02834228
v -0.01921493 0.02308761 -0.02817938
v -0.02411834 0.02022845 -0.02817938
v -0.02481974 0.02031530 -0.02817938
v -0.02558762 0.01963148 -0.02817938
v 0.01281846 0.00000315 0.01307267
v 0.01288977 0.00208706 0.01312055
v 0.01422509 0.00209631 0.01312051
v 0.01296419 -0.00224610 0.01312056
v -0.01013677 -0.01083346 0.01312062
v -0.01050025 -0.01065988 0.01302062
v -0.01099883 -0.01059399 0.01306348
v -0.01143054 -0.01075969 0.01308062
v -0.01175442 -0.01109545 0.01303490
v -0.01192567 -0.01153734 0.01307062
v -0.01183946 -0.01208938 0.01300062
v -0.00995192 -0.01388757 0.01304062
v -0.01021076 -0.01015354 0.01308985
v -0.00919653 -0.01170891 0.01312062
v -0.00968911 -0.01095800 0.01305395
v -0.00896099 -0.01020829 0.01312062
v -0.00745284 -0.01116644 0.01353001
v -0.01082258 -0.00791230 0.01312062
v -0.01279259 -0.00711719 0.01300062
v -0.01343558 -0.00648589 0.01312062
v -0.01433529 -0.00657175 0.01307062
v -0.01502933 -0.00722255 0.01312062
v -0.01307405 -0.00293447 0.01294562
v -0.01232102 -0.00430598 0.01309395
v -0.01303229 -0.00135240 0.01312062
v -0.01276415 0.00272078 0.01296062
v -0.01281386 0.00311625 0.01297776
v -0.01309192 0.00374112 0.01312062
v -0.01516532 0.00443352 0.01303312
v -0.01627701 0.00400689 0.01302062
v -0.01716153 0.00242792 0.01333423
v -0.01260582 0.00674339 0.01297516
v -0.01218822 0.00481534 0.01308729
v -0.00962502 0.01125495 0.01312062
v -0.00933786 0.01185596 0.01301153
v -0.00932855 0.01234253 0.01305395
v -0.00948587 0.01266199 0.01312062
v -0.00988718 0.01302919 0.01303641
v -0.01040096 0.01316433 0.01302062
v -0.01098171 0.01296419 0.01307062
v -0.00929688 0.01130670 0.01303827
v -0.00993126 0.01082771 0.01304284
v -0.00940412 0.01080979 0.01302971
v -0.01040520 0.00953587 0.01307062
v -0.01983635 -0.01999228 -0.00506882
v -0.02005021 0.01966388 -0.00516773
v 0.02025577 0.02080669 -0.00543168
v 0.02075577 0.02199948 -0.00522938
v 0.02200277 0.02025248 -0.00522938
v 0.01897684 0.02050248 -0.00523331
v -0.02048990 0.02236061 -0.00519640
v -0.02021524 0.02062932 -0.00554291
v -0.01900942 0.02050248 -0.00522938
v -0.02052444 -0.02078732 -0.00548750
v -0.02084549 -0.02241813 -0.00518147
v -0.02242553 -0.02081973 -0.00518103
v -0.02164114 -0.01965115 -0.00509696
v -0.02050642 -0.01901272 -0.00522938
v 0.02050577 -0.01898078 -0.00523331
v 0.02050019 -0.02025841 -0.00564792
v 0.02075577 -0.02025972 -0.00522938
v 0.02237632 -0.02048709 -0.00519657
v 0.02063639 -0.02162118 -0.00516105
v 0.01897621 -0.02050972 -0.00523303
v 0.01985157 -0.01971873 -0.00498916
v 0.02731523 0.01779638 -0.00967938
v 0.02761375 0.01049638 -0.02107938
v 0.02761223 -0.01124488 -0.02102128
v 0.02744616 -0.01050362 -0.01467938
v 0.02731015 -0.01132755 -0.01477476
v 0.02747891 -0.01325052 -0.01593000
v 0.02757441 -0.01341292 -0.01957689
v 0.02755528 0.01156641 -0.02093020
v 0.02749687 0.01302963 -0.01989036
v 0.02743126 0.01371349 -0.01763668
v 0.02742572 0.01311178 -0.01598254
v 0.01737861 0.02780111 -0.02817839
v -0.01737926 -0.02780835 -0.02817839
v 0.01964685 0.02708491 -0.00555661
v 0.02599075 0.02246135 -0.00548020
v 0.02720243 0.01779638 -0.00537153
v 0.02350077 0.02541312 -0.00557130
v 0.02088104 0.02736987 -0.02817858
v 0.02383689 0.02566132 -0.02206469
v 0.02529949 0.02447796 -0.02817940
v 0.02693537 0.02010888 -0.00544178
v 0.02703259 0.02185929 -0.02817660
v -0.02247135 0.02597685 -0.00542453
v -0.01780033 0.02719914 -0.00537153
v -0.02606320 0.02236192 -0.00556797
v -0.02713097 0.02029328 -0.01510774
v -0.02450413 0.02444475 -0.00560913
v -0.02707483 0.02054679 -0.00744813
v -0.02745474 0.02057987 -0.02817902
v -0.02554802 0.02424527 -0.02817886
v -0.02011283 0.02693207 -0.00544178
v -0.02035760 0.02734026 -0.02361781
v 0.02245683 -0.02601240 -0.00558366
v 0.01779967 -0.02720637 -0.00537153
v 0.02717010 -0.01940330 -0.00600941
v 0.02606255 -0.02236916 -0.00556797
v 0.02772240 -0.01962424 -0.02817936
v 0.02448499 -0.02445116 -0.00548331
v 0.02011217 -0.02693931 -0.00544178
v 0.02374852 -0.02572131 -0.02188620
v 0.02035695 -0.02734750 -0.02361781
v -0.02224970 -0.02612508 -0.00551577
v -0.02720308 -0.01780362 -0.00537153
v -0.01971084 -0.02706940 -0.00549118
v -0.02387789 -0.02511327 -0.00607515
v -0.02262115 -0.02615354 -0.01449467
v -0.02307933 -0.02632641 -0.02238559
v -0.02599331 -0.02246349 -0.00547207
v -0.02016188 -0.02755848 -0.02817867
v -0.02498271 -0.02479637 -0.02817873
v -0.02713384 -0.02030414 -0.01529003
v -0.02703095 -0.02186702 -0.02817782
v -0.01780033 -0.02690648 -0.00507938
v 0.01779967 -0.02690648 -0.00507938
v 0.01909515 -0.02681382 -0.00507938
v 0.02093717 -0.02313094 -0.00500894
v 0.02364007 -0.02482466 -0.00507973
v 0.02459360 -0.02390085 -0.00507954
v 0.02467916 -0.02376472 -0.00507938
v 0.02545749 -0.02272500 -0.00507938
v 0.02607992 -0.02158508 -0.00507938
v 0.02653380 -0.02036819 -0.00507938
v 0.02680988 -0.01909909 -0.00507938
v 0.02690253 -0.01780362 -0.00507938
v 0.02690253 0.01779638 -0.00507938
v 0.02480378 0.02364980 -0.00507966
v 0.02289088 0.02537825 -0.00507973
v 0.02272105 0.02545419 -0.00507938
v 0.02158114 0.02607663 -0.00507938
v 0.02036425 0.02653051 -0.00507938
v 0.01779967 0.02689924 -0.00507938
v -0.01780033 0.02689924 -0.00507938
v -0.01909580 0.02680659 -0.00507938
v -0.01998080 0.02310774 -0.00503509
v -0.02113312 0.02304432 -0.00503362
v -0.02183344 0.02277906 -0.00502826
v -0.02272227 0.02195045 -0.00505700
v -0.02467981 0.02375749 -0.00507938
v -0.02545814 0.02271776 -0.00507938
v -0.02608058 0.02157784 -0.00507938
v -0.02653445 0.02036095 -0.00507938
v -0.02690318 0.01779638 -0.00507938
v -0.02690318 -0.01780362 -0.00507938
v -0.02681053 -0.01909909 -0.00507938
v -0.02653445 -0.02036819 -0.00507938
v -0.02608058 -0.02158508 -0.00507938
v -0.02545814 -0.02272500 -0.00507938
v -0.02467981 -0.02376472 -0.00507938
v -0.02376143 -0.02468310 -0.00507938
v -0.02272170 -0.02546143 -0.00507938
v -0.02158179 -0.02608387 -0.00507938
v -0.02036490 -0.02653775 -0.00507938
v -0.01909580 -0.02681382 -0.00507938
v -0.02011817 -0.01793381 -0.00507938
v -0.01973858 -0.01802045 -0.00507938
v -0.01937615 -0.01816269 -0.00507938
v -0.01903897 -0.01835736 -0.00507938
v -0.01873457 -0.01860012 -0.00507938
v -0.01846975 -0.01888552 -0.00507938
v -0.01825043 -0.01920721 -0.00507938
v -0.01808150 -0.01955800 -0.00507938
v -0.01796674 -0.01993005 -0.00507938
v -0.01790871 -0.02031504 -0.00507938
v -0.01790871 -0.02070439 -0.00507938
v -0.01819210 -0.02162423 -0.00507938
v -0.01996023 -0.02290276 -0.00507938
v -0.02253449 -0.02189243 -0.00507938
v -0.02257664 -0.01915133 -0.00507938
v -0.02145547 -0.01809157 -0.00507938
v -0.02070055 -0.01791926 -0.00507938
v -0.00998006 -0.01125329 0.01294919
v -0.01076294 -0.01059924 0.01292062
v -0.01119664 -0.01064446 0.01292062
v -0.01156522 -0.01086925 0.01292062
v -0.01188515 -0.01137397 0.01292062
v -0.01192056 -0.01185295 0.01298729
v -0.01163153 -0.01239275 0.01298312
v -0.01018052 -0.01060885 0.01292062
v -0.00989980 -0.00864936 0.01292062
v -0.00964777 -0.01108685 0.01292062
v -0.00971824 -0.01071003 0.01294919
v -0.00869864 -0.01163011 0.01292062
v -0.00955993 -0.01125366 0.01292062
v -0.01140042 -0.01165394 0.01292062
v -0.01133059 -0.01199010 0.01292062
v -0.01067181 -0.01108501 0.01292062
v -0.01004936 -0.01145462 0.01312062
v -0.01041120 -0.01119000 0.01312062
v -0.01058520 -0.01111993 0.01312062
v -0.01083764 -0.01109088 0.01312062
v -0.00976902 -0.01286667 0.01297062
v -0.01109044 -0.01118255 0.01299335
v -0.01132454 -0.01143652 0.01302729
v -0.01138197 -0.01161950 0.01312062
v -0.01138954 -0.01168916 0.01312062
v -0.01135399 -0.01197889 0.01312062
v -0.01116389 -0.01222835 0.01299562
v -0.01297916 -0.00688022 0.01292062
v -0.01335253 -0.00692708 0.01292062
v -0.01338887 -0.00655566 0.01292062
v -0.01357678 -0.00649102 0.01292062
v -0.01390883 -0.00646978 0.01292062
v -0.01423505 -0.00673603 0.01292062
v -0.01420445 -0.00695057 0.01292062
v -0.01494025 -0.00709784 0.01292062
v -0.01505480 -0.00759721 0.01292062
v -0.01496738 -0.00803251 0.01300633
v -0.01098124 -0.00777501 0.01292062
v -0.01254591 -0.00845135 0.01292062
v -0.01402406 -0.00932445 0.01295698
v -0.01317934 -0.00739135 0.01292062
v -0.01380466 -0.00698267 0.01292062
v -0.01444342 -0.00736283 0.01292062
v -0.01454660 -0.00765297 0.01292062
v -0.01247831 -0.00822329 0.01312062
v -0.01359735 -0.00702700 0.01312062
v -0.01380211 -0.00700087 0.01312062
v -0.01394259 -0.00701621 0.01312062
v -0.01418662 -0.00711942 0.01312062
v -0.01438443 -0.00728291 0.01312062
v -0.01453322 -0.00756141 0.01312062
v -0.01453191 -0.00778795 0.01312062
v -0.01382257 -0.00917151 0.01303490
v -0.01450662 -0.00789199 0.01308312
v -0.01619850 -0.00528841 0.01309205
v -0.01699039 -0.00064645 0.01292062
v -0.01298668 -0.00060707 0.01292062
v -0.01312804 0.00091281 0.01303490
v -0.01290334 0.00336065 0.01292062
v -0.01299652 0.00352143 0.01292062
v -0.01310312 0.00366144 0.01292062
v -0.01330612 0.00386711 0.01292062
v -0.01397230 0.00424300 0.01297062
v -0.01539777 0.00438396 0.01292062
v -0.01583229 0.00426784 0.01292062
v -0.01621783 0.00401440 0.01292062
v -0.01671074 0.00308859 0.01292062
v -0.01685038 0.00169992 0.01300812
v -0.01324815 0.00298858 0.01292062
v -0.01543273 0.00384388 0.01292062
v -0.01586200 0.00364604 0.01292062
v -0.01625933 0.00294519 0.01292062
v -0.01328996 0.00303293 0.01312062
v -0.01338678 0.00136113 0.01312062
v -0.01348549 0.00331781 0.01312062
v -0.01369596 0.00350370 0.01312062
v -0.01385015 0.00360646 0.01299205
v -0.01451256 0.00383044 0.01301474
v -0.01504943 0.00388030 0.01297776
v -0.01554452 0.00381074 0.01312062
v -0.01599665 0.00353680 0.01312062
v -0.01627719 0.00316208 0.01302462
v -0.01631796 0.00264351 0.01312062
v -0.01064306 0.00762967 0.01305395
v -0.01252660 0.00760552 0.01299562
v -0.01317778 0.00642026 0.01294919
v -0.01489732 0.00817455 0.01302432
v -0.00983056 0.01095365 0.01292062
v -0.00931180 0.01221398 0.01292062
v -0.00954915 0.01273537 0.01292062
v -0.00968599 0.01287539 0.01292062
v -0.01014306 0.01312458 0.01292062
v -0.01067961 0.01310994 0.01298729
v -0.01107073 0.01288878 0.01292062
v -0.01191466 0.01105340 0.01292062
v -0.00737961 0.01087613 0.01292062
v -0.00894800 0.01127084 0.01303173
v -0.00962662 0.01083784 0.01292062
v -0.01017081 0.01070926 0.01300812
v -0.00997505 0.00848154 0.01292062
v -0.00982509 0.01204005 0.01292062
v -0.00990995 0.01231345 0.01294415
v -0.01042194 0.01263726 0.01292062
v -0.01086930 0.01248127 0.01296677
v -0.00983180 0.01186679 0.01300062
v -0.01010056 0.01141679 0.01300633
v -0.00992876 0.01163360 0.01304919
v -0.00983365 0.01210178 0.01312062
v -0.00995524 0.01236985 0.01312062
v -0.01011758 0.01252526 0.01303490
v -0.01030557 0.01260554 0.01312062
v -0.01048999 0.01262287 0.01312062
v -0.01067944 0.01257629 0.01312062
v -0.01189093 0.01136897 0.01312062
v 0.01344968 0.00223657 0.01300062
v 0.01300670 -0.00206262 0.01300062
v 0.01307840 -0.00218932 0.01300060
v 0.01336093 -0.00228314 0.01300060
v 0.01330072 0.00228571 0.01300055
v 0.01302225 0.00210507 0.01300067
v 0.02741382 0.01049638 -0.02108462
v 0.02741382 -0.01050362 -0.02108462
v 0.02724623 -0.01050362 -0.01468462
v 0.02726540 -0.01257309 -0.01541662
v 0.02729384 -0.01341283 -0.01650252
v 0.02732885 -0.01372413 -0.01783949
v 0.02736407 -0.01345042 -0.01918466
v 0.02738902 -0.01278673 -0.02013738
v 0.02744725 -0.01247185 -0.02001034
v 0.02741062 -0.01145120 -0.02096236
v 0.02724623 0.01049638 -0.01468462
v 0.02749183 0.01135848 -0.02046798
v 0.02747958 0.01286035 -0.01922988
v 0.02743774 0.01314347 -0.01852502
v 0.02739882 0.01320685 -0.01796500
v 0.02738184 0.01310382 -0.01713467
v 0.02741610 0.01275605 -0.01639640
v 0.02736696 0.01173861 -0.01547491
v 0.02733190 0.01103173 -0.01522742
v 0.02745926 0.01049638 -0.01517938
v 0.02740073 0.01049638 -0.02058461
v 0.02733398 0.01246578 -0.01578841
v 0.02725933 0.01049638 -0.01518462
v 0.02725933 -0.01050362 -0.01518462
v 0.02742823 -0.01101278 -0.01538355
v 0.02735251 -0.01210857 -0.01568691
v 0.02736667 -0.01263991 -0.01622787
v 0.02737924 -0.01294430 -0.01670767
v 0.02739330 -0.01312946 -0.01724490
v 0.02740803 -0.01321130 -0.01780722
v 0.02743260 -0.01308275 -0.01874547
v 0.02746571 -0.01250521 -0.01972359
v 0.02746108 -0.01103897 -0.02053833
v 0.02760066 -0.01050362 -0.02057938
v 0.02740073 -0.01050362 -0.02058461
v 0.02741297 0.01095294 -0.02105188
v 0.02740621 0.01182889 -0.02079398
v 0.02746994 0.01172970 -0.02049882
v 0.02737515 0.01319280 -0.01960778
v 0.02743342 0.01358004 -0.01877698
v 0.02731774 0.01366179 -0.01741534
v 0.02729929 0.01348133 -0.01671090
v 0.02725249 0.01176324 -0.01492357
v 0.02740597 0.01150507 -0.01478151
v 0.02754967 -0.01014502 -0.01998051
v 0.02737744 -0.00855354 -0.01816711
v 0.02747131 -0.00845779 -0.01818628
v 0.02753836 -0.00836059 -0.01820012
v 0.02742934 -0.00787668 -0.01785697
v 0.02743592 -0.00767235 -0.01756260
v 0.02740852 -0.00757205 -0.01706179
v 0.02748746 -0.00782262 -0.01625645
v 0.02739170 -0.00847873 -0.01599520
v 0.02743208 -0.00902566 -0.01825563
v 0.02746946 -0.00878771 -0.01843411
v 0.02742020 -0.00991329 -0.01805371
v 0.02754053 -0.00117145 -0.01998075
v 0.02758496 -0.00361062 -0.01997959
v 0.02740617 -0.00333287 -0.01970113
v 0.02758496 0.00007786 -0.01997968
v 0.02758481 0.00194201 -0.01997410
v 0.02757903 0.00275055 -0.01975322
v 0.02754812 0.00335997 -0.01857283
v 0.02749678 0.00314393 -0.01661250
v 0.02748178 0.00235111 -0.01603936
v 0.02735732 0.00196165 -0.01598816
v 0.02747170 0.00892465 -0.01912732
v 0.02759399 0.00697557 -0.02032473
v 0.02753776 0.00918186 -0.01817741
v 0.02744643 0.01004743 -0.01738628
v 0.02744761 0.01008566 -0.01702686
v 0.02742811 0.01003342 -0.01668647
v 0.02749162 0.00990742 -0.01641518
v 0.02748234 0.00957287 -0.01606072
v 0.02758501 0.00996565 -0.01998181
v 0.02753954 0.00935690 -0.01824508
v 0.02753887 0.00856381 -0.01821980
v 0.02747603 0.00879997 -0.01836666
v 0.02741970 0.00774875 -0.01803458
v 0.02755163 0.00412448 -0.01998046
v 0.02758496 0.00363292 -0.01997959
v 0.02748333 0.00645517 -0.01609885
v 0.02741023 0.00542820 -0.01886373
v 0.02744026 -0.00197075 -0.01598200
v 0.02738642 -0.00638934 -0.01876487
v 0.02756751 -0.00709758 -0.02013214
v 0.02746404 -0.00686808 -0.01536216
v 0.02754026 -0.00476271 -0.01827265
v 0.02751490 -0.00412473 -0.01730443
v 0.02748528 -0.00455816 -0.01617298
v 0.02742474 -0.00991068 -0.01640784
v 0.02743111 -0.00871154 -0.01774272
v 0.02751953 -0.00817517 -0.01748099
v 0.02732061 -0.00820515 -0.01752482
v 0.02740362 -0.00834905 -0.01763903
v 0.02744480 -0.00844613 -0.01768320
v 0.02743983 -0.00853800 -0.01771189
v 0.02728032 -0.01037692 -0.01598619
v 0.02732581 -0.00776633 -0.01772345
v 0.02731634 -0.00760942 -0.01736190
v 0.02729795 -0.00764131 -0.01665946
v 0.02729169 -0.00775465 -0.01642042
v 0.02728891 -0.00783017 -0.01631435
v 0.02728670 -0.00790954 -0.01622990
v 0.02728423 -0.00803044 -0.01613571
v 0.02733918 -0.00821922 -0.01605105
v 0.02728267 -0.01015846 -0.01607631
v 0.02734091 -0.00835209 -0.01830036
v 0.02738502 -0.00729238 -0.01998482
v 0.02740456 -0.00804777 -0.01864725
v 0.02738472 -0.00782852 -0.01997345
v 0.02746162 -0.00922780 -0.01820810
v 0.02733890 -0.00913732 -0.01822337
v 0.02729686 -0.00821762 -0.01661791
v 0.02731706 -0.00812506 -0.01738942
v 0.02741548 -0.00855431 -0.01644609
v 0.02743282 -0.00834208 -0.01652058
v 0.02749785 -0.00819245 -0.01665300
v 0.02741018 -0.00809217 -0.01683165
v 0.02744088 -0.00805683 -0.01702423
v 0.02736065 -0.00805841 -0.01714410
v 0.02740546 -0.00808725 -0.01729254
v 0.02740688 -0.00638894 -0.01645361
v 0.02749401 -0.00500451 -0.01650661
v 0.02729429 -0.00498803 -0.01651970
v 0.02738125 -0.00466563 -0.01729396
v 0.02732423 -0.00480732 -0.01766327
v 0.02737815 -0.00501733 -0.01781221
v 0.02738747 -0.00486652 -0.01660549
v 0.02738711 -0.00477031 -0.01672174
v 0.02740394 -0.00469527 -0.01688691
v 0.02741681 -0.00465827 -0.01708481
v 0.02747060 -0.00472610 -0.01752244
v 0.02752644 -0.00490014 -0.01774495
v 0.02744619 -0.00520378 -0.01786397
v 0.02741315 -0.00638330 -0.01791310
v 0.02740048 -0.00516732 -0.01599081
v 0.02728028 -0.00685273 -0.01598492
v 0.02734243 -0.00539639 -0.01835812
v 0.02734151 -0.00501413 -0.01832315
v 0.02733714 -0.00461818 -0.01815641
v 0.02733327 -0.00446634 -0.01800838
v 0.02732759 -0.00432359 -0.01779167
v 0.02731668 -0.00419059 -0.01737498
v 0.02730461 -0.00419495 -0.01691380
v 0.02729585 -0.00429109 -0.01657960
v 0.02728921 -0.00444742 -0.01632579
v 0.02728538 -0.00460806 -0.01617966
v 0.02728258 -0.00481446 -0.01607283
v 0.02728888 -0.00545877 -0.01631304
v 0.02745753 -0.00519010 -0.01646172
v 0.02746025 -0.00361062 -0.01598148
v 0.02753262 -0.00142323 -0.01950906
v 0.02738502 -0.00056188 -0.01998482
v 0.02737835 0.00094950 -0.01645552
v 0.02736774 0.00246165 -0.01932484
v 0.02756835 0.00241577 -0.01934550
v 0.02746148 0.00225813 -0.01943173
v 0.02747191 0.00207887 -0.01948291
v 0.02747255 0.00187240 -0.01950714
v 0.02738502 0.00048570 -0.01998482
v 0.02740754 0.00007786 -0.01598286
v 0.02747693 0.00095548 -0.01967446
v 0.02738447 0.00210023 -0.01996362
v 0.02738130 0.00252711 -0.01984265
v 0.02737600 0.00282185 -0.01964037
v 0.02736640 0.00310348 -0.01927343
v 0.02735239 0.00329727 -0.01873871
v 0.02733738 0.00337875 -0.01816545
v 0.02732252 0.00336324 -0.01759790
v 0.02730510 0.00322655 -0.01693278
v 0.02729846 0.00295109 -0.01667918
v 0.02728762 0.00275406 -0.01626493
v 0.02728432 0.00256487 -0.01613925
v 0.02728172 0.00230802 -0.01603995
v 0.02735871 0.00235772 -0.01656723
v 0.02744157 0.00279318 -0.01880177
v 0.02742640 0.00208061 -0.01647153
v 0.02742729 0.00262308 -0.01682380
v 0.02735937 0.00277381 -0.01709515
v 0.02739644 0.00285780 -0.01736482
v 0.02752080 0.00288119 -0.01752975
v 0.02745362 0.00289829 -0.01823851
v 0.02747622 0.00264773 -0.01910150
v 0.02752562 0.00254614 -0.01924161
v 0.02737059 0.00464798 -0.01834213
v 0.02741701 0.00582927 -0.01834106
v 0.02738502 0.00363292 -0.01998482
v 0.02743859 0.00497688 -0.01598205
v 0.02728032 0.00547649 -0.01598619
v 0.02738502 0.00690819 -0.01998482
v 0.02739260 0.00522529 -0.01645406
v 0.02739098 0.00775480 -0.01639200
v 0.02738105 0.00874515 -0.01774931
v 0.02751981 0.00947588 -0.01749172
v 0.02732021 0.00946600 -0.01750985
v 0.02740314 0.00934164 -0.01762038
v 0.02744148 0.00921572 -0.01768406
v 0.02745909 0.00908455 -0.01771983
v 0.02742635 0.00891553 -0.01774296
v 0.02738502 0.00728514 -0.01998482
v 0.02728029 0.00728515 -0.01598519
v 0.02736771 0.00913010 -0.01817747
v 0.02733081 0.00972944 -0.01791437
v 0.02741132 0.00994552 -0.01764628
v 0.02731006 0.01008378 -0.01712225
v 0.02729169 0.00990742 -0.01642042
v 0.02728752 0.00978708 -0.01626125
v 0.02728412 0.00962387 -0.01613165
v 0.02728250 0.00948987 -0.01606975
v 0.02728177 0.00940185 -0.01604169
v 0.02728069 0.00919579 -0.01600058
v 0.02734162 0.00934051 -0.01832719
v 0.02743857 0.00960047 -0.01863407
v 0.02738502 0.01008515 -0.01998483
v 0.02734042 0.00867828 -0.01828136
v 0.02733862 0.00847744 -0.01821289
v 0.02729604 0.00940703 -0.01658665
v 0.02738331 0.00959967 -0.01719052
v 0.02740650 0.00905745 -0.01643893
v 0.02742665 0.00923366 -0.01648101
v 0.02749639 0.00942075 -0.01659760
v 0.02738870 0.00951986 -0.01672966
v 0.02740235 0.00956452 -0.01682642
v 0.02742051 0.00960228 -0.01697426
v 0.02740720 0.00955038 -0.01735872
v 0.02044362 -0.02079603 -0.00564716
v 0.02118902 -0.02075972 -0.00555062
v 0.02146784 -0.02042638 -0.00547603
v 0.02020156 -0.02075972 -0.00543168
v -0.02004483 -0.01807223 -0.00707938
v -0.01925992 -0.01835071 -0.00707938
v -0.01880599 -0.01867709 -0.00707938
v -0.01855184 -0.01895099 -0.00707938
v -0.01826030 -0.01942804 -0.00707938
v -0.01804126 -0.02013815 -0.00707938
v -0.01804126 -0.02088128 -0.00707938
v -0.01826030 -0.02159139 -0.00707938
v -0.01867892 -0.02220539 -0.00707938
v -0.01925992 -0.02266873 -0.00707938
v -0.01976953 -0.02289865 -0.00707938
v -0.02013382 -0.02298179 -0.00707938
v -0.02069273 -0.02299575 -0.00707938
v -0.02124331 -0.02289865 -0.00707938
v -0.02175293 -0.02266873 -0.00707938
v -0.02233393 -0.02220539 -0.00707938
v -0.02267149 -0.02175971 -0.00707938
v -0.02288867 -0.02124454 -0.00707938
v -0.02299943 -0.02050972 -0.00707938
v -0.02294374 -0.01995341 -0.00707938
v -0.02269992 -0.01935086 -0.00707938
v -0.02220685 -0.01867709 -0.00707938
v -0.02191472 -0.01844412 -0.00707938
v -0.02141722 -0.01818904 -0.00707938
v -0.02087903 -0.01803764 -0.00707938
v -0.01990332 -0.02056236 -0.00546172
v -0.02072015 0.02023438 -0.00560240
v 0.02032937 0.02047889 -0.00558048
v 0.02050628 0.02024307 -0.00563839
v 0.02050577 0.01940058 -0.00541982
v 0.02146784 0.02041914 -0.00547603
v 0.02058910 0.02141950 -0.00549587
v -0.01940453 0.02050248 -0.00541982
v -0.02075642 0.02075248 -0.00561897
v -0.02050642 0.02118572 -0.00555062
v -0.02050642 0.02160437 -0.00541982
v -0.02118967 0.02075248 -0.00555062
v -0.02203327 0.02058581 -0.00523422
v -0.02050642 -0.01961238 -0.00550048
v -0.02050642 -0.02161161 -0.00541982
v -0.02203997 -0.02025972 -0.00526552
v -0.01780033 0.02719508 -0.00532963
v -0.01780033 0.02718521 -0.00528871
v -0.01780033 0.02716971 -0.00524958
v -0.01780033 0.02714888 -0.00521301
v -0.01780033 0.02712313 -0.00517970
v -0.01780033 0.02709299 -0.00515033
v -0.01780033 0.02705902 -0.00512547
v -0.01780033 0.02702191 -0.00510561
v -0.01780033 0.02698239 -0.00509113
v -0.01780033 0.02694123 -0.00508233
v -0.02694517 0.01779638 -0.00508233
v -0.02698633 0.01779638 -0.00509113
v -0.02702586 0.01779638 -0.00510561
v -0.02706297 0.01779638 -0.00512547
v -0.02709693 0.01779638 -0.00515033
v -0.02712708 0.01779638 -0.00517970
v -0.02715282 0.01779638 -0.00521301
v -0.02717365 0.01779638 -0.00524958
v -0.02718916 0.01779638 -0.00528871
v -0.02719903 0.01779638 -0.00532963
v -0.01913790 0.02709942 -0.00532963
v -0.01913650 0.02708965 -0.00528871
v -0.01913429 0.02707430 -0.00524958
v -0.01913133 0.02705368 -0.00521301
v -0.01912766 0.02702820 -0.00517970
v -0.01912337 0.02699836 -0.00515033
v -0.01911854 0.02696474 -0.00512547
v -0.01911326 0.02692801 -0.00510561
v -0.01910763 0.02688889 -0.00509113
v -0.01910177 0.02684814 -0.00508233
v -0.02044546 0.02680490 -0.00528871
v -0.02044110 0.02679002 -0.00524958
v -0.02043523 0.02677004 -0.00521301
v -0.02042798 0.02674534 -0.00517970
v -0.02041948 0.02671641 -0.00515033
v -0.02040991 0.02668382 -0.00512547
v -0.02039946 0.02664821 -0.00510561
v -0.02038832 0.02661029 -0.00509113
v -0.02037673 0.02657080 -0.00508233
v -0.02170469 0.02634574 -0.00532963
v -0.02102374 0.02664832 -0.00533875
v -0.02169415 0.02632266 -0.00524958
v -0.02168549 0.02630371 -0.00521301
v -0.02167480 0.02628030 -0.00517970
v -0.02166227 0.02625287 -0.00515033
v -0.02164817 0.02622198 -0.00512547
v -0.02163275 0.02618822 -0.00510561
v -0.02161633 0.02615227 -0.00509113
v -0.02159923 0.02611483 -0.00508233
v -0.02288165 0.02570307 -0.00532963
v -0.02287631 0.02569477 -0.00528871
v -0.02285667 0.02566420 -0.00521301
v -0.02284275 0.02564255 -0.00517970
v -0.02282645 0.02561718 -0.00515033
v -0.02280809 0.02558861 -0.00512547
v -0.02278803 0.02555739 -0.00510561
v -0.02276666 0.02552414 -0.00509113
v -0.02274440 0.02548951 -0.00508233
v -0.02395517 0.02489945 -0.00532963
v -0.02394870 0.02489199 -0.00528871
v -0.02342171 0.02530568 -0.00523460
v -0.02392491 0.02486453 -0.00521301
v -0.02390805 0.02484507 -0.00517970
v -0.02388831 0.02482229 -0.00515033
v -0.02386606 0.02479662 -0.00512547
v -0.02384176 0.02476857 -0.00510561
v -0.02381588 0.02473870 -0.00509113
v -0.02378893 0.02470759 -0.00508233
v -0.02570834 0.02299792 -0.00539914
v -0.02489593 0.02394476 -0.00528871
v -0.02488421 0.02393460 -0.00524958
v -0.02486847 0.02392096 -0.00521301
v -0.02484902 0.02390411 -0.00517970
v -0.02482623 0.02388436 -0.00515033
v -0.02480056 0.02386212 -0.00512547
v -0.02477252 0.02383782 -0.00510561
v -0.02474265 0.02381194 -0.00509113
v -0.02471154 0.02378498 -0.00508233
v -0.02569871 0.02287237 -0.00528871
v -0.02568567 0.02286398 -0.00524958
v -0.02566815 0.02285272 -0.00521301
v -0.02564649 0.02283880 -0.00517970
v -0.02562113 0.02282250 -0.00515033
v -0.02559255 0.02280414 -0.00512547
v -0.02556134 0.02278408 -0.00510561
v -0.02552809 0.02276271 -0.00509113
v -0.02549346 0.02274046 -0.00508233
v -0.02634071 0.02169664 -0.00528871
v -0.02632660 0.02169020 -0.00524958
v -0.02630766 0.02168155 -0.00521301
v -0.02628424 0.02167086 -0.00517970
v -0.02625681 0.02165833 -0.00515033
v -0.02622592 0.02164422 -0.00512547
v -0.02619216 0.02162880 -0.00510561
v -0.02615621 0.02161239 -0.00509113
v -0.02611877 0.02159529 -0.00508233
v -0.02681832 0.02044430 -0.00532963
v -0.02680884 0.02044152 -0.00528871
v -0.02679397 0.02043715 -0.00524958
v -0.02677398 0.02043128 -0.00521301
v -0.02674928 0.02042403 -0.00517970
v -0.02672035 0.02041554 -0.00515033
v -0.02668776 0.02040597 -0.00512547
v -0.02665216 0.02039551 -0.00510561
v -0.02661424 0.02038438 -0.00509113
v -0.02657474 0.02037278 -0.00508233
v -0.02716016 0.01884706 -0.00540957
v -0.02709359 0.01913255 -0.00528871
v -0.02707824 0.01913034 -0.00524958
v -0.02705763 0.01912738 -0.00521301
v -0.02703215 0.01912372 -0.00517970
v -0.02700230 0.01911942 -0.00515033
v -0.02696869 0.01911459 -0.00512547
v -0.02693195 0.01910931 -0.00510561
v -0.02689283 0.01910369 -0.00509113
v -0.02685209 0.01909783 -0.00508233
v -0.02694517 -0.01780362 -0.00508233
v -0.02698633 -0.01780362 -0.00509113
v -0.02702586 -0.01780362 -0.00510561
v -0.02706297 -0.01780362 -0.00512547
v -0.02709693 -0.01780362 -0.00515033
v -0.02712708 -0.01780362 -0.00517970
v -0.02715282 -0.01780362 -0.00521301
v -0.02717365 -0.01780362 -0.00524958
v -0.02718916 -0.01780362 -0.00528871
v -0.02719903 -0.01780362 -0.00532963
v 0.01779967 0.02719508 -0.00532963
v 0.01779967 0.02718521 -0.00528871
v 0.01779967 0.02716971 -0.00524958
v 0.01779967 0.02714888 -0.00521301
v 0.01779967 0.02712313 -0.00517970
v 0.01779967 0.02709299 -0.00515033
v 0.01779967 0.02705902 -0.00512547
v 0.01779967 0.02702191 -0.00510561
v 0.01779967 0.02698239 -0.00509113
v 0.01779967 0.02694123 -0.00508233
v -0.01780033 -0.02694847 -0.00508233
v -0.01780033 -0.02698963 -0.00509113
v -0.01780033 -0.02702915 -0.00510561
v -0.01780033 -0.02706626 -0.00512547
v -0.01780033 -0.02710022 -0.00515033
v -0.01780033 -0.02713037 -0.00517970
v -0.01780033 -0.02715612 -0.00521301
v -0.01780033 -0.02717694 -0.00524958
v -0.01780033 -0.02719245 -0.00528871
v -0.01780033 -0.02720232 -0.00532963
v -0.02710336 -0.01914119 -0.00532963
v -0.02709359 -0.01913979 -0.00528871
v -0.02707824 -0.01913758 -0.00524958
v -0.02705763 -0.01913462 -0.00521301
v -0.02703215 -0.01913095 -0.00517970
v -0.02700230 -0.01912666 -0.00515033
v -0.02696869 -0.01912183 -0.00512547
v -0.02693195 -0.01911655 -0.00510561
v -0.02689283 -0.01911092 -0.00509113
v -0.02685209 -0.01910507 -0.00508233
v -0.02680884 -0.02044876 -0.00528871
v -0.02679397 -0.02044439 -0.00524958
v -0.02677398 -0.02043852 -0.00521301
v -0.02674928 -0.02043127 -0.00517970
v -0.02672035 -0.02042278 -0.00515033
v -0.02668776 -0.02041321 -0.00512547
v -0.02665216 -0.02040275 -0.00510561
v -0.02661424 -0.02039162 -0.00509113
v -0.02657474 -0.02038002 -0.00508233
v -0.02634969 -0.02170798 -0.00532963
v -0.02665226 -0.02102703 -0.00533875
v -0.02632660 -0.02169744 -0.00524958
v -0.02630766 -0.02168879 -0.00521301
v -0.02628424 -0.02167809 -0.00517970
v -0.02625681 -0.02166557 -0.00515033
v -0.02622592 -0.02165146 -0.00512547
v -0.02619216 -0.02163604 -0.00510561
v -0.02615621 -0.02161962 -0.00509113
v -0.02611877 -0.02160252 -0.00508233
v -0.02570702 -0.02288494 -0.00532963
v -0.02569871 -0.02287960 -0.00528871
v -0.02568567 -0.02287122 -0.00524958
v -0.02566815 -0.02285996 -0.00521301
v -0.02564649 -0.02284604 -0.00517970
v -0.02562113 -0.02282974 -0.00515033
v -0.02559255 -0.02281138 -0.00512547
v -0.02556134 -0.02279132 -0.00510561
v -0.02552809 -0.02276995 -0.00509113
v -0.02549346 -0.02274770 -0.00508233
v -0.02490339 -0.02395846 -0.00532963
v -0.02489593 -0.02395199 -0.00528871
v -0.02488421 -0.02394184 -0.00524958
v -0.02486847 -0.02392820 -0.00521301
v -0.02484902 -0.02391134 -0.00517970
v -0.02482623 -0.02389160 -0.00515033
v -0.02480056 -0.02386936 -0.00512547
v -0.02477252 -0.02384506 -0.00510561
v -0.02474265 -0.02381917 -0.00509113
v -0.02471154 -0.02379222 -0.00508233
v -0.02300187 -0.02571164 -0.00539915
v -0.02394870 -0.02489922 -0.00528871
v -0.02393855 -0.02488751 -0.00524958
v -0.02392491 -0.02487176 -0.00521301
v -0.02390805 -0.02485231 -0.00517970
v -0.02388831 -0.02482952 -0.00515033
v -0.02386606 -0.02480386 -0.00512547
v -0.02384176 -0.02477581 -0.00510561
v -0.02381588 -0.02474594 -0.00509113
v -0.02378893 -0.02471483 -0.00508233
v -0.02287631 -0.02570201 -0.00528871
v -0.02286793 -0.02568896 -0.00524958
v -0.02285667 -0.02567144 -0.00521301
v -0.02284275 -0.02564978 -0.00517970
v -0.02282645 -0.02562442 -0.00515033
v -0.02280809 -0.02559585 -0.00512547
v -0.02278803 -0.02556463 -0.00510561
v -0.02276666 -0.02553138 -0.00509113
v -0.02274440 -0.02549675 -0.00508233
v -0.02170059 -0.02634400 -0.00528871
v -0.02169415 -0.02632990 -0.00524958
v -0.02168549 -0.02631095 -0.00521301
v -0.02167480 -0.02628753 -0.00517970
v -0.02166227 -0.02626011 -0.00515033
v -0.02164817 -0.02622921 -0.00512547
v -0.02163275 -0.02619546 -0.00510561
v -0.02161633 -0.02615950 -0.00509113
v -0.02159923 -0.02612206 -0.00508233
v -0.02000416 -0.02695526 -0.00531604
v -0.02044110 -0.02679726 -0.00524958
v -0.02043523 -0.02677727 -0.00521301
v -0.02042798 -0.02675257 -0.00517970
v -0.02041948 -0.02672365 -0.00515033
v -0.02040991 -0.02669106 -0.00512547
v -0.02039946 -0.02665545 -0.00510561
v -0.02038832 -0.02661753 -0.00509113
v -0.02037673 -0.02657804 -0.00508233
v -0.01913790 -0.02710666 -0.00532963
v -0.01913429 -0.02708154 -0.00524958
v -0.01913133 -0.02706092 -0.00521301
v -0.01912766 -0.02703544 -0.00517970
v -0.01912337 -0.02700560 -0.00515033
v -0.01911854 -0.02697198 -0.00512547
v -0.01911326 -0.02693525 -0.00510561
v -0.01910763 -0.02689612 -0.00509113
v -0.01910177 -0.02685538 -0.00508233
v 0.02719838 0.01779638 -0.00532963
v 0.02718850 0.01779638 -0.00528871
v 0.02717300 0.01779638 -0.00524958
v 0.02715217 0.01779638 -0.00521301
v 0.02712643 0.01779638 -0.00517970
v 0.02709628 0.01779638 -0.00515033
v 0.02706231 0.01779638 -0.00512547
v 0.02702521 0.01779638 -0.00510561
v 0.02698568 0.01779638 -0.00509113
v 0.02694452 0.01779638 -0.00508233
v 0.02710271 0.01913396 -0.00532963
v 0.02709294 0.01913255 -0.00528871
v 0.02707759 0.01913034 -0.00524958
v 0.02705698 0.01912738 -0.00521301
v 0.02703150 0.01912372 -0.00517970
v 0.02700165 0.01911942 -0.00515033
v 0.02696803 0.01911459 -0.00512547
v 0.02693130 0.01910931 -0.00510561
v 0.02689218 0.01910369 -0.00509113
v 0.02685144 0.01909783 -0.00508233
v 0.02665551 0.02102244 -0.00537690
v 0.02680819 0.02044152 -0.00528871
v 0.02679331 0.02043715 -0.00524958
v 0.02677333 0.02043128 -0.00521301
v 0.02674863 0.02042403 -0.00517970
v 0.02671970 0.02041554 -0.00515033
v 0.02668711 0.02040597 -0.00512547
v 0.02665151 0.02039551 -0.00510561
v 0.02661358 0.02038438 -0.00509113
v 0.02657409 0.02037278 -0.00508233
v 0.02634005 0.02169664 -0.00528871
v 0.02632595 0.02169020 -0.00524958
v 0.02630701 0.02168155 -0.00521301
v 0.02628359 0.02167086 -0.00517970
v 0.02625616 0.02165833 -0.00515033
v 0.02622527 0.02164422 -0.00512547
v 0.02619151 0.02162880 -0.00510561
v 0.02615556 0.02161239 -0.00509113
v 0.02570637 0.02287770 -0.00532963
v 0.02569806 0.02287237 -0.00528871
v 0.02568502 0.02286398 -0.00524958
v 0.02566750 0.02285272 -0.00521301
v 0.02564584 0.02283880 -0.00517970
v 0.02562048 0.02282250 -0.00515033
v 0.02559190 0.02280414 -0.00512547
v 0.02556068 0.02278408 -0.00510561
v 0.02552743 0.02276271 -0.00509113
v 0.02490274 0.02395122 -0.00532963
v 0.02489528 0.02394476 -0.00528871
v 0.02488356 0.02393460 -0.00524958
v 0.02486782 0.02392096 -0.00521301
v 0.02484836 0.02390411 -0.00517970
v 0.02482558 0.02388436 -0.00515033
v 0.02479991 0.02386212 -0.00512547
v 0.02477187 0.02383782 -0.00510561
v 0.02474199 0.02381194 -0.00509113
v 0.02395452 0.02489945 -0.00532963
v 0.02394805 0.02489199 -0.00528871
v 0.02393790 0.02488027 -0.00524958
v 0.02392426 0.02486453 -0.00521301
v 0.02390740 0.02484507 -0.00517970
v 0.02388765 0.02482229 -0.00515033
v 0.02386541 0.02479662 -0.00512547
v 0.02384111 0.02476857 -0.00510561
v 0.02381523 0.02473870 -0.00509113
v 0.02378828 0.02470759 -0.00508233
v 0.02232345 0.02608104 -0.00543639
v 0.02287566 0.02569477 -0.00528871
v 0.02286728 0.02568172 -0.00524958
v 0.02285602 0.02566420 -0.00521301
v 0.02284210 0.02564255 -0.00517970
v 0.02282580 0.02561718 -0.00515033
v 0.02280744 0.02558861 -0.00512547
v 0.02278737 0.02555739 -0.00510561
v 0.02276600 0.02552414 -0.00509113
v 0.02169994 0.02633676 -0.00528871
v 0.02169349 0.02632266 -0.00524958
v 0.02168484 0.02630371 -0.00521301
v 0.02167415 0.02628030 -0.00517970
v 0.02166162 0.02625287 -0.00515033
v 0.02164751 0.02622198 -0.00512547
v 0.02163210 0.02618822 -0.00510561
v 0.02161568 0.02615227 -0.00509113
v 0.02159858 0.02611483 -0.00508233
v 0.01979811 0.02700289 -0.00532037
v 0.02044481 0.02680490 -0.00528871
v 0.02044044 0.02679002 -0.00524958
v 0.02043458 0.02677004 -0.00521301
v 0.02042732 0.02674534 -0.00517970
v 0.02041883 0.02671641 -0.00515033
v 0.02040926 0.02668382 -0.00512547
v 0.02039881 0.02664821 -0.00510561
v 0.02038767 0.02661029 -0.00509113
v 0.02037608 0.02657080 -0.00508233
v 0.01913584 0.02708965 -0.00528871
v 0.01913364 0.02707430 -0.00524958
v 0.01913067 0.02705368 -0.00521301
v 0.01912701 0.02702820 -0.00517970
v 0.01912272 0.02699836 -0.00515033
v 0.01911788 0.02696474 -0.00512547
v 0.01911260 0.02692801 -0.00510561
v 0.01910698 0.02688889 -0.00509113
v 0.01910112 0.02684814 -0.00508233
v 0.01779967 -0.02694847 -0.00508233
v 0.01779967 -0.02698963 -0.00509113
v 0.01779967 -0.02702915 -0.00510561
v 0.01779967 -0.02706626 -0.00512547
v 0.01779967 -0.02710022 -0.00515033
v 0.01779967 -0.02713037 -0.00517970
v 0.01779967 -0.02715612 -0.00521301
v 0.01779967 -0.02717694 -0.00524958
v 0.01779967 -0.02719245 -0.00528871
v 0.01779967 -0.02720232 -0.00532963
v 0.02719838 -0.01780362 -0.00532963
v 0.02713898 -0.01880763 -0.00528358
v 0.02717300 -0.01780362 -0.00524958
v 0.02715217 -0.01780362 -0.00521301
v 0.02712643 -0.01780362 -0.00517970
v 0.02709628 -0.01780362 -0.00515033
v 0.02706231 -0.01780362 -0.00512547
v 0.02702521 -0.01780362 -0.00510561
v 0.02698568 -0.01780362 -0.00509113
v 0.02694452 -0.01780362 -0.00508233
v 0.01913725 -0.02710666 -0.00532963
v 0.01913584 -0.02709688 -0.00528871
v 0.01913364 -0.02708154 -0.00524958
v 0.01913067 -0.02706092 -0.00521301
v 0.01912701 -0.02703544 -0.00517970
v 0.01912272 -0.02700560 -0.00515033
v 0.01911788 -0.02697198 -0.00512547
v 0.01911260 -0.02693525 -0.00510561
v 0.01910698 -0.02689612 -0.00509113
v 0.01910112 -0.02685538 -0.00508233
v 0.02044481 -0.02681214 -0.00528871
v 0.02044044 -0.02679726 -0.00524958
v 0.02043458 -0.02677727 -0.00521301
v 0.02042732 -0.02675257 -0.00517970
v 0.02041883 -0.02672365 -0.00515033
v 0.02040926 -0.02669106 -0.00512547
v 0.02039881 -0.02665545 -0.00510561
v 0.02038767 -0.02661753 -0.00509113
v 0.02037608 -0.02657804 -0.00508233
v 0.02225007 -0.02610671 -0.00533878
v 0.02106144 -0.02663427 -0.00528811
v 0.02169349 -0.02632990 -0.00524958
v 0.02168484 -0.02631095 -0.00521301
v 0.02167415 -0.02628753 -0.00517970
v 0.02166162 -0.02626011 -0.00515033
v 0.02164751 -0.02622921 -0.00512547
v 0.02163210 -0.02619546 -0.00510561
v 0.02161568 -0.02615950 -0.00509113
v 0.02159858 -0.02612206 -0.00508233
v 0.02288100 -0.02571031 -0.00532963
v 0.02286728 -0.02568896 -0.00524958
v 0.02285602 -0.02567144 -0.00521301
v 0.02284210 -0.02564978 -0.00517970
v 0.02282580 -0.02562442 -0.00515033
v 0.02280744 -0.02559585 -0.00512547
v 0.02278737 -0.02556463 -0.00510561
v 0.02276600 -0.02553138 -0.00509113
v 0.02274375 -0.02549675 -0.00508233
v 0.02395452 -0.02490669 -0.00532963
v 0.02394805 -0.02489922 -0.00528871
v 0.02393790 -0.02488751 -0.00524958
v 0.02392426 -0.02487176 -0.00521301
v 0.02390740 -0.02485231 -0.00517970
v 0.02388765 -0.02482952 -0.00515033
v 0.02386541 -0.02480386 -0.00512547
v 0.02384111 -0.02477581 -0.00510561
v 0.02381523 -0.02474594 -0.00509113
v 0.02529713 -0.02350762 -0.00533879
v 0.02489528 -0.02395199 -0.00528871
v 0.02488356 -0.02394184 -0.00524958
v 0.02486782 -0.02392820 -0.00521301
v 0.02484836 -0.02391134 -0.00517970
v 0.02482558 -0.02389160 -0.00515033
v 0.02479991 -0.02386936 -0.00512547
v 0.02477187 -0.02384506 -0.00510561
v 0.02474199 -0.02381917 -0.00509113
v 0.02568502 -0.02287122 -0.00524958
v 0.02564584 -0.02284604 -0.00517970
v 0.02562048 -0.02282974 -0.00515033
v 0.02559190 -0.02281138 -0.00512547
v 0.02556068 -0.02279132 -0.00510561
v 0.02552743 -0.02276995 -0.00509113
v 0.02549281 -0.02274770 -0.00508233
v 0.02636745 -0.02182679 -0.00539911
v 0.02634005 -0.02170388 -0.00528871
v 0.02632595 -0.02169744 -0.00524958
v 0.02601175 -0.02228774 -0.00519793
v 0.02628359 -0.02167809 -0.00517970
v 0.02625616 -0.02166557 -0.00515033
v 0.02622527 -0.02165146 -0.00512547
v 0.02619151 -0.02163604 -0.00510561
v 0.02615556 -0.02161962 -0.00509113
v 0.02611812 -0.02160252 -0.00508233
v 0.02697870 -0.01982791 -0.00526114
v 0.02679331 -0.02044439 -0.00524958
v 0.02677333 -0.02043852 -0.00521301
v 0.02674863 -0.02043127 -0.00517970
v 0.02671970 -0.02042278 -0.00515033
v 0.02668711 -0.02041321 -0.00512547
v 0.02665151 -0.02040275 -0.00510561
v 0.02661358 -0.02039162 -0.00509113
v 0.02657409 -0.02038002 -0.00508233
v 0.02715677 -0.01888099 -0.00540758
v 0.02705698 -0.01913462 -0.00521301
v 0.02703150 -0.01913095 -0.00517970
v 0.02700165 -0.01912666 -0.00515033
v 0.02696803 -0.01912183 -0.00512547
v 0.02693130 -0.01911655 -0.00510561
v 0.02689218 -0.01911092 -0.00509113
v 0.02685144 -0.01910507 -0.00508233
v 0.01291014 -0.00215404 0.01311949
v 0.01315796 -0.00225253 0.01300060
v 0.01327277 -0.00234300 0.01306062
v 0.01327647 -0.00242143 0.01311975
v 0.01333210 0.00230647 0.01302768
v 0.01320793 0.00236506 0.01309276
v 0.01311256 0.00221140 0.01300089
v 0.01299424 0.00227412 0.01312035
v -0.02548928 0.01952054 -0.02807938
v -0.02390092 0.01993723 -0.02807938
v -0.02423856 0.02017923 -0.02807938
v -0.02469042 0.02021092 -0.02807938
v -0.02506914 0.02007735 -0.02807938
v -0.01881355 0.02260916 -0.02807938
v -0.01865594 0.02131761 -0.02807938
v -0.01871134 0.02090982 -0.02807938
v -0.01881544 0.02064995 -0.02800438
v -0.01899424 0.02013917 -0.02807938
v -0.01918391 0.01988268 -0.02801271
v -0.01949305 0.01949504 -0.02801015
v -0.01979633 0.01921189 -0.02807938
v -0.02029149 0.01890801 -0.02807938
v -0.02111406 0.01859940 -0.02804254
v -0.02208558 0.01868929 -0.02801938
v -0.02305335 0.01909866 -0.02807938
v -0.02348030 0.01947424 -0.02800291
v -0.01839219 0.02564542 -0.02802056
v -0.01930716 0.02551059 -0.02804092
v -0.00299325 0.02563738 -0.02807938
v -0.00193320 0.02409562 -0.02807938
v -0.00228866 0.02533050 -0.02807938
v -0.00267588 0.02558228 -0.02807938
v 0.00215267 0.02510536 -0.02807938
v 0.00173350 0.02365797 -0.02807938
v -0.00043786 0.02282164 -0.02807938
v 0.00270759 0.02560778 -0.02806762
v 0.00242207 0.02543765 -0.02807938
v 0.01779967 0.02563738 -0.02807938
v 0.02008682 0.02405737 -0.02807938
v 0.02022187 0.02447500 -0.02804605
v 0.02021421 0.02468648 -0.02807938
v 0.02001018 0.02518257 -0.02807938
v 0.01910042 0.02558292 -0.02803176
v 0.02540994 0.01965577 -0.02807938
v 0.02519318 0.01997169 -0.02807938
v 0.02485561 0.02017525 -0.02807938
v 0.02446386 0.02021903 -0.02807938
v 0.02404639 0.02007071 -0.02803393
v 0.02564067 0.01779638 -0.02807938
v 0.02564067 -0.01780362 -0.02807938
v 0.02543821 -0.01962818 -0.02807938
v 0.02400738 -0.02004721 -0.02807938
v 0.02429830 -0.02018934 -0.02807938
v 0.02470686 -0.02022302 -0.02803820
v 0.02505744 -0.02008067 -0.02807938
v 0.01950537 -0.02545685 -0.02807938
v 0.01970338 -0.02539050 -0.02807938
v 0.01997498 -0.02519712 -0.02807938
v 0.02020336 -0.02479538 -0.02807938
v 0.02021307 -0.02424054 -0.02800438
v 0.02018912 -0.02424288 -0.02803652
v 0.01779967 -0.02564462 -0.02807938
v 0.01870857 -0.02559657 -0.02807938
v 0.00299260 -0.02564462 -0.02807938
v 0.00199209 -0.02428315 -0.02807938
v 0.00220744 -0.02522707 -0.02807938
v 0.00267867 -0.02560122 -0.02807938
v -0.00198921 -0.02427597 -0.02807938
v -0.00155215 -0.02358101 -0.02807938
v -0.00081309 -0.02303699 -0.02807938
v 0.00107786 -0.02311635 -0.02807938
v -0.00299325 -0.02564462 -0.02807938
v -0.00253293 -0.02555902 -0.02801271
v -0.00241090 -0.02544788 -0.02807938
v -0.00206383 -0.02499224 -0.02802644
v -0.00212622 -0.02500556 -0.02807938
v -0.01883017 -0.02559889 -0.02807938
v -0.02406107 -0.02010257 -0.02807938
v -0.02326329 -0.01926564 -0.02800291
v -0.02295939 -0.01903345 -0.02807938
v -0.02158719 -0.01861887 -0.02807938
v -0.02035834 -0.01888507 -0.02807938
v -0.01979633 -0.01921913 -0.02803652
v -0.01921584 -0.01979962 -0.02807938
v -0.01899424 -0.02014641 -0.02807938
v -0.01882490 -0.02052149 -0.02807938
v -0.01871134 -0.02091706 -0.02807938
v -0.01865594 -0.02132485 -0.02807938
v -0.01869332 -0.02209631 -0.02807938
v -0.01920206 -0.02322075 -0.02807938
v -0.02525295 -0.01994888 -0.02807938
v -0.02466117 -0.02023124 -0.02807938
v -0.02554725 -0.01911937 -0.02807938
v -0.02059840 -0.00000362 -0.02807938
v -0.01800033 -0.00150362 -0.02807938
v -0.01800033 0.00149638 -0.02807938
v 0.01249968 0.01519638 -0.02807938
v 0.01249662 0.01523908 -0.02807938
v 0.01248272 0.01529788 -0.02807938
v 0.01241875 0.01540672 -0.02807938
v 0.01232430 0.01546927 -0.02807938
v 0.01228420 0.01548423 -0.02807938
v 0.01224237 0.01549333 -0.02807938
v 0.01219967 0.01549638 -0.02807938
v -0.01223241 0.01549485 -0.02807938
v -0.01228485 0.01548423 -0.02807938
v -0.01238196 0.01543902 -0.02807938
v -0.01247543 0.01532201 -0.02807938
v -0.01249727 0.01523908 -0.02807938
v -0.01250033 0.01519638 -0.02807938
v -0.01250033 -0.01520362 -0.02807938
v -0.01249727 -0.01524631 -0.02807938
v -0.01243700 -0.01540870 -0.02807938
v -0.01228485 -0.01549147 -0.02807938
v -0.01224302 -0.01550057 -0.02807938
v -0.01220032 -0.01550362 -0.02807938
v 0.01219967 -0.01550362 -0.02807938
v 0.01224237 -0.01550057 -0.02807938
v 0.01228420 -0.01549147 -0.02807938
v 0.01238659 -0.01544299 -0.02807938
v 0.01247654 -0.01532409 -0.02807938
v 0.01249662 -0.01524631 -0.02807938
v 0.01249968 -0.01520362 -0.02807938
v 0.01249968 -0.01520362 -0.02787938
v 0.01247519 -0.01533670 -0.02787938
v 0.01237681 -0.01544660 -0.02787938
v 0.01227952 -0.01549481 -0.02787938
v 0.01219967 -0.01550362 -0.02787938
v 0.01219967 0.01549638 -0.02787938
v 0.01234717 0.01546651 -0.02787938
v 0.01246384 0.01534063 -0.02787938
v 0.01249651 0.01524737 -0.02787938
v -0.01220032 0.01549638 -0.02787938
v -0.01250033 0.01519638 -0.02787938
v -0.01247584 0.01532946 -0.02787938
v -0.01232139 0.01547738 -0.02787938
v -0.01250033 -0.01520362 -0.02787938
v -0.01220032 -0.01550362 -0.02787938
v -0.01231223 -0.01548596 -0.02787938
v -0.01245706 -0.01536861 -0.02787938
v -0.01249727 -0.01524631 -0.02787938
v -0.01800033 0.00149638 -0.02795938
v -0.01800033 -0.00150362 -0.02795938
v -0.02059840 -0.00000362 -0.02795938
v -0.02774133 -0.00000362 -0.02732938
v -0.02709623 -0.00289378 -0.01935286
v -0.02688636 -0.00499668 -0.02229868
v -0.02689202 -0.00500462 -0.02617938
v -0.02689202 0.00479738 -0.02637938
v -0.02689202 -0.00480462 -0.02637938
v -0.02716777 -0.00160791 -0.02637938
v -0.02716777 0.00160067 -0.02637938
v -0.02689202 0.00499738 -0.02256538
v -0.02689202 0.00499738 -0.02617938
v -0.02717421 0.00249461 -0.01920841
v -0.02709036 0.00482312 -0.02617938
v -0.02736759 0.00160927 -0.02617938
v -0.02736759 -0.00161651 -0.02617938
v -0.02709036 -0.00483036 -0.02617938
v -0.02709036 -0.00483036 -0.02256538
v -0.02727044 -0.00364572 -0.02082921
v -0.02742173 0.00259386 -0.02001169
v -0.02709645 0.00477597 -0.02201092
v -0.02689202 0.00482584 -0.02637734
v -0.02689202 0.00485373 -0.02637128
v -0.02689202 0.00488046 -0.02636131
v -0.02689202 0.00490551 -0.02634763
v -0.02689202 0.00492835 -0.02633053
v -0.02689202 0.00494853 -0.02631035
v -0.02689202 0.00496563 -0.02628751
v -0.02689202 0.00498928 -0.02623573
v -0.02689202 0.00499535 -0.02620784
v -0.02689202 -0.00500258 -0.02620784
v -0.02689202 -0.00499652 -0.02623573
v -0.02689202 -0.00498655 -0.02626246
v -0.02689202 -0.00497287 -0.02628751
v -0.02689202 -0.00495577 -0.02631035
v -0.02689202 -0.00493559 -0.02633053
v -0.02689202 -0.00491275 -0.02634763
v -0.02689202 -0.00488770 -0.02636131
v -0.02689202 -0.00486097 -0.02637128
v -0.02689202 -0.00483308 -0.02637734
v -0.02692076 -0.00500254 -0.02617938
v -0.02694890 -0.00499636 -0.02617938
v -0.02697585 -0.00498620 -0.02617938
v -0.02700107 -0.00497227 -0.02617938
v -0.02702403 -0.00495487 -0.02617938
v -0.02704425 -0.00493434 -0.02617938
v -0.02706130 -0.00491113 -0.02617938
v -0.02707485 -0.00488570 -0.02617938
v -0.02708460 -0.00485859 -0.02617938
v -0.02708460 -0.00485859 -0.02256538
v -0.02707485 -0.00488570 -0.02256538
v -0.02706130 -0.00491113 -0.02256538
v -0.02704425 -0.00493434 -0.02256538
v -0.02702403 -0.00495487 -0.02256538
v -0.02700107 -0.00497227 -0.02256538
v -0.02697585 -0.00498620 -0.02256538
v -0.02694890 -0.00499636 -0.02256538
v -0.02692076 -0.00500254 -0.02256538
v -0.02692025 -0.00480828 -0.02637734
v -0.02694790 -0.00481187 -0.02637128
v -0.02697441 -0.00481531 -0.02636131
v -0.02699925 -0.00481854 -0.02634763
v -0.02702191 -0.00482148 -0.02633053
v -0.02704192 -0.00482407 -0.02631035
v -0.02705887 -0.00482628 -0.02628751
v -0.02708232 -0.00482932 -0.02623573
v -0.02708834 -0.00483010 -0.02620784
v -0.02696617 -0.00482909 -0.02636661
v -0.02691778 -0.00483393 -0.02637554
v -0.02693303 -0.00486873 -0.02636691
v -0.02706754 -0.00487189 -0.02625702
v -0.02690144 -0.00489202 -0.02636138
v -0.02703349 -0.00489455 -0.02629627
v -0.02694459 -0.00495052 -0.02630743
v -0.02703612 -0.00493917 -0.02621866
v -0.02696565 -0.00495667 -0.02631007
v -0.02695004 -0.00497584 -0.02628009
v -0.02730170 -0.00228821 -0.01923819
v -0.02732631 -0.00228688 -0.01929643
v -0.02702325 -0.00447807 -0.02073991
v -0.02727173 -0.00158643 -0.01909219
v -0.02729825 -0.00214994 -0.01918692
v -0.02596944 -0.00205201 -0.01886357
v -0.02728855 -0.00284010 -0.01947550
v -0.02722210 -0.00257428 -0.01925699
v -0.02721247 -0.00316957 -0.01955027
v -0.02715557 -0.00309068 -0.01945868
v -0.02717786 -0.00350919 -0.01974265
v -0.02710680 -0.00386442 -0.02000632
v -0.02717000 -0.00392684 -0.02015223
v -0.02709159 -0.00414472 -0.02030756
v -0.02710233 -0.00430214 -0.02054742
v -0.02712270 -0.00434235 -0.02063986
v -0.02699228 -0.00470899 -0.02116079
v -0.02709806 -0.00472449 -0.02153474
v -0.02708067 -0.00481660 -0.02177741
v -0.02698058 -0.00489455 -0.02173292
v -0.02699689 -0.00493981 -0.02203083
v -0.02707574 -0.00487448 -0.02216848
v -0.02730652 -0.00184377 -0.01914853
v -0.02725964 -0.00253345 -0.01927983
v -0.02727263 -0.00271427 -0.01936924
v -0.02723194 -0.00292380 -0.01942701
v -0.02726670 -0.00307610 -0.01956544
v -0.02717534 -0.00364613 -0.01986197
v -0.02718904 -0.00371969 -0.01996183
v -0.02715133 -0.00384154 -0.02003272
v -0.02712168 -0.00412810 -0.02032931
v -0.02707030 -0.00458212 -0.02100794
v -0.02710985 -0.00459800 -0.02116433
v -0.02703711 -0.00473382 -0.02130744
v -0.02704345 -0.00480457 -0.02156144
v -0.02703910 -0.00483695 -0.02167427
v -0.02703384 -0.00487861 -0.02184754
v -0.02702554 -0.00493422 -0.02217047
v -0.02701180 -0.00496742 -0.02240203
v -0.02692025 0.00480104 -0.02637734
v -0.02694790 0.00480463 -0.02637128
v -0.02697441 0.00480807 -0.02636131
v -0.02699925 0.00481130 -0.02634763
v -0.02702191 0.00481424 -0.02633053
v -0.02704192 0.00481684 -0.02631035
v -0.02705887 0.00481904 -0.02628751
v -0.02707244 0.00482080 -0.02626246
v -0.02708232 0.00482208 -0.02623573
v -0.02719621 0.00160190 -0.02637734
v -0.02722407 0.00160309 -0.02637128
v -0.02725078 0.00160424 -0.02636131
v -0.02727580 0.00160532 -0.02634763
v -0.02729862 0.00160630 -0.02633053
v -0.02731878 0.00160717 -0.02631035
v -0.02733587 0.00160791 -0.02628751
v -0.02734953 0.00160850 -0.02626246
v -0.02735949 0.00160893 -0.02623573
v -0.02736555 0.00160919 -0.02620784
v -0.02719621 -0.00160913 -0.02637734
v -0.02722407 -0.00161033 -0.02637128
v -0.02725078 -0.00161148 -0.02636131
v -0.02727580 -0.00161256 -0.02634763
v -0.02729862 -0.00161354 -0.02633053
v -0.02731878 -0.00161441 -0.02631035
v -0.02733587 -0.00161515 -0.02628751
v -0.02734953 -0.00161573 -0.02626246
v -0.02735949 -0.00161616 -0.02623573
v -0.02736555 -0.00161642 -0.02620784
v -0.02692076 0.00499531 -0.02617938
v -0.02694890 0.00498912 -0.02617938
v -0.02697585 0.00497896 -0.02617938
v -0.02700107 0.00496504 -0.02617938
v -0.02702403 0.00494763 -0.02617938
v -0.02704425 0.00492710 -0.02617938
v -0.02706130 0.00490389 -0.02617938
v -0.02707485 0.00487846 -0.02617938
v -0.02708687 0.00483799 -0.02620182
v -0.02689082 0.00483638 -0.02637554
v -0.02691701 0.00489238 -0.02635985
v -0.02691875 0.00482581 -0.02637554
v -0.02692129 0.00485732 -0.02636878
v -0.02696054 0.00483110 -0.02636734
v -0.02688689 0.00496360 -0.02629049
v -0.02696813 0.00487834 -0.02634567
v -0.02690592 0.00496937 -0.02628192
v -0.02697726 0.00489509 -0.02633365
v -0.02695562 0.00494178 -0.02630925
v -0.02695838 0.00498136 -0.02623551
v -0.02704921 0.00488875 -0.02627459
v -0.02703153 0.00493086 -0.02623877
v -0.02704014 0.00484890 -0.02632152
v -0.02708460 0.00485135 -0.02256538
v -0.02706130 0.00490389 -0.02256538
v -0.02704425 0.00492710 -0.02256538
v -0.02702403 0.00494763 -0.02256538
v -0.02700107 0.00496504 -0.02256538
v -0.02697585 0.00497896 -0.02256538
v -0.02694890 0.00498912 -0.02256538
v -0.02692076 0.00499531 -0.02256538
v -0.02706830 0.00489112 -0.02241775
v -0.02698865 0.00497436 -0.02248925
v -0.02707800 0.00471886 -0.02139794
v -0.02707486 0.00408797 -0.02021922
v -0.02723222 0.00152508 -0.01907290
v -0.02706655 0.00486337 -0.02199850
v -0.02620067 0.00511309 -0.02197735
v -0.02703185 0.00472617 -0.02129366
v -0.02712851 0.00448132 -0.02097476
v -0.02700674 0.00449657 -0.02077217
v -0.02707234 0.00433466 -0.02056026
v -0.02710413 0.00428132 -0.02053174
v -0.02716886 0.00405823 -0.02035155
v -0.02716831 0.00391337 -0.02014173
v -0.02718465 0.00370607 -0.01994540
v -0.02733442 0.00353568 -0.02057770
v -0.02718973 0.00342767 -0.01971205
v -0.02720693 0.00322897 -0.01958791
v -0.02712636 0.00341632 -0.01964951
v -0.02723350 0.00283027 -0.01937226
v -0.02726942 0.00276380 -0.01939088
v -0.02726415 0.00242749 -0.01924065
v -0.02727237 0.00232226 -0.01922342
v -0.02732081 0.00191842 -0.01917553
v -0.02723089 0.00180191 -0.01908485
v -0.02732575 0.00161421 -0.01914117
v -0.02700953 0.00494579 -0.02219785
v -0.02703031 0.00489873 -0.02198774
v -0.02703161 0.00488849 -0.02193066
v -0.02703561 0.00485396 -0.02176500
v -0.02700842 0.00480401 -0.02148094
v -0.02704197 0.00461645 -0.02103864
v -0.02710687 0.00446938 -0.02085945
v -0.02708559 0.00444450 -0.02077512
v -0.02709655 0.00434881 -0.02062700
v -0.02711223 0.00420802 -0.02043551
v -0.02709195 0.00414940 -0.02032509
v -0.02712465 0.00376002 -0.01992600
v -0.02718077 0.00352680 -0.01978131
v -0.02718525 0.00347759 -0.01974629
v -0.02719406 0.00337875 -0.01967972
v -0.02724100 0.00333024 -0.01970767
v -0.02719079 0.00308545 -0.01948119
v -0.02721998 0.00306974 -0.01950129
v -0.02727760 0.00223395 -0.01920317
v -0.02731913 0.00193200 -0.01917472
v -0.02728890 0.00187128 -0.01913643
v -0.03150900 0.00083842 -0.01997626
v -0.03048704 -0.00030844 -0.02006000
v -0.02940133 0.00073551 -0.02009888
v -0.03032633 0.00080823 -0.02061788
v -0.03037524 0.00296959 -0.02245573
v -0.03120133 0.00211012 -0.02164992
v -0.03120133 0.00142591 -0.02094272
v -0.02925847 0.00082797 -0.02062397
v -0.02890133 0.00157067 -0.02103789
v -0.02881309 0.00202549 -0.02151132
v -0.02840133 0.00237970 -0.02220289
v -0.02923468 0.00426332 -0.02228021
v -0.02940133 -0.00162917 -0.02109301
v -0.02910133 -0.00238653 -0.02220452
v -0.02863662 -0.00183553 -0.02127065
v -0.02890133 -0.00080779 -0.02062863
v -0.03145395 -0.00028346 -0.02007441
v -0.03090133 -0.00238653 -0.02220452
v -0.03120133 -0.00439462 -0.02221038
v -0.03070133 -0.00189430 -0.02135301
v -0.03020133 -0.00139119 -0.02093080
v -0.03045133 0.00394897 -0.02370182
v -0.03148706 0.00060568 -0.02589187
v -0.03070133 0.00216717 -0.02426117
v -0.03070133 0.00187634 -0.02465834
v -0.03086799 0.00153322 -0.02499030
v -0.03020133 0.00083970 -0.02540711
v -0.02865133 0.00394897 -0.02370182
v -0.02940133 0.00239311 -0.02385370
v -0.02940133 0.00081137 -0.02541030
v -0.02840133 0.00218119 -0.02423557
v -0.02890133 0.00176794 -0.02478193
v -0.02840133 0.00083970 -0.02540711
v -0.02840133 -0.00081861 -0.02541030
v -0.02858883 -0.00197518 -0.02458129
v -0.02890133 -0.00349793 -0.02362535
v -0.02940133 -0.00218842 -0.02423557
v -0.02940133 -0.00165158 -0.02489034
v -0.03020133 -0.00081861 -0.02541030
v -0.03053466 -0.00178652 -0.02477198
v -0.03070133 -0.00208320 -0.02439795
v -0.03070133 -0.00224700 -0.02411367
v -0.03120133 -0.00080362 -0.02537892
v -0.03070133 -0.00349793 -0.02362535
v -0.03120133 -0.00143314 -0.02507804
v -0.02250033 0.01607971 -0.02807938
v -0.02175033 0.01504638 -0.02805833
v -0.02237533 0.01507971 -0.02787938
v -0.02210747 0.01624638 -0.02787938
v -0.02350033 0.01524638 -0.02806120
v -0.02325033 0.01549638 -0.02787938
v -0.02296711 0.01397413 -0.02798945
v -0.02237533 -0.01525362 -0.02789938
v -0.02258366 -0.01425362 -0.02787938
v -0.02375033 -0.01542029 -0.02787938
v -0.02256851 -0.01620816 -0.02806857
v -0.02216699 -0.01592029 -0.02787938
v 0.02274967 -0.01637862 -0.02805081
v 0.02180523 -0.01558695 -0.02804188
v 0.02124967 -0.01575362 -0.02787938
v 0.02249967 -0.01575362 -0.02787938
v 0.02324967 -0.01550362 -0.02787938
v 0.02317825 -0.01487862 -0.02805833
v 0.02224967 -0.01450362 -0.02804302
v 0.02241634 0.01474638 -0.02790160
v 0.02274967 0.01524638 -0.02787938
v 0.02203539 0.01581781 -0.02787938
v 0.02208301 0.01624638 -0.02805833
v -0.02077756 -0.02211564 -0.02158487
v -0.02229381 -0.02203120 -0.02157938
v -0.02247206 -0.02154428 -0.02157937
v -0.02232949 -0.02103114 -0.02157938
v -0.02207275 -0.02073525 -0.02157938
v -0.02169285 -0.02054608 -0.02150078
v -0.02138077 -0.02055683 -0.02157938
v -0.02101026 -0.02068041 -0.02157938
v -0.02066314 -0.02102287 -0.02156390
v -0.02058642 -0.02119644 -0.02154504
v -0.02057022 -0.02176510 -0.02157636
v -0.02068543 -0.02199193 -0.02157938
v -0.02205871 -0.02227219 -0.02120476
v -0.02150363 -0.02026280 -0.02759349
v -0.02187240 -0.02032836 -0.02756453
v -0.02215119 -0.02045137 -0.02754631
v -0.02243054 -0.02069325 -0.02752326
v -0.02256075 -0.02087514 -0.02750596
v -0.02265332 -0.02106957 -0.02750520
v -0.02270738 -0.02125764 -0.02747449
v -0.02273394 -0.02152398 -0.02746555
v -0.02270885 -0.02174035 -0.02745094
v -0.02264816 -0.02195570 -0.02743640
v -0.02235711 -0.02239655 -0.02740368
v -0.02205077 -0.02260781 -0.02737849
v -0.02184883 -0.02268479 -0.02736408
v -0.02155344 -0.02273964 -0.02734514
v -0.02111132 -0.02267907 -0.02731555
v -0.02071921 -0.02244159 -0.02725480
v -0.02070840 -0.02245586 -0.02729031
v -0.02043873 -0.02210607 -0.02722676
v -0.02042301 -0.02211386 -0.02726191
v -0.02029295 -0.02175666 -0.02723849
v -0.02026721 -0.02139186 -0.02720790
v -0.02051993 -0.02113984 -0.02701451
v -0.02042345 -0.02090521 -0.02718524
v -0.02053336 -0.02074049 -0.02715526
v -0.02071918 -0.02054860 -0.02714696
v -0.02091290 -0.02042122 -0.02713133
v -0.02111293 -0.02033225 -0.02711658
v -0.02154861 -0.02027096 -0.02708899
v -0.02198516 -0.02036930 -0.02706473
v -0.02227838 -0.02054364 -0.02704298
v -0.02246481 -0.02073692 -0.02701088
v -0.02261222 -0.02096932 -0.02700300
v -0.02268651 -0.02117267 -0.02698937
v -0.02272958 -0.02139795 -0.02697406
v -0.02272695 -0.02161411 -0.02695958
v -0.02269253 -0.02181386 -0.02695505
v -0.02262833 -0.02199933 -0.02692458
v -0.02244529 -0.02230245 -0.02691183
v -0.02207977 -0.02257795 -0.02684988
v -0.02208764 -0.02259469 -0.02688673
v -0.02165919 -0.02273064 -0.02685134
v -0.02129001 -0.02271921 -0.02682896
v -0.02096076 -0.02261530 -0.02681211
v -0.02072958 -0.02246476 -0.02677858
v -0.02053547 -0.02227237 -0.02676967
v -0.02034553 -0.02194925 -0.02674555
v -0.02026265 -0.02150785 -0.02671726
v -0.02033481 -0.02109398 -0.02669520
v -0.02054224 -0.02071543 -0.02665983
v -0.02080889 -0.02048312 -0.02663595
v -0.02116655 -0.02055582 -0.02639932
v -0.02107448 -0.02034061 -0.02662328
v -0.02142836 -0.02027214 -0.02659619
v -0.02177698 -0.02029888 -0.02658232
v -0.02204255 -0.02039693 -0.02654507
v -0.02233386 -0.02058896 -0.02653228
v -0.02259913 -0.02093519 -0.02650517
v -0.02273160 -0.02136820 -0.02647613
v -0.02269587 -0.02182284 -0.02644525
v -0.02251094 -0.02221724 -0.02641851
v -0.02226479 -0.02247044 -0.02640652
v -0.02209988 -0.02257993 -0.02637332
v -0.02177715 -0.02271026 -0.02635715
v -0.02133224 -0.02272937 -0.02633177
v -0.02090546 -0.02258957 -0.02630387
v -0.02055651 -0.02230464 -0.02627025
v -0.02033453 -0.02191817 -0.02624488
v -0.02026644 -0.02154168 -0.02622134
v -0.02033144 -0.02110680 -0.02619229
v -0.02042477 -0.02090393 -0.02617633
v -0.02054865 -0.02071749 -0.02616051
v -0.02071879 -0.02055184 -0.02614707
v -0.02089261 -0.02042990 -0.02613284
v -0.02121862 -0.02030013 -0.02611695
v -0.02148938 -0.02027174 -0.02608361
v -0.02176064 -0.02029697 -0.02607358
v -0.02208877 -0.02041707 -0.02605841
v -0.02254267 -0.02083619 -0.02601366
v -0.02269165 -0.02118025 -0.02598654
v -0.02272886 -0.02141731 -0.02597263
v -0.02272776 -0.02162837 -0.02595843
v -0.02265039 -0.02195465 -0.02594228
v -0.02251779 -0.02220093 -0.02591421
v -0.02233530 -0.02241285 -0.02589950
v -0.02204804 -0.02261124 -0.02588409
v -0.02179346 -0.02270019 -0.02585131
v -0.02130879 -0.02272131 -0.02583371
v -0.02100846 -0.02263989 -0.02580806
v -0.02063431 -0.02238751 -0.02577936
v -0.02037713 -0.02202374 -0.02575369
v -0.02026564 -0.02158927 -0.02572249
v -0.02029907 -0.02122344 -0.02569327
v -0.02037252 -0.02100905 -0.02568340
v -0.02052167 -0.02074653 -0.02566538
v -0.02077240 -0.02050975 -0.02565160
v -0.02094051 -0.02040615 -0.02562027
v -0.02119349 -0.02030864 -0.02561114
v -0.02223869 -0.02051746 -0.02553119
v -0.02243565 -0.02069913 -0.02552257
v -0.02237314 -0.02089928 -0.02564027
v -0.02265608 -0.02107220 -0.02549605
v -0.02271229 -0.02128539 -0.02548163
v -0.02273411 -0.02150594 -0.02546675
v -0.02271274 -0.02171985 -0.02545237
v -0.02265494 -0.02193820 -0.02543757
v -0.02256659 -0.02212035 -0.02542544
v -0.02242699 -0.02231918 -0.02540813
v -0.02225321 -0.02247813 -0.02539470
v -0.02206632 -0.02259994 -0.02537962
v -0.02183958 -0.02268871 -0.02536677
v -0.02162143 -0.02273130 -0.02534906
v -0.02139685 -0.02273080 -0.02533551
v -0.02118861 -0.02269729 -0.02532229
v -0.02098152 -0.02262044 -0.02530759
v -0.02080999 -0.02252401 -0.02530335
v -0.02065821 -0.02240303 -0.02527253
v -0.02043263 -0.02212979 -0.02525728
v -0.02029913 -0.02178110 -0.02523826
v -0.02026965 -0.02157537 -0.02522531
v -0.02028625 -0.02126048 -0.02519918
v -0.02041653 -0.02091615 -0.02517491
v -0.02052567 -0.02075046 -0.02516537
v -0.02069256 -0.02057005 -0.02514719
v -0.02088841 -0.02043495 -0.02513325
v -0.02108972 -0.02034019 -0.02511827
v -0.02119880 -0.02045670 -0.02523863
v -0.02151946 -0.02027015 -0.02509079
v -0.02172295 -0.02029221 -0.02507822
v -0.02194999 -0.02035464 -0.02506281
v -0.02215813 -0.02046112 -0.02505054
v -0.02232610 -0.02058933 -0.02504179
v -0.02254055 -0.02083038 -0.02501065
v -0.02267791 -0.02114181 -0.02498218
v -0.02273758 -0.02147270 -0.02496900
v -0.02266813 -0.02191252 -0.02493931
v -0.02244701 -0.02230120 -0.02491042
v -0.02215551 -0.02254910 -0.02488655
v -0.02181901 -0.02269933 -0.02486181
v -0.02137974 -0.02273494 -0.02483475
v -0.02110178 -0.02266884 -0.02481638
v -0.02089218 -0.02257713 -0.02480101
v -0.02070993 -0.02244962 -0.02478259
v -0.02053755 -0.02227496 -0.02476991
v -0.02041876 -0.02209246 -0.02475672
v -0.02032896 -0.02189084 -0.02474303
v -0.02028226 -0.02167206 -0.02473346
v -0.02026663 -0.02145900 -0.02471205
v -0.02030238 -0.02121829 -0.02469758
v -0.02037364 -0.02100112 -0.02468293
v -0.02049112 -0.02079759 -0.02466860
v -0.02062407 -0.02063510 -0.02465543
v -0.02080401 -0.02048779 -0.02463983
v -0.02105703 -0.02034813 -0.02462039
v -0.02142425 -0.02027235 -0.02459637
v -0.02165072 -0.02028132 -0.02458265
v -0.02186253 -0.02032424 -0.02456885
v -0.02220074 -0.02048322 -0.02454367
v -0.02251709 -0.02079871 -0.02451462
v -0.02265023 -0.02106293 -0.02449668
v -0.02272848 -0.02135072 -0.02447722
v -0.02268421 -0.02180086 -0.02441534
v -0.02270163 -0.02180465 -0.02445066
v -0.02250588 -0.02219558 -0.02438813
v -0.02251780 -0.02220906 -0.02442336
v -0.02220396 -0.02252181 -0.02439035
v -0.02186662 -0.02268174 -0.02436520
v -0.02149900 -0.02274080 -0.02434183
v -0.02106034 -0.02266037 -0.02431361
v -0.02080777 -0.02252204 -0.02429424
v -0.02062646 -0.02237455 -0.02427854
v -0.02049315 -0.02221257 -0.02426536
v -0.02037520 -0.02200962 -0.02425106
v -0.02030342 -0.02179331 -0.02423648
v -0.02027979 -0.02148796 -0.02418456
v -0.02026194 -0.02148730 -0.02421957
v -0.02034974 -0.02104838 -0.02418632
v -0.02052653 -0.02074911 -0.02417402
v -0.02065767 -0.02060500 -0.02414350
v -0.02093982 -0.02040016 -0.02412898
v -0.02137272 -0.02027247 -0.02410098
v -0.02181883 -0.02030787 -0.02407193
v -0.02221796 -0.02051622 -0.02401024
v -0.02222695 -0.02050057 -0.02404562
v -0.02253521 -0.02082460 -0.02401438
v -0.02270860 -0.02123628 -0.02398487
v -0.02272982 -0.02160637 -0.02395994
v -0.02264709 -0.02196813 -0.02393546
v -0.02251398 -0.02220348 -0.02391943
v -0.02229882 -0.02244977 -0.02389978
v -0.02197413 -0.02264277 -0.02387280
v -0.02185463 -0.02251175 -0.02399357
v -0.02157472 -0.02273324 -0.02385551
v -0.02137911 -0.02272969 -0.02382577
v -0.02103134 -0.02263056 -0.02377970
v -0.02102152 -0.02264643 -0.02381669
v -0.02069812 -0.02244184 -0.02378290
v -0.02052530 -0.02225643 -0.02376846
v -0.02041932 -0.02209600 -0.02375945
v -0.02033938 -0.02191454 -0.02374479
v -0.02028326 -0.02169828 -0.02374075
v -0.02026840 -0.02149463 -0.02370718
v -0.02029579 -0.02124096 -0.02369665
v -0.02035456 -0.02105104 -0.02368652
v -0.02050533 -0.02076823 -0.02366687
v -0.02083727 -0.02045793 -0.02363863
v -0.02125653 -0.02029054 -0.02360680
v -0.02170437 -0.02028263 -0.02357767
v -0.02213192 -0.02043923 -0.02354913
v -0.02247377 -0.02073895 -0.02352063
v -0.02268126 -0.02113407 -0.02349178
v -0.02273580 -0.02157721 -0.02346180
v -0.02265317 -0.02194280 -0.02343712
v -0.02255557 -0.02213843 -0.02342391
v -0.02241985 -0.02232732 -0.02341167
v -0.02213480 -0.02256629 -0.02338464
v -0.02171622 -0.02272198 -0.02335489
v -0.02163801 -0.02272013 -0.02334098
v -0.02099217 -0.02263213 -0.02330854
v -0.02067125 -0.02241820 -0.02328451
v -0.02043391 -0.02213087 -0.02325891
v -0.02028746 -0.02173680 -0.02324248
v -0.02026866 -0.02147398 -0.02320592
v -0.02030569 -0.02119245 -0.02319370
v -0.02049969 -0.02078204 -0.02316765
v -0.02087467 -0.02043575 -0.02313403
v -0.02129293 -0.02028381 -0.02310441
v -0.02163007 -0.02027866 -0.02309310
v -0.02198503 -0.02036117 -0.02305711
v -0.02237075 -0.02062671 -0.02303477
v -0.02253677 -0.02083763 -0.02300319
v -0.02268639 -0.02115087 -0.02299074
v -0.02273463 -0.02160121 -0.02295873
v -0.02261635 -0.02203760 -0.02293086
v -0.02240126 -0.02234747 -0.02290977
v -0.02212964 -0.02256711 -0.02289036
v -0.02187417 -0.02267744 -0.02285668
v -0.02154030 -0.02274013 -0.02284421
v -0.02117893 -0.02269474 -0.02282168
v -0.02083416 -0.02254670 -0.02279645
v -0.02060290 -0.02234865 -0.02277976
v -0.02045881 -0.02216473 -0.02276147
v -0.02035257 -0.02195054 -0.02274693
v -0.02029360 -0.02175635 -0.02273625
v -0.02026735 -0.02139026 -0.02270796
v -0.02038248 -0.02097776 -0.02268725
v -0.02060390 -0.02064917 -0.02265698
v -0.02087281 -0.02044165 -0.02262882
v -0.02118972 -0.02030577 -0.02261103
v -0.02162958 -0.02027316 -0.02258402
v -0.02198683 -0.02036980 -0.02256002
v -0.02220776 -0.02049386 -0.02254627
v -0.02242244 -0.02067846 -0.02252393
v -0.02265315 -0.02105425 -0.02249712
v -0.02272956 -0.02140915 -0.02247587
v -0.02271121 -0.02175174 -0.02245752
v -0.02256997 -0.02212775 -0.02242474
v -0.02225709 -0.02248646 -0.02238945
v -0.02197414 -0.02264067 -0.02237301
v -0.02166282 -0.02273069 -0.02235309
v -0.02121977 -0.02269157 -0.02229293
v -0.02121117 -0.02270773 -0.02232805
v -0.02089962 -0.02257916 -0.02231047
v -0.02073481 -0.02246908 -0.02227912
v -0.02053167 -0.02226865 -0.02227134
v -0.02040769 -0.02207166 -0.02225524
v -0.02032105 -0.02186821 -0.02223958
v -0.02026887 -0.02142785 -0.02221181
v -0.02030602 -0.02120339 -0.02219658
v -0.02042198 -0.02093168 -0.02214658
v -0.02040696 -0.02092289 -0.02218188
v -0.02063221 -0.02062605 -0.02215665
v -0.02082023 -0.02047686 -0.02213853
v -0.02107298 -0.02034217 -0.02211916
v -0.02143368 -0.02027183 -0.02209582
v -0.02180759 -0.02030436 -0.02207431
v -0.02209713 -0.02042635 -0.02205156
v -0.02215498 -0.02057707 -0.02212601
v -0.02243373 -0.02070034 -0.02202269
v -0.02260113 -0.02093899 -0.02200481
v -0.02271156 -0.02127610 -0.02199287
v -0.02273441 -0.02162912 -0.02195334
v -0.02264451 -0.02195897 -0.02193609
v -0.02250931 -0.02221961 -0.02191823
v -0.02226097 -0.02247329 -0.02190592
v -0.02208947 -0.02258560 -0.02187237
v -0.02176982 -0.02271130 -0.02185836
v -0.02132951 -0.02272908 -0.02183138
v -0.02098105 -0.02262137 -0.02181815
v -0.02068349 -0.02243640 -0.02178023
v -0.02046240 -0.02216641 -0.02176174
v -0.02033380 -0.02191436 -0.02174636
v -0.02026688 -0.02155377 -0.02172234
v -0.02028325 -0.02130817 -0.02170011
v -0.02033831 -0.02108929 -0.02168877
v -0.02043274 -0.02088974 -0.02167531
v -0.02059984 -0.02065487 -0.02165770
v -0.02089685 -0.02042748 -0.02163254
v -0.02110092 -0.02033872 -0.02161758
v -0.02131813 -0.02028350 -0.02160301
v -0.02175696 -0.02029692 -0.02157608
v -0.02196405 -0.02036277 -0.02156177
v -0.02217852 -0.02047215 -0.02154344
v -0.02237088 -0.02063240 -0.02152862
v -0.02254931 -0.02084767 -0.02151119
v -0.02271355 -0.02125942 -0.02148349
v -0.02272072 -0.02170915 -0.02145304
v -0.02260110 -0.02206042 -0.02142929
v -0.02242390 -0.02232281 -0.02141576
v -0.02222502 -0.02250078 -0.02138008
v -0.02057969 -0.02174547 -0.02155028
v -0.02054097 -0.02150817 -0.02154463
v -0.02058366 -0.02125416 -0.02150755
v -0.02078819 -0.02087484 -0.02147257
v -0.02093957 -0.02073167 -0.02145458
v -0.02123601 -0.02058677 -0.02142579
v -0.02138835 -0.02040548 -0.02153372
v -0.02202236 -0.02070801 -0.02135855
v -0.02222927 -0.02088783 -0.02133435
v -0.02239520 -0.02117241 -0.02130822
v -0.02244212 -0.02137907 -0.02129031
v -0.02245057 -0.02154454 -0.02127551
v -0.02242913 -0.02170320 -0.02126188
v -0.02240031 -0.02180782 -0.02125275
v -0.02226393 -0.02208732 -0.02122812
v -0.02212503 0.02221563 -0.02157937
v -0.02168688 0.02244846 -0.02157938
v -0.02106515 0.02235510 -0.02157938
v -0.02058748 0.02184960 -0.02157939
v -0.02058422 0.02121925 -0.02157939
v -0.02093726 0.02069619 -0.02157944
v -0.02155382 0.02054026 -0.02157932
v 0.02243191 0.02183478 -0.02157937
v 0.02235839 0.02106120 -0.02157938
v 0.02186866 0.02058081 -0.02157938
v 0.02136537 0.02055592 -0.02157938
v 0.02090976 0.02073732 -0.02157938
v 0.02065164 0.02106194 -0.02157938
v 0.02052810 0.02160402 -0.02157949
v 0.02189665 -0.02240105 -0.02157919
v 0.02127121 -0.02243192 -0.02157938
v 0.02084498 -0.02220958 -0.02157938
v 0.02064344 -0.02191516 -0.02157938
v 0.02080422 -0.02082284 -0.02154580
v 0.02126514 -0.02056093 -0.02155489
v 0.02156143 -0.02054673 -0.02156714
v 0.02182224 -0.02060292 -0.02157349
v 0.02246907 -0.02221020 -0.02136926
v 0.02263592 -0.02188874 -0.02537498
v 0.02041723 -0.02091389 -0.02462809
v 0.02088397 -0.02257163 -0.02201739
v 0.02121128 -0.02270803 -0.02199065
v 0.02166351 -0.02273130 -0.02196000
v 0.02208762 -0.02259314 -0.02193157
v 0.02225823 -0.02243774 -0.02191677
v 0.02026897 -0.02150631 -0.02756297
v 0.02024188 -0.02154480 -0.02759560
v 0.02041824 -0.02209785 -0.02755190
v 0.02062131 -0.02237247 -0.02753489
v 0.02097195 -0.02262630 -0.02749913
v 0.02132111 -0.02272231 -0.02747874
v 0.02160151 -0.02273705 -0.02745986
v 0.02202888 -0.02262191 -0.02743110
v 0.02239296 -0.02236082 -0.02740507
v 0.02260918 -0.02204335 -0.02737747
v 0.02268601 -0.02182729 -0.02736746
v 0.02273670 -0.02155475 -0.02734469
v 0.02267232 -0.02110506 -0.02732067
v 0.02251349 -0.02080374 -0.02730256
v 0.02238982 -0.02065175 -0.02727153
v 0.02210212 -0.02044202 -0.02722676
v 0.02210796 -0.02042482 -0.02726344
v 0.02176010 -0.02029770 -0.02723442
v 0.02154053 -0.02027285 -0.02721966
v 0.02131693 -0.02028346 -0.02720451
v 0.02111069 -0.02033508 -0.02719065
v 0.02082580 -0.02046544 -0.02717290
v 0.02054888 -0.02071742 -0.02714737
v 0.02042563 -0.02090120 -0.02713253
v 0.02033231 -0.02110438 -0.02711744
v 0.02026220 -0.02147691 -0.02709511
v 0.02032674 -0.02189239 -0.02707289
v 0.02044397 -0.02213871 -0.02703972
v 0.02060789 -0.02235615 -0.02703042
v 0.02076755 -0.02249396 -0.02701704
v 0.02103905 -0.02265261 -0.02699963
v 0.02147880 -0.02272407 -0.02693706
v 0.02148341 -0.02274214 -0.02697196
v 0.02184654 -0.02268756 -0.02694338
v 0.02215701 -0.02254950 -0.02692827
v 0.02237845 -0.02236921 -0.02689905
v 0.02257401 -0.02208306 -0.02684988
v 0.02259264 -0.02208653 -0.02688455
v 0.02272699 -0.02166019 -0.02685097
v 0.02271515 -0.02128824 -0.02683091
v 0.02265485 -0.02107695 -0.02681425
v 0.02256163 -0.02087420 -0.02680127
v 0.02243757 -0.02070541 -0.02678536
v 0.02220664 -0.02048643 -0.02676594
v 0.02179386 -0.02030116 -0.02673795
v 0.02144145 -0.02027250 -0.02672357
v 0.02125068 -0.02029713 -0.02669100
v 0.02092194 -0.02040856 -0.02668073
v 0.02057320 -0.02068255 -0.02665149
v 0.02050415 -0.02076962 -0.02663762
v 0.02027701 -0.02132426 -0.02660983
v 0.02027030 -0.02161036 -0.02657821
v 0.02038008 -0.02190962 -0.02657687
v 0.02049036 -0.02222061 -0.02654352
v 0.02080555 -0.02252825 -0.02651502
v 0.02107593 -0.02266118 -0.02649893
v 0.02136123 -0.02273388 -0.02647745
v 0.02173178 -0.02271598 -0.02645302
v 0.02193289 -0.02247119 -0.02655803
v 0.02206908 -0.02254965 -0.02643750
v 0.02243235 -0.02231855 -0.02640237
v 0.02259138 -0.02207360 -0.02638016
v 0.02268343 -0.02185358 -0.02636574
v 0.02272813 -0.02160718 -0.02635143
v 0.02270923 -0.02133957 -0.02630055
v 0.02272606 -0.02133385 -0.02633602
v 0.02261563 -0.02097735 -0.02630723
v 0.02249198 -0.02077433 -0.02629098
v 0.02229652 -0.02055701 -0.02627164
v 0.02164712 -0.02027678 -0.02623280
v 0.02103045 -0.02035874 -0.02618511
v 0.02065738 -0.02059709 -0.02615812
v 0.02038439 -0.02096569 -0.02612891
v 0.02027718 -0.02133768 -0.02610181
v 0.02026979 -0.02157151 -0.02608766
v 0.02029640 -0.02177617 -0.02607487
v 0.02037169 -0.02199824 -0.02605929
v 0.02047269 -0.02218745 -0.02604483
v 0.02062227 -0.02236786 -0.02602922
v 0.02078303 -0.02250777 -0.02601561
v 0.02108125 -0.02266605 -0.02600116
v 0.02150508 -0.02274403 -0.02596141
v 0.02184074 -0.02268504 -0.02594892
v 0.02202834 -0.02261840 -0.02593129
v 0.02235133 -0.02240206 -0.02590889
v 0.02253926 -0.02216370 -0.02588710
v 0.02264824 -0.02195593 -0.02586926
v 0.02271007 -0.02173056 -0.02585583
v 0.02273396 -0.02150974 -0.02584034
v 0.02271034 -0.02127705 -0.02582764
v 0.02266047 -0.02108808 -0.02581288
v 0.02241029 -0.02097274 -0.02592641
v 0.02236956 -0.02064732 -0.02574803
v 0.02238251 -0.02063480 -0.02578276
v 0.02208374 -0.02041707 -0.02575634
v 0.02188948 -0.02033546 -0.02574328
v 0.02159432 -0.02026962 -0.02572337
v 0.02113882 -0.02031885 -0.02569243
v 0.02092188 -0.02052701 -0.02575837
v 0.02062520 -0.02063645 -0.02565465
v 0.02044374 -0.02085811 -0.02563570
v 0.02028383 -0.02127361 -0.02560570
v 0.02027306 -0.02161695 -0.02559410
v 0.02033735 -0.02193180 -0.02556423
v 0.02048648 -0.02220506 -0.02553467
v 0.02067561 -0.02242266 -0.02552635
v 0.02086077 -0.02255636 -0.02551022
v 0.02113510 -0.02266854 -0.02546052
v 0.02114125 -0.02268986 -0.02549309
v 0.02159062 -0.02273795 -0.02546065
v 0.02195733 -0.02264927 -0.02543589
v 0.02232710 -0.02241872 -0.02540918
v 0.02259864 -0.02206448 -0.02537918
v 0.02271895 -0.02156115 -0.02531408
v 0.02273008 -0.02142851 -0.02533406
v 0.02267796 -0.02112739 -0.02531620
v 0.02246274 -0.02072547 -0.02528883
v 0.02212071 -0.02043365 -0.02525865
v 0.02177784 -0.02030167 -0.02523568
v 0.02156002 -0.02027363 -0.02522102
v 0.02133321 -0.02028112 -0.02520565
v 0.02097165 -0.02038382 -0.02518546
v 0.02074548 -0.02052979 -0.02516523
v 0.02050920 -0.02076051 -0.02514496
v 0.02030847 -0.02117043 -0.02511423
v 0.02026637 -0.02153001 -0.02509029
v 0.02029257 -0.02175328 -0.02507292
v 0.02036002 -0.02197627 -0.02506108
v 0.02058752 -0.02208268 -0.02517199
v 0.02075168 -0.02248214 -0.02501826
v 0.02102716 -0.02264829 -0.02499888
v 0.02147249 -0.02274095 -0.02496873
v 0.02184041 -0.02268932 -0.02494383
v 0.02203822 -0.02261109 -0.02493050
v 0.02229510 -0.02245205 -0.02491069
v 0.02254031 -0.02216642 -0.02488720
v 0.02269478 -0.02182456 -0.02486508
v 0.02271969 -0.02131563 -0.02482851
v 0.02265352 -0.02107292 -0.02481390
v 0.02256225 -0.02087656 -0.02479938
v 0.02242864 -0.02069520 -0.02478421
v 0.02227633 -0.02054516 -0.02477035
v 0.02210243 -0.02042971 -0.02475779
v 0.02189108 -0.02033297 -0.02474138
v 0.02165960 -0.02028255 -0.02472770
v 0.02144352 -0.02027111 -0.02471309
v 0.02093890 -0.02040029 -0.02468067
v 0.02058515 -0.02066996 -0.02465150
v 0.02032251 -0.02113430 -0.02461535
v 0.02026260 -0.02149137 -0.02459262
v 0.02033843 -0.02193321 -0.02456614
v 0.02057302 -0.02232457 -0.02453197
v 0.02092576 -0.02259959 -0.02450554
v 0.02131801 -0.02272582 -0.02448510
v 0.02171470 -0.02272343 -0.02445225
v 0.02203269 -0.02261659 -0.02442374
v 0.02232860 -0.02242229 -0.02440932
v 0.02256091 -0.02213290 -0.02438449
v 0.02270362 -0.02178975 -0.02435922
v 0.02272714 -0.02134781 -0.02433271
v 0.02264307 -0.02104605 -0.02431207
v 0.02254369 -0.02084605 -0.02429699
v 0.02239683 -0.02065984 -0.02428105
v 0.02220981 -0.02066501 -0.02439987
v 0.02204251 -0.02039808 -0.02425352
v 0.02184609 -0.02031950 -0.02424029
v 0.02147828 -0.02026611 -0.02421542
v 0.02117092 -0.02031679 -0.02419459
v 0.02096834 -0.02039027 -0.02418095
v 0.02066195 -0.02059282 -0.02415848
v 0.02040750 -0.02092782 -0.02413889
v 0.02031095 -0.02117987 -0.02410324
v 0.02026690 -0.02145846 -0.02409457
v 0.02027853 -0.02166289 -0.02408226
v 0.02032645 -0.02188770 -0.02406527
v 0.02042924 -0.02211261 -0.02405073
v 0.02055271 -0.02229450 -0.02403589
v 0.02082618 -0.02254145 -0.02401234
v 0.02123645 -0.02271288 -0.02398469
v 0.02154706 -0.02273424 -0.02396368
v 0.02173815 -0.02271220 -0.02395977
v 0.02204325 -0.02261606 -0.02393039
v 0.02242084 -0.02233338 -0.02389757
v 0.02259386 -0.02206933 -0.02387992
v 0.02268616 -0.02184204 -0.02386318
v 0.02272870 -0.02159876 -0.02385097
v 0.02272800 -0.02141944 -0.02384347
v 0.02245219 -0.02129676 -0.02359847
v 0.02268550 -0.02117147 -0.02382089
v 0.02260502 -0.02095543 -0.02380552
v 0.02248135 -0.02076007 -0.02378987
v 0.02233408 -0.02059487 -0.02377518
v 0.02215362 -0.02046011 -0.02376119
v 0.02198425 -0.02037111 -0.02375871
v 0.02179316 -0.02030729 -0.02372769
v 0.02152384 -0.02027004 -0.02371852
v 0.02101141 -0.02036676 -0.02368393
v 0.02070101 -0.02056334 -0.02366164
v 0.02041685 -0.02091220 -0.02363156
v 0.02032966 -0.02111944 -0.02361646
v 0.02026594 -0.02141082 -0.02359736
v 0.02029308 -0.02175157 -0.02358558
v 0.02035022 -0.02194657 -0.02355409
v 0.02051668 -0.02225564 -0.02353938
v 0.02078664 -0.02251032 -0.02351535
v 0.02110326 -0.02267430 -0.02350115
v 0.02138927 -0.02273066 -0.02346513
v 0.02166124 -0.02272685 -0.02345583
v 0.02189669 -0.02266972 -0.02343980
v 0.02214547 -0.02255890 -0.02342329
v 0.02241595 -0.02232759 -0.02340953
v 0.02261253 -0.02205089 -0.02337429
v 0.02273527 -0.02157494 -0.02334455
v 0.02270865 -0.02126897 -0.02332722
v 0.02265056 -0.02105906 -0.02331301
v 0.02254917 -0.02085939 -0.02329792
v 0.02237259 -0.02062657 -0.02327831
v 0.02201204 -0.02037749 -0.02325139
v 0.02156949 -0.02026680 -0.02322126
v 0.02120530 -0.02030733 -0.02320586
v 0.02102107 -0.02036858 -0.02317545
v 0.02079014 -0.02049449 -0.02316862
v 0.02062852 -0.02063320 -0.02315509
v 0.02047462 -0.02081578 -0.02314108
v 0.02036502 -0.02102494 -0.02312311
v 0.02027968 -0.02129745 -0.02310432
v 0.02030122 -0.02173522 -0.02304618
v 0.02028422 -0.02173997 -0.02308162
v 0.02041264 -0.02208877 -0.02305489
v 0.02062276 -0.02237515 -0.02303267
v 0.02094942 -0.02261279 -0.02300393
v 0.02125331 -0.02271057 -0.02297451
v 0.02153397 -0.02273769 -0.02296667
v 0.02177094 -0.02270495 -0.02294838
v 0.02202827 -0.02260386 -0.02289954
v 0.02203893 -0.02261806 -0.02293468
v 0.02231484 -0.02242723 -0.02291908
v 0.02240405 -0.02212767 -0.02297243
v 0.02261081 -0.02204172 -0.02287948
v 0.02272232 -0.02168906 -0.02285455
v 0.02273025 -0.02142738 -0.02283419
v 0.02269451 -0.02120338 -0.02283207
v 0.02262977 -0.02101208 -0.02279894
v 0.02244842 -0.02070903 -0.02278574
v 0.02210607 -0.02042468 -0.02275932
v 0.02176046 -0.02029779 -0.02273454
v 0.02138655 -0.02027059 -0.02270746
v 0.02109565 -0.02034030 -0.02268956
v 0.02088335 -0.02043418 -0.02267740
v 0.02069967 -0.02056737 -0.02266121
v 0.02054935 -0.02071689 -0.02264751
v 0.02042406 -0.02090152 -0.02262903
v 0.02030523 -0.02118232 -0.02261344
v 0.02026748 -0.02162657 -0.02258458
v 0.02036923 -0.02199793 -0.02255939
v 0.02056281 -0.02231222 -0.02253439
v 0.02089479 -0.02258142 -0.02251515
v 0.02115589 -0.02268660 -0.02248092
v 0.02148804 -0.02274121 -0.02246753
v 0.02192625 -0.02266508 -0.02243792
v 0.02231236 -0.02243740 -0.02241227
v 0.02259270 -0.02208420 -0.02238043
v 0.02271337 -0.02172494 -0.02235528
v 0.02273111 -0.02151321 -0.02234244
v 0.02270468 -0.02122024 -0.02232597
v 0.02252262 -0.02080696 -0.02229408
v 0.02228183 -0.02054986 -0.02227626
v 0.02195122 -0.02035351 -0.02225337
v 0.02167631 -0.02028439 -0.02221968
v 0.02133604 -0.02027683 -0.02220579
v 0.02097141 -0.02038873 -0.02218111
v 0.02054066 -0.02072305 -0.02213964
v 0.02048480 -0.02080616 -0.02214009
v 0.02033737 -0.02107834 -0.02211887
v 0.02026272 -0.02152456 -0.02209081
v 0.02031653 -0.02184485 -0.02207715
v 0.02038289 -0.02202414 -0.02204860
v 0.02058847 -0.02234001 -0.02203790
v 0.02251600 -0.02217966 -0.02185757
v 0.02258953 -0.02207742 -0.02188048
v 0.02268325 -0.02185202 -0.02186386
v 0.02272869 -0.02160054 -0.02185099
v 0.02272432 -0.02132875 -0.02182846
v 0.02261377 -0.02097348 -0.02180701
v 0.02249602 -0.02077992 -0.02179155
v 0.02234697 -0.02060688 -0.02177625
v 0.02215749 -0.02046247 -0.02176134
v 0.02198420 -0.02037081 -0.02175847
v 0.02180091 -0.02030977 -0.02173059
v 0.02146619 -0.02026639 -0.02171457
v 0.02102753 -0.02035996 -0.02168503
v 0.02071454 -0.02055206 -0.02166277
v 0.02056029 -0.02070734 -0.02164850
v 0.02038673 -0.02096218 -0.02162762
v 0.02028012 -0.02131760 -0.02160326
v 0.02026845 -0.02153061 -0.02159043
v 0.02029237 -0.02175745 -0.02157625
v 0.02035748 -0.02196413 -0.02156202
v 0.02050529 -0.02224047 -0.02154069
v 0.02076884 -0.02249750 -0.02151683
v 0.02094860 -0.02260507 -0.02150436
v 0.02114085 -0.02268214 -0.02150030
v 0.02133503 -0.02272470 -0.02146920
v 0.02161345 -0.02273219 -0.02145928
v 0.02197988 -0.02264391 -0.02143454
v 0.02231184 -0.02243347 -0.02141653
v 0.02168585 -0.02057204 -0.02154571
v 0.02110753 -0.02063833 -0.02149498
v 0.02100983 -0.02068965 -0.02148640
v 0.02075510 -0.02091361 -0.02145821
v 0.02068834 -0.02100941 -0.02144801
v 0.02058762 -0.02122446 -0.02142677
v 0.02052344 -0.02144085 -0.02149402
v 0.02054881 -0.02178280 -0.02151725
v 0.02078911 -0.02213716 -0.02134597
v 0.02105536 -0.02235202 -0.02131777
v 0.02149488 -0.02246169 -0.02127928
v 0.02177651 -0.02241239 -0.02125510
v 0.02188275 -0.02237296 -0.02124578
v 0.02203256 -0.02229152 -0.02123228
v 0.02218626 -0.02216221 -0.02121610
v 0.02213819 0.02237399 -0.02128320
v 0.02153694 0.02027315 -0.02758561
v 0.02215172 0.02044346 -0.02754585
v 0.02248710 0.02075190 -0.02751947
v 0.02265767 0.02107098 -0.02749564
v 0.02271321 0.02128714 -0.02748105
v 0.02273418 0.02159078 -0.02745948
v 0.02264393 0.02195733 -0.02743574
v 0.02254805 0.02214250 -0.02742325
v 0.02219531 0.02222143 -0.02718475
v 0.02236169 0.02238680 -0.02740572
v 0.02205367 0.02259879 -0.02737872
v 0.02183554 0.02268239 -0.02736660
v 0.02166707 0.02252882 -0.02752321
v 0.02145119 0.02272735 -0.02733010
v 0.02118143 0.02268909 -0.02731977
v 0.02096210 0.02260433 -0.02730618
v 0.02077501 0.02249491 -0.02729154
v 0.02050587 0.02223414 -0.02726858
v 0.02036617 0.02197767 -0.02724949
v 0.02027653 0.02168851 -0.02722814
v 0.02027991 0.02131108 -0.02720434
v 0.02038743 0.02095344 -0.02718193
v 0.02065377 0.02059250 -0.02715104
v 0.02090865 0.02041598 -0.02713161
v 0.02118383 0.02031732 -0.02708072
v 0.02117749 0.02030068 -0.02711614
v 0.02161538 0.02026412 -0.02708652
v 0.02198074 0.02035955 -0.02705850
v 0.02218916 0.02047598 -0.02704431
v 0.02240092 0.02067315 -0.02699378
v 0.02241291 0.02066014 -0.02702916
v 0.02261634 0.02097047 -0.02700426
v 0.02269668 0.02120582 -0.02698637
v 0.02273032 0.02156387 -0.02695175
v 0.02268098 0.02185213 -0.02694286
v 0.02259956 0.02205023 -0.02692942
v 0.02224075 0.02248573 -0.02690094
v 0.02199561 0.02262471 -0.02686353
v 0.02165710 0.02272355 -0.02685132
v 0.02122355 0.02268537 -0.02679322
v 0.02121782 0.02270215 -0.02682872
v 0.02086766 0.02255767 -0.02679907
v 0.02066485 0.02240202 -0.02678183
v 0.02052590 0.02225377 -0.02676876
v 0.02034618 0.02194391 -0.02674713
v 0.02028113 0.02167551 -0.02672909
v 0.02026692 0.02143182 -0.02671455
v 0.02034154 0.02105927 -0.02668557
v 0.02048828 0.02079381 -0.02666902
v 0.02062235 0.02062902 -0.02665563
v 0.02078208 0.02049543 -0.02664181
v 0.02106568 0.02033629 -0.02661971
v 0.02151050 0.02025931 -0.02659124
v 0.02151621 0.02023343 -0.02658140
v 0.02206028 0.02039979 -0.02655454
v 0.02232487 0.02057353 -0.02653461
v 0.02258424 0.02093632 -0.02647387
v 0.02260082 0.02093031 -0.02650881
v 0.02272934 0.02135641 -0.02647609
v 0.02271345 0.02172597 -0.02645155
v 0.02264496 0.02195219 -0.02643260
v 0.02255426 0.02213319 -0.02643267
v 0.02244122 0.02229130 -0.02640123
v 0.02226332 0.02246321 -0.02640455
v 0.02196521 0.02264692 -0.02636489
v 0.02162023 0.02272192 -0.02634912
v 0.02132754 0.02272260 -0.02632881
v 0.02096634 0.02260890 -0.02630668
v 0.02077970 0.02249691 -0.02628850
v 0.02056551 0.02228205 -0.02624055
v 0.02054898 0.02228986 -0.02627545
v 0.02036046 0.02197154 -0.02624694
v 0.02029493 0.02175178 -0.02623396
v 0.02026598 0.02154045 -0.02621781
v 0.02028283 0.02129926 -0.02619993
v 0.02033419 0.02109300 -0.02618514
v 0.02041792 0.02090774 -0.02617705
v 0.02060475 0.02066628 -0.02612687
v 0.02059162 0.02065433 -0.02616244
v 0.02087776 0.02042990 -0.02613199
v 0.02107422 0.02034047 -0.02611949
v 0.02129445 0.02027904 -0.02610251
v 0.02151107 0.02026355 -0.02608790
v 0.02175645 0.02028902 -0.02607416
v 0.02196734 0.02035717 -0.02606136
v 0.02216909 0.02045922 -0.02604433
v 0.02234090 0.02059695 -0.02603140
v 0.02249133 0.02076133 -0.02601510
v 0.02260105 0.02094527 -0.02600428
v 0.02268656 0.02115692 -0.02598787
v 0.02272909 0.02140619 -0.02597631
v 0.02272632 0.02162893 -0.02595804
v 0.02268645 0.02181895 -0.02594004
v 0.02255684 0.02210658 -0.02589397
v 0.02257205 0.02211559 -0.02592916
v 0.02233322 0.02240595 -0.02590163
v 0.02202855 0.02261530 -0.02587676
v 0.02159681 0.02273024 -0.02584623
v 0.02129794 0.02271121 -0.02582950
v 0.02101714 0.02261759 -0.02577871
v 0.02100812 0.02263322 -0.02581414
v 0.02063500 0.02238238 -0.02578125
v 0.02040899 0.02207417 -0.02575383
v 0.02031909 0.02184790 -0.02574049
v 0.02027516 0.02164739 -0.02572706
v 0.02027047 0.02142147 -0.02571174
v 0.02031582 0.02113638 -0.02569260
v 0.02047864 0.02080289 -0.02566787
v 0.02063260 0.02062178 -0.02565474
v 0.02079480 0.02048378 -0.02564062
v 0.02098576 0.02037726 -0.02562583
v 0.02116875 0.02030980 -0.02562189
v 0.02152242 0.02025646 -0.02558439
v 0.02185945 0.02031864 -0.02556898
v 0.02207997 0.02040680 -0.02555504
v 0.02219908 0.02071255 -0.02569329
v 0.02243067 0.02068695 -0.02552303
v 0.02255733 0.02086564 -0.02550953
v 0.02264348 0.02103874 -0.02550677
v 0.02273455 0.02137774 -0.02546962
v 0.02270910 0.02172821 -0.02545122
v 0.02262462 0.02201106 -0.02542890
v 0.02241981 0.02231818 -0.02540972
v 0.02207016 0.02259038 -0.02538001
v 0.02187478 0.02266956 -0.02536590
v 0.02165082 0.02272079 -0.02535108
v 0.02145369 0.02272752 -0.02533935
v 0.02119111 0.02269253 -0.02532265
v 0.02083511 0.02254047 -0.02529662
v 0.02059890 0.02233624 -0.02527567
v 0.02042822 0.02211485 -0.02525858
v 0.02029712 0.02177188 -0.02523552
v 0.02028057 0.02130645 -0.02520398
v 0.02033969 0.02108253 -0.02518874
v 0.02045716 0.02083024 -0.02517197
v 0.02076602 0.02052083 -0.02511237
v 0.02075987 0.02050305 -0.02514753
v 0.02109319 0.02033073 -0.02511578
v 0.02146290 0.02025977 -0.02509412
v 0.02189850 0.02032487 -0.02506655
v 0.02216086 0.02045747 -0.02504668
v 0.02240178 0.02064865 -0.02502461
v 0.02264478 0.02102766 -0.02499845
v 0.02272765 0.02138663 -0.02497683
v 0.02268722 0.02183360 -0.02494198
v 0.02247721 0.02224913 -0.02491523
v 0.02223728 0.02248792 -0.02489917
v 0.02198758 0.02262761 -0.02486470
v 0.02172820 0.02270879 -0.02485584
v 0.02148972 0.02272822 -0.02484105
v 0.02128761 0.02271177 -0.02482882
v 0.02106081 0.02264731 -0.02481326
v 0.02086914 0.02255695 -0.02479908
v 0.02067902 0.02241479 -0.02478308
v 0.02053188 0.02226148 -0.02476934
v 0.02035863 0.02197020 -0.02475480
v 0.02028487 0.02170098 -0.02472159
v 0.02026982 0.02135771 -0.02470747
v 0.02036337 0.02102064 -0.02469366
v 0.02053470 0.02071769 -0.02465873
v 0.02079631 0.02048551 -0.02464051
v 0.02098746 0.02037394 -0.02462557
v 0.02134321 0.02026903 -0.02460126
v 0.02178647 0.02029263 -0.02457414
v 0.02206579 0.02040276 -0.02455403
v 0.02231726 0.02056732 -0.02453371
v 0.02238247 0.02088896 -0.02466903
v 0.02271300 0.02127259 -0.02448188
v 0.02273114 0.02149491 -0.02446698
v 0.02271366 0.02171656 -0.02445214
v 0.02264881 0.02193907 -0.02443693
v 0.02255216 0.02213984 -0.02442334
v 0.02233879 0.02240335 -0.02440791
v 0.02211687 0.02256262 -0.02437465
v 0.02163680 0.02272138 -0.02435363
v 0.02134009 0.02272329 -0.02433217
v 0.02091725 0.02258842 -0.02430295
v 0.02056840 0.02231112 -0.02427314
v 0.02037932 0.02200992 -0.02426244
v 0.02031091 0.02181965 -0.02422960
v 0.02027041 0.02157885 -0.02423138
v 0.02028370 0.02126015 -0.02420086
v 0.02040910 0.02092418 -0.02417831
v 0.02059500 0.02067692 -0.02412781
v 0.02058156 0.02066548 -0.02416336
v 0.02093925 0.02039233 -0.02413049
v 0.02137067 0.02026591 -0.02409956
v 0.02181087 0.02029870 -0.02407245
v 0.02214612 0.02044542 -0.02404795
v 0.02232889 0.02058423 -0.02403616
v 0.02253309 0.02081621 -0.02401276
v 0.02268525 0.02115508 -0.02398984
v 0.02273686 0.02152442 -0.02396459
v 0.02269227 0.02180412 -0.02394612
v 0.02262187 0.02200441 -0.02394170
v 0.02245429 0.02228525 -0.02391254
v 0.02222013 0.02249580 -0.02388301
v 0.02196973 0.02263790 -0.02387463
v 0.02160636 0.02272896 -0.02384817
v 0.02116663 0.02268818 -0.02382096
v 0.02076467 0.02249211 -0.02379078
v 0.02045605 0.02216191 -0.02376348
v 0.02033135 0.02188563 -0.02374310
v 0.02043600 0.02169216 -0.02385330
v 0.02026664 0.02137652 -0.02370871
v 0.02040025 0.02092311 -0.02367336
v 0.02058789 0.02066815 -0.02365917
v 0.02083658 0.02045071 -0.02363864
v 0.02126214 0.02028141 -0.02360448
v 0.02197034 0.02035392 -0.02356725
v 0.02221324 0.02049222 -0.02353331
v 0.02240852 0.02066395 -0.02353594
v 0.02253455 0.02082811 -0.02350298
v 0.02265168 0.02105751 -0.02349906
v 0.02270812 0.02125948 -0.02348290
v 0.02273626 0.02156730 -0.02346215
v 0.02264611 0.02195234 -0.02343593
v 0.02253553 0.02216335 -0.02342139
v 0.02241573 0.02232285 -0.02340917
v 0.02206394 0.02259362 -0.02337943
v 0.02183610 0.02250102 -0.02349227
v 0.02163970 0.02272205 -0.02335026
v 0.02127643 0.02271343 -0.02332826
v 0.02099621 0.02262023 -0.02330873
v 0.02072776 0.02246448 -0.02328928
v 0.02047211 0.02217905 -0.02326305
v 0.02036535 0.02197629 -0.02324922
v 0.02028051 0.02170911 -0.02323120
v 0.02027678 0.02133288 -0.02320578
v 0.02047230 0.02116228 -0.02331632
v 0.02041209 0.02091421 -0.02317755
v 0.02052992 0.02073734 -0.02316470
v 0.02069517 0.02055998 -0.02315113
v 0.02101355 0.02035822 -0.02312342
v 0.02131394 0.02027892 -0.02310315
v 0.02158682 0.02027886 -0.02305537
v 0.02159794 0.02026217 -0.02309017
v 0.02201546 0.02039008 -0.02302623
v 0.02202812 0.02037612 -0.02306123
v 0.02238897 0.02063589 -0.02302712
v 0.02260730 0.02095146 -0.02300570
v 0.02268672 0.02117460 -0.02299362
v 0.02272109 0.02133554 -0.02298674
v 0.02272651 0.02167178 -0.02295379
v 0.02256840 0.02212476 -0.02291972
v 0.02235291 0.02238435 -0.02290350
v 0.02211005 0.02257375 -0.02288456
v 0.02175486 0.02270337 -0.02285760
v 0.02153696 0.02272727 -0.02284406
v 0.02124787 0.02270784 -0.02282638
v 0.02082794 0.02253657 -0.02279776
v 0.02056991 0.02230456 -0.02278213
v 0.02037158 0.02201184 -0.02274523
v 0.02027952 0.02166364 -0.02272819
v 0.02026794 0.02147647 -0.02272453
v 0.02031652 0.02112297 -0.02268827
v 0.02054219 0.02071559 -0.02266906
v 0.02096670 0.02038365 -0.02262711
v 0.02132738 0.02027062 -0.02260379
v 0.02177163 0.02028926 -0.02257505
v 0.02215513 0.02044891 -0.02255311
v 0.02236205 0.02061628 -0.02252067
v 0.02257119 0.02091175 -0.02247554
v 0.02258799 0.02090515 -0.02251196
v 0.02270900 0.02125636 -0.02248535
v 0.02273244 0.02159308 -0.02246435
v 0.02263606 0.02198833 -0.02243360
v 0.02236298 0.02238764 -0.02240048
v 0.02194163 0.02265237 -0.02237017
v 0.02164656 0.02271906 -0.02235076
v 0.02143353 0.02272820 -0.02233789
v 0.02122125 0.02269597 -0.02232448
v 0.02092603 0.02259366 -0.02230509
v 0.02061964 0.02236105 -0.02227781
v 0.02041760 0.02209228 -0.02226291
v 0.02031592 0.02183702 -0.02223087
v 0.02027017 0.02158210 -0.02223326
v 0.02027389 0.02137329 -0.02219940
v 0.02034789 0.02104434 -0.02218618
v 0.02057469 0.02067554 -0.02216185
v 0.02092444 0.02039997 -0.02213157
v 0.02128068 0.02028231 -0.02210533
v 0.02164964 0.02026825 -0.02208278
v 0.02208269 0.02040404 -0.02205451
v 0.02243506 0.02068641 -0.02202270
v 0.02266152 0.02106954 -0.02199431
v 0.02254430 0.02147992 -0.02210935
v 0.02272863 0.02158602 -0.02196957
v 0.02266777 0.02191260 -0.02193378
v 0.02250341 0.02220983 -0.02191823
v 0.02237418 0.02236412 -0.02191444
v 0.02209521 0.02258461 -0.02187665
v 0.02176680 0.02269851 -0.02185854
v 0.02157166 0.02272615 -0.02185521
v 0.02137180 0.02272158 -0.02182506
v 0.02104431 0.02262889 -0.02178070
v 0.02103393 0.02264312 -0.02181809
v 0.02071820 0.02245113 -0.02178670
v 0.02055255 0.02228342 -0.02177131
v 0.02043540 0.02211697 -0.02176771
v 0.02029773 0.02180043 -0.02173396
v 0.02026884 0.02145780 -0.02171423
v 0.02030833 0.02116170 -0.02169425
v 0.02046590 0.02082328 -0.02167124
v 0.02070924 0.02054411 -0.02164763
v 0.02106804 0.02033917 -0.02162382
v 0.02148507 0.02025659 -0.02158776
v 0.02196708 0.02035036 -0.02156167
v 0.02221039 0.02049022 -0.02154280
v 0.02237125 0.02062572 -0.02153781
v 0.02249984 0.02077666 -0.02150729
v 0.02263583 0.02101555 -0.02149953
v 0.02269886 0.02121491 -0.02148615
v 0.02273362 0.02145975 -0.02147137
v 0.02271469 0.02169677 -0.02145338
v 0.02267166 0.02187419 -0.02144836
v 0.02253951 0.02216863 -0.02142153
v 0.02223461 0.02249295 -0.02138653
v 0.02060615 0.02181905 -0.02155768
v 0.02056810 0.02168256 -0.02154571
v 0.02054773 0.02150335 -0.02152993
v 0.02056589 0.02132162 -0.02151405
v 0.02067631 0.02099717 -0.02148577
v 0.02090967 0.02075181 -0.02145821
v 0.02113105 0.02060728 -0.02145078
v 0.02144037 0.02054823 -0.02140897
v 0.02155037 0.02054773 -0.02140047
v 0.02172252 0.02057177 -0.02138601
v 0.02193388 0.02064916 -0.02136696
v 0.02211729 0.02073497 -0.02142783
v 0.02239711 0.02116053 -0.02130870
v 0.02245075 0.02161194 -0.02126882
v 0.02234386 0.02193618 -0.02124114
v 0.02225688 0.02207009 -0.02122841
v 0.02218295 0.02215641 -0.02121900
v 0.02212336 0.02221298 -0.02121200
v -0.02027969 0.02149638 -0.02756063
v -0.02244802 0.02218615 -0.02136290
v -0.02026981 0.02144368 -0.02709524
v -0.02034819 0.02106154 -0.02662007
v -0.02066451 0.02058528 -0.02366235
v -0.02037078 0.02100006 -0.02212441
v -0.02024643 0.02153951 -0.02759222
v -0.02041482 0.02208307 -0.02755251
v -0.02063704 0.02238294 -0.02752734
v -0.02086498 0.02255139 -0.02750993
v -0.02114787 0.02268307 -0.02749210
v -0.02149880 0.02272837 -0.02747592
v -0.02184537 0.02268759 -0.02743840
v -0.02213998 0.02254883 -0.02742362
v -0.02239071 0.02235652 -0.02740522
v -0.02264025 0.02197828 -0.02737310
v -0.02273744 0.02153699 -0.02734591
v -0.02260677 0.02095571 -0.02730588
v -0.02245322 0.02070673 -0.02728606
v -0.02210707 0.02041753 -0.02725936
v -0.02168542 0.02027273 -0.02722925
v -0.02131246 0.02027701 -0.02720413
v -0.02110252 0.02033091 -0.02718999
v -0.02090016 0.02041861 -0.02717632
v -0.02070622 0.02055358 -0.02716531
v -0.02054695 0.02071329 -0.02714707
v -0.02042165 0.02090228 -0.02713182
v -0.02032909 0.02110853 -0.02711648
v -0.02027867 0.02134761 -0.02710919
v -0.02028979 0.02175803 -0.02707562
v -0.02043204 0.02211362 -0.02705021
v -0.02064358 0.02238666 -0.02703304
v -0.02086036 0.02254908 -0.02700136
v -0.02118498 0.02269358 -0.02698662
v -0.02164185 0.02272592 -0.02695733
v -0.02198440 0.02262935 -0.02694296
v -0.02228039 0.02246028 -0.02690876
v -0.02249500 0.02221943 -0.02688715
v -0.02264931 0.02195637 -0.02687172
v -0.02272952 0.02160198 -0.02684830
v -0.02271185 0.02125421 -0.02683301
v -0.02259410 0.02093052 -0.02680407
v -0.02247524 0.02074022 -0.02678891
v -0.02214591 0.02044520 -0.02676058
v -0.02180740 0.02048420 -0.02686803
v -0.02175832 0.02029179 -0.02674342
v -0.02140126 0.02025988 -0.02670525
v -0.02107884 0.02033918 -0.02668846
v -0.02080380 0.02047386 -0.02666985
v -0.02048501 0.02078855 -0.02664065
v -0.02029221 0.02125581 -0.02661574
v -0.02026938 0.02145104 -0.02658558
v -0.02028552 0.02171145 -0.02657894
v -0.02040752 0.02207860 -0.02655186
v -0.02059729 0.02233374 -0.02653158
v -0.02081770 0.02250830 -0.02648244
v -0.02081407 0.02252779 -0.02651546
v -0.02114845 0.02267883 -0.02649072
v -0.02148242 0.02273192 -0.02647406
v -0.02175218 0.02270292 -0.02643909
v -0.02219163 0.02251572 -0.02641998
v -0.02237490 0.02236751 -0.02640311
v -0.02233051 0.02214452 -0.02624072
v -0.02266735 0.02190817 -0.02636815
v -0.02273714 0.02146705 -0.02634011
v -0.02267080 0.02110638 -0.02631696
v -0.02258168 0.02090717 -0.02630230
v -0.02245975 0.02072071 -0.02628730
v -0.02231647 0.02057384 -0.02627401
v -0.02204596 0.02040449 -0.02622288
v -0.02205862 0.02039035 -0.02625631
v -0.02170549 0.02027978 -0.02623080
v -0.02146873 0.02026414 -0.02621821
v -0.02124201 0.02029002 -0.02619941
v -0.02089437 0.02041718 -0.02617451
v -0.02055041 0.02070317 -0.02614794
v -0.02039541 0.02095264 -0.02612807
v -0.02028852 0.02124299 -0.02610879
v -0.02027207 0.02158168 -0.02609338
v -0.02033682 0.02192623 -0.02605973
v -0.02049794 0.02221204 -0.02604241
v -0.02065238 0.02239357 -0.02602420
v -0.02083763 0.02253433 -0.02601181
v -0.02102616 0.02263526 -0.02599897
v -0.02125483 0.02270437 -0.02598688
v -0.02147848 0.02272996 -0.02596831
v -0.02169853 0.02271177 -0.02595349
v -0.02192104 0.02265681 -0.02593642
v -0.02224798 0.02248217 -0.02591597
v -0.02245638 0.02227258 -0.02589667
v -0.02260541 0.02201478 -0.02584522
v -0.02262153 0.02202266 -0.02588064
v -0.02273223 0.02145262 -0.02584286
v -0.02270193 0.02121359 -0.02582206
v -0.02261968 0.02098238 -0.02580781
v -0.02251897 0.02080024 -0.02579385
v -0.02237518 0.02062970 -0.02577900
v -0.02221317 0.02048959 -0.02576540
v -0.02188937 0.02032178 -0.02574326
v -0.02144454 0.02025937 -0.02571137
v -0.02099793 0.02036520 -0.02568457
v -0.02063064 0.02061613 -0.02565573
v -0.02037555 0.02098009 -0.02562578
v -0.02029282 0.02125393 -0.02560706
v -0.02026608 0.02148882 -0.02559421
v -0.02031760 0.02185852 -0.02556729
v -0.02056054 0.02202965 -0.02567633
v -0.02086173 0.02232380 -0.02569165
v -0.02093534 0.02259299 -0.02550493
v -0.02128103 0.02271435 -0.02548164
v -0.02172929 0.02271257 -0.02545133
v -0.02199958 0.02262221 -0.02543319
v -0.02226328 0.02247045 -0.02541471
v -0.02252053 0.02219153 -0.02539193
v -0.02263146 0.02198322 -0.02537375
v -0.02270189 0.02177603 -0.02535927
v -0.02273448 0.02140989 -0.02533668
v -0.02267577 0.02112911 -0.02531853
v -0.02258977 0.02091724 -0.02530316
v -0.02247244 0.02074008 -0.02528893
v -0.02231449 0.02056941 -0.02527346
v -0.02199450 0.02036156 -0.02525167
v -0.02155453 0.02025993 -0.02522048
v -0.02111234 0.02032141 -0.02519060
v -0.02086169 0.02044328 -0.02517383
v -0.02061380 0.02063292 -0.02515401
v -0.02039018 0.02095621 -0.02512966
v -0.02027791 0.02130947 -0.02510463
v -0.02027121 0.02159014 -0.02508287
v -0.02031183 0.02182747 -0.02507115
v -0.02039756 0.02204460 -0.02505522
v -0.02055126 0.02229062 -0.02503568
v -0.02089135 0.02257327 -0.02500782
v -0.02121050 0.02269373 -0.02499550
v -0.02140491 0.02272471 -0.02496439
v -0.02167877 0.02271722 -0.02495482
v -0.02190799 0.02265967 -0.02494282
v -0.02209483 0.02257541 -0.02493551
v -0.02229446 0.02243757 -0.02491177
v -0.02248603 0.02221634 -0.02486122
v -0.02250297 0.02222357 -0.02489629
v -0.02269384 0.02182327 -0.02486226
v -0.02273354 0.02146393 -0.02483997
v -0.02266829 0.02108573 -0.02481708
v -0.02252633 0.02081538 -0.02479503
v -0.02238907 0.02064070 -0.02478015
v -0.02218380 0.02068295 -0.02489725
v -0.02196551 0.02034988 -0.02474824
v -0.02160992 0.02026743 -0.02472433
v -0.02122344 0.02028968 -0.02469972
v -0.02094354 0.02039800 -0.02467925
v -0.02069465 0.02055730 -0.02466123
v -0.02045541 0.02084030 -0.02463658
v -0.02035465 0.02104475 -0.02462127
v -0.02027217 0.02134266 -0.02460213
v -0.02028404 0.02170283 -0.02457945
v -0.02034496 0.02192255 -0.02456433
v -0.02047713 0.02219267 -0.02454395
v -0.02072864 0.02245891 -0.02451991
v -0.02105519 0.02265138 -0.02449838
v -0.02149869 0.02273402 -0.02446691
v -0.02178819 0.02269376 -0.02444748
v -0.02207063 0.02259425 -0.02442840
v -0.02242623 0.02231831 -0.02440196
v -0.02264489 0.02192055 -0.02433830
v -0.02266185 0.02192621 -0.02437349
v -0.02259728 0.02161378 -0.02447064
v -0.02272877 0.02140325 -0.02432742
v -0.02265853 0.02106027 -0.02431380
v -0.02242051 0.02066693 -0.02428829
v -0.02205843 0.02041081 -0.02422373
v -0.02206561 0.02039494 -0.02425904
v -0.02169414 0.02041026 -0.02435136
v -0.02155509 0.02026539 -0.02421183
v -0.02125589 0.02028546 -0.02420028
v -0.02091937 0.02040606 -0.02418352
v -0.02060485 0.02064080 -0.02415340
v -0.02042112 0.02090358 -0.02412514
v -0.02031739 0.02114585 -0.02411395
v -0.02027176 0.02139436 -0.02410135
v -0.02027511 0.02167586 -0.02408208
v -0.02038334 0.02202188 -0.02405541
v -0.02059450 0.02234100 -0.02403168
v -0.02093090 0.02259356 -0.02400916
v -0.02118918 0.02268870 -0.02397732
v -0.02145841 0.02273010 -0.02396783
v -0.02167396 0.02271558 -0.02395514
v -0.02196915 0.02264243 -0.02393550
v -0.02226904 0.02246106 -0.02391932
v -0.02233209 0.02238975 -0.02387672
v -0.02244573 0.02228737 -0.02389442
v -0.02257304 0.02210582 -0.02388307
v -0.02265626 0.02192557 -0.02386637
v -0.02271653 0.02160027 -0.02381692
v -0.02273437 0.02160159 -0.02385362
v -0.02269305 0.02116493 -0.02381975
v -0.02254168 0.02083327 -0.02379464
v -0.02240804 0.02066206 -0.02377872
v -0.02215402 0.02046554 -0.02373033
v -0.02216085 0.02044872 -0.02376687
v -0.02175277 0.02028447 -0.02373269
v -0.02130419 0.02027348 -0.02370080
v -0.02094404 0.02039463 -0.02368137
v -0.02055484 0.02072437 -0.02361567
v -0.02062345 0.02087214 -0.02378714
v -0.02035495 0.02103591 -0.02361979
v -0.02029467 0.02124515 -0.02360752
v -0.02026388 0.02155249 -0.02359028
v -0.02036723 0.02199529 -0.02355778
v -0.02057661 0.02231423 -0.02353350
v -0.02073728 0.02246295 -0.02351937
v -0.02091210 0.02258068 -0.02350661
v -0.02109888 0.02266073 -0.02349413
v -0.02133456 0.02271961 -0.02348008
v -0.02157224 0.02272693 -0.02345851
v -0.02186855 0.02267769 -0.02344194
v -0.02219137 0.02251825 -0.02342001
v -0.02234980 0.02238813 -0.02340715
v -0.02255888 0.02213961 -0.02338541
v -0.02269363 0.02180258 -0.02337001
v -0.02269585 0.02137864 -0.02333104
v -0.02271831 0.02127865 -0.02332865
v -0.02259482 0.02092534 -0.02330599
v -0.02237202 0.02061725 -0.02327640
v -0.02200405 0.02036639 -0.02325086
v -0.02173783 0.02028793 -0.02323303
v -0.02141491 0.02026062 -0.02321122
v -0.02103963 0.02035197 -0.02318567
v -0.02075284 0.02051206 -0.02315292
v -0.02060305 0.02064603 -0.02316608
v -0.02040239 0.02093199 -0.02313168
v -0.02032164 0.02113972 -0.02311471
v -0.02027453 0.02135748 -0.02310013
v -0.02028514 0.02173202 -0.02307601
v -0.02043520 0.02212267 -0.02305557
v -0.02060002 0.02233750 -0.02302254
v -0.02087400 0.02256388 -0.02300766
v -0.02122394 0.02269877 -0.02298564
v -0.02159752 0.02273021 -0.02296044
v -0.02187410 0.02266993 -0.02294169
v -0.02226746 0.02246134 -0.02291071
v -0.02249231 0.02223645 -0.02289350
v -0.02266421 0.02190568 -0.02286821
v -0.02271524 0.02169809 -0.02285435
v -0.02273375 0.02147479 -0.02284071
v -0.02267360 0.02110083 -0.02281515
v -0.02253203 0.02082400 -0.02279571
v -0.02239720 0.02064920 -0.02278097
v -0.02223401 0.02050732 -0.02276714
v -0.02204643 0.02039023 -0.02275388
v -0.02183375 0.02030968 -0.02273595
v -0.02152861 0.02025904 -0.02271893
v -0.02108812 0.02032972 -0.02268913
v -0.02076670 0.02050461 -0.02266688
v -0.02059462 0.02066021 -0.02264835
v -0.02041341 0.02090439 -0.02263155
v -0.02029112 0.02125608 -0.02260896
v -0.02026984 0.02143923 -0.02259555
v -0.02030864 0.02176064 -0.02254402
v -0.02029069 0.02176593 -0.02257760
v -0.02043189 0.02211157 -0.02254777
v -0.02054790 0.02227747 -0.02253674
v -0.02084639 0.02254071 -0.02250253
v -0.02109672 0.02266303 -0.02249208
v -0.02163810 0.02272683 -0.02245917
v -0.02206826 0.02259548 -0.02242869
v -0.02234860 0.02238994 -0.02241602
v -0.02255713 0.02214398 -0.02238425
v -0.02268625 0.02182987 -0.02235387
v -0.02273193 0.02156692 -0.02234604
v -0.02272238 0.02134406 -0.02233249
v -0.02267975 0.02113443 -0.02231889
v -0.02247035 0.02073293 -0.02228634
v -0.02229425 0.02055467 -0.02227177
v -0.02212889 0.02043491 -0.02225933
v -0.02192575 0.02034064 -0.02224556
v -0.02172051 0.02028244 -0.02223178
v -0.02149781 0.02026494 -0.02221670
v -0.02120258 0.02029528 -0.02219684
v -0.02085982 0.02044124 -0.02217146
v -0.02081935 0.02068466 -0.02228765
v -0.02052278 0.02074365 -0.02214458
v -0.02029131 0.02126041 -0.02211542
v -0.02026478 0.02158284 -0.02208564
v -0.02033579 0.02189807 -0.02205715
v -0.02045138 0.02214733 -0.02204561
v -0.02059714 0.02233352 -0.02203163
v -0.02075476 0.02248010 -0.02201580
v -0.02095165 0.02259890 -0.02200388
v -0.02114923 0.02267980 -0.02198858
v -0.02137719 0.02272169 -0.02197510
v -0.02159498 0.02272723 -0.02195844
v -0.02182200 0.02268508 -0.02194509
v -0.02202590 0.02261322 -0.02192936
v -0.02222210 0.02249416 -0.02191750
v -0.02242549 0.02229264 -0.02186779
v -0.02244145 0.02230275 -0.02190108
v -0.02263515 0.02198232 -0.02187162
v -0.02270240 0.02176371 -0.02185858
v -0.02273352 0.02154909 -0.02184303
v -0.02271816 0.02130496 -0.02182656
v -0.02263284 0.02104101 -0.02178070
v -0.02264543 0.02102448 -0.02181568
v -0.02245220 0.02071147 -0.02178644
v -0.02228628 0.02054835 -0.02177120
v -0.02212109 0.02043222 -0.02176770
v -0.02194526 0.02034825 -0.02173996
v -0.02169583 0.02027819 -0.02173005
v -0.02146639 0.02026540 -0.02171460
v -0.02116787 0.02030442 -0.02169439
v -0.02076833 0.02049892 -0.02166716
v -0.02052431 0.02074456 -0.02165360
v -0.02041595 0.02091149 -0.02162219
v -0.02031110 0.02116803 -0.02161260
v -0.02027188 0.02139469 -0.02160141
v -0.02027728 0.02167961 -0.02157914
v -0.02042223 0.02210441 -0.02155122
v -0.02065586 0.02239581 -0.02152618
v -0.02082351 0.02252535 -0.02151303
v -0.02102617 0.02263528 -0.02149906
v -0.02139350 0.02272942 -0.02147416
v -0.02181351 0.02269160 -0.02145170
v -0.02206216 0.02259293 -0.02142022
v -0.02226646 0.02246084 -0.02142339
v -0.02239893 0.02233839 -0.02139382
v -0.02212251 0.02076061 -0.02158315
v -0.02188292 0.02062193 -0.02157346
v -0.02150047 0.02053765 -0.02152894
v -0.02110784 0.02062696 -0.02149474
v -0.02091870 0.02074525 -0.02147760
v -0.02083301 0.02082022 -0.02146815
v -0.02059258 0.02115424 -0.02143182
v -0.02055168 0.02154708 -0.02140047
v -0.02058894 0.02177776 -0.02138086
v -0.02071518 0.02203481 -0.02135642
v -0.02091029 0.02224564 -0.02133127
v -0.02115271 0.02238259 -0.02131002
v -0.02138449 0.02244123 -0.02128975
v -0.02173303 0.02242591 -0.02125882
v -0.02211699 0.02222788 -0.02122444
f 1260 8 7
f 1264 3 4
f 22 23 21
f 178 186 177
f 197 198 196
f 236 5903 235
f 298 299 297
f 318 316 317
f 1276 328 327
f 1280 325 328
f 330 5359 329
f 333 322 332
f 1269 322 333
f 378 379 377
f 552 553 551
f 1288 639 638
f 649 650 648
f 1285 638 652
f 721 722 720
f 789 790 788
f 960 957 959
f 1301 957 960
f 1302 957 1301
f 1302 956 957
f 961 956 1304
f 963 961 962
f 966 985 986
f 958 965 1298
f 4796 1091 1092
f 1242 1240 1241
f 1258 6 5
f 1258 7 6
f 1259 1260 7
f 1259 7 1258
f 9 8 1260
f 1261 10 9
f 1262 10 1261
f 1263 10 1262
f 1263 4 10
f 1263 1264 4
f 1265 2 1264
f 1265 11 2
f 1266 11 1265
f 1267 11 1266
f 1267 12 11
f 13 12 1267
f 1268 1 13
f 1270 322 1269
f 1270 323 322
f 1271 324 323
f 1271 323 1270
f 1272 324 1271
f 1273 327 1272
f 1274 327 1273
f 1275 327 1274
f 1275 1276 327
f 1276 1277 328
f 1278 328 1277
f 1279 328 1278
f 1279 1280 328
f 1281 329 1280
f 330 329 1281
f 1282 5359 330
f 1283 5359 1282
f 1283 331 5359
f 1284 332 331
f 1269 332 1284
f 1269 333 332
f 1287 1288 638
f 1287 638 1285
f 640 639 1288
f 1289 640 3106
f 1289 641 640
f 1289 642 641
f 1290 642 1289
f 643 642 1290
f 1291 644 643
f 1291 1292 644
f 1293 648 1292
f 647 648 1293
f 1294 648 647
f 649 648 1294
f 1295 645 651
f 1295 1296 645
f 1286 1285 652
f 1286 652 1296
f 1299 958 1298
f 1299 959 958
f 1301 959 1300
f 1301 960 959
f 1302 1301 1297
f 1303 956 1302
f 1304 956 1303
f 962 961 1304
f 1305 1306 964
f 1306 1307 966
f 1308 965 1307
f 1309 965 1308
f 1309 3123 1298
f 1309 1298 965
f 1314 1331 1313
f 1315 1314 1313
f 1316 1315 1313
f 1316 1313 1318
f 1318 1310 1316
f 1320 1311 1318
f 1320 1318 1317
f 1320 1317 1319
f 1319 1323 1320
f 1323 1319 1321
f 1324 1321 1322
f 1324 1323 1321
f 1325 1324 1322
f 1312 1324 1325
f 1312 1325 1326
f 1327 1312 1326
f 1328 1312 1327
f 1329 1328 1327
f 1330 1332 1327
f 1332 1329 1327
f 1333 1330 1331
f 1333 1332 1330
f 1333 1331 1314
f 1354 1350 1349
f 1355 1354 1349
f 1355 1356 1354
f 1356 1355 1348
f 1356 1347 1346
f 1356 1348 1347
f 1357 1356 1346
f 1357 1359 1356
f 1358 1357 1345
f 1358 1359 1357
f 1359 1358 1344
f 1359 1343 1342
f 1359 1344 1343
f 1359 1341 1340
f 1359 1342 1341
f 1340 1353 1359
f 1337 1339 1338
f 1337 1360 1339
f 1337 1352 1360
f 1361 1351 1337
f 1336 1356 1334
f 1336 1334 1366
f 1335 1354 1356
f 1335 1356 1336
f 1374 1387 1373
f 1375 1374 1373
f 1376 1377 1375
f 1377 1374 1375
f 1378 1377 1376
f 1379 1378 1376
f 1380 1379 1376
f 1381 1379 1380
f 1382 1380 1372
f 1382 1381 1380
f 1369 1372 1371
f 1369 1382 1372
f 1370 1368 1369
f 1370 1369 1371
f 1384 1368 1370
f 1385 1384 1370
f 1385 1370 1383
f 1386 1367 1385
f 1386 1385 1383
f 1387 1367 1386
f 1387 1386 1373
f 1412 1402 1411
f 1413 1402 1412
f 1413 1403 1402
f 1414 1403 1413
f 1415 1405 1404
f 1416 1401 1400
f 1416 1415 1401
f 1416 1406 1415
f 1417 1416 1400
f 1417 1407 1416
f 1418 1408 1417
f 1419 1408 1418
f 1419 1418 1399
f 1421 1397 1396
f 1421 1398 1397
f 1421 1420 1408
f 1421 1419 1398
f 1421 1408 1419
f 1421 1395 1394
f 1421 1396 1395
f 1422 1393 1392
f 1422 1394 1393
f 1422 1421 1394
f 1422 1409 1420
f 1422 1420 1421
f 1422 1391 1390
f 1422 1392 1391
f 1389 1388 1409
f 1389 1422 1390
f 1389 1409 1422
f 1431 1429 1430
f 1432 1431 1430
f 1434 1432 1430
f 1435 1434 1430
f 1435 1430 1433
f 1436 1435 1433
f 1423 1436 1433
f 1423 1433 1437
f 1438 1423 1437
f 1438 1437 1426
f 1441 1426 1427
f 1439 1438 1426
f 1441 1439 1426
f 1441 1440 1424
f 1441 1427 1440
f 1442 1424 1440
f 1442 1440 1443
f 1444 1442 1443
f 1425 1443 1428
f 1425 1444 1443
f 1425 1428 1445
f 1431 1445 1429
f 1431 1425 1445
f 1447 1449 1446
f 1446 1449 1469
f 1449 1447 1448
f 1448 1450 1449
f 1451 1450 1448
f 1453 1454 1450
f 1453 1450 1451
f 1455 1452 1454
f 1459 1458 1457
f 1460 1462 1458
f 1460 1458 1459
f 1463 1461 1462
f 1464 1461 1463
f 1466 1469 1464
f 1465 1466 1464
f 1468 1469 1466
f 1469 1449 1450
f 1469 1450 1467
f 4641 1474 1473
f 4641 1472 1474
f 1475 1471 4641
f 1475 4641 1473
f 1476 1471 1475
f 1477 1471 1476
f 1480 1471 1477
f 1480 1478 1479
f 1480 1477 1478
f 1481 1480 1479
f 1482 1481 1479
f 1483 1484 1479
f 1484 1482 1479
f 1485 1484 1483
f 1470 1485 1483
f 1486 1470 1483
f 1470 1486 1487
f 1488 1474 1470
f 1488 1470 1487
f 1488 1473 1474
f 1489 1491 1490
f 1491 1493 1492
f 1497 1493 1491
f 1499 1494 1498
f 1500 1501 1499
f 1502 1495 1501
f 1503 1504 1502
f 1505 1496 1504
f 1507 1491 1492
f 1507 1490 1491
f 1509 1521 1508
f 1509 1522 1521
f 1509 1523 1522
f 1509 1524 1523
f 1509 1525 1524
f 1509 1526 1525
f 1509 1527 1526
f 1520 1527 1509
f 1520 1528 1527
f 1519 1528 1520
f 1519 1529 1528
f 1518 1529 1519
f 1518 1530 1529
f 1518 1531 1530
f 1518 1532 1531
f 1518 1533 1532
f 1517 1533 1518
f 1517 1534 1533
f 1516 1534 1517
f 1516 1535 1534
f 1515 1535 1516
f 1515 1536 1535
f 1515 1537 1536
f 1515 1538 1537
f 1515 1539 1538
f 1515 1540 1539
f 1514 1541 1540
f 1514 1540 1515
f 1514 1542 1541
f 1514 1543 1542
f 1514 1544 1543
f 1513 1545 1544
f 1513 1544 1514
f 1513 1546 1545
f 1513 1547 1546
f 1513 1548 1547
f 1513 1549 1548
f 1513 1550 1549
f 1513 1551 1550
f 1512 1551 1513
f 1512 1552 1551
f 1512 1553 1552
f 1512 1554 1553
f 1512 1556 1555
f 1512 1557 1556
f 1512 1558 1557
f 1511 1558 1512
f 1510 1559 1511
f 1509 1559 1510
f 1509 1508 1559
f 1521 1560 1508
f 1521 1601 1560
f 1522 1601 1521
f 1522 1600 1601
f 1523 1600 1522
f 1523 1599 1600
f 1524 1599 1523
f 1524 1598 1599
f 1525 1598 1524
f 1525 1597 1598
f 1526 1597 1525
f 1526 1596 1597
f 1527 1596 1526
f 1527 1595 1596
f 1528 1595 1527
f 1528 1594 1595
f 1529 1594 1528
f 1529 1593 1594
f 1530 1593 1529
f 1530 1592 1593
f 1531 1592 1530
f 1531 1591 1592
f 1532 1591 1531
f 1532 1590 1591
f 1533 1590 1532
f 1533 1589 1590
f 1534 1589 1533
f 1534 1588 1589
f 1535 1588 1534
f 1535 1587 1588
f 1536 1587 1535
f 1536 1586 1587
f 1537 1586 1536
f 1537 1585 1586
f 1538 1585 1537
f 1538 1584 1585
f 1539 1583 1584
f 1539 1584 1538
f 1540 1582 1583
f 1540 1583 1539
f 1541 1581 1582
f 1541 1582 1540
f 1542 1580 1581
f 1542 1581 1541
f 1543 1579 1580
f 1543 1580 1542
f 1544 1578 1579
f 1544 1579 1543
f 1545 1577 1578
f 1545 1578 1544
f 1546 1576 1577
f 1546 1577 1545
f 1547 1575 1576
f 1547 1576 1546
f 1548 1575 1547
f 1548 1574 1575
f 1549 1574 1548
f 1549 1573 1574
f 1550 1573 1549
f 1550 1572 1573
f 1551 1572 1550
f 1551 1571 1572
f 1552 1571 1551
f 1552 1570 1571
f 1553 1570 1552
f 1553 1569 1570
f 1554 1569 1553
f 1554 1567 1568
f 1554 1568 1569
f 1512 1567 1554
f 1555 1567 1512
f 1555 1566 1567
f 1556 1566 1555
f 1556 1565 1566
f 1557 1565 1556
f 1557 1564 1565
f 1558 1562 1563
f 1558 1563 1564
f 1558 1564 1557
f 1511 1562 1558
f 1559 1562 1511
f 1559 1561 1562
f 1508 1560 1561
f 1508 1561 1559
f 1603 1621 1602
f 1620 1619 1622
f 1620 1622 1621
f 1618 1623 1619
f 1618 1624 1623
f 1618 1625 1624
f 1618 1626 1625
f 1618 1627 1626
f 1617 1628 1627
f 1617 1616 1628
f 1615 1629 1616
f 1615 1630 1629
f 1615 1631 1630
f 1615 1632 1631
f 1615 1633 1632
f 1615 1634 1633
f 1615 1635 1634
f 1615 1636 1635
f 1615 1637 1636
f 1614 1638 1637
f 1614 1637 1615
f 1613 1640 1639
f 1613 1639 1638
f 1612 1641 1640
f 1612 1642 1641
f 1612 1643 1642
f 1611 1643 1612
f 1610 1644 1611
f 1609 1645 1644
f 1609 1644 1610
f 1608 1645 1609
f 1608 1646 1645
f 1608 1647 1646
f 1607 1647 1608
f 1607 1648 1647
f 1607 1649 1648
f 1607 1650 1649
f 1606 1650 1607
f 1606 1651 1650
f 1606 1652 1651
f 1605 1652 1606
f 1604 1652 1605
f 1604 1653 1652
f 1604 1654 1653
f 1604 1655 1654
f 1604 1656 1655
f 1604 1657 1656
f 1603 1657 1604
f 1603 1658 1657
f 1603 1602 1658
f 1602 1660 1659
f 1621 1660 1602
f 1622 1661 1660
f 1622 1662 1661
f 1622 1660 1621
f 1619 1662 1622
f 1623 1662 1619
f 1623 1663 1662
f 1624 1663 1623
f 1624 1664 1663
f 1625 1664 1624
f 1625 1665 1664
f 1626 1665 1625
f 1626 1666 1665
f 1626 1667 1666
f 1627 1667 1626
f 1628 1667 1627
f 1628 1668 1667
f 1628 1669 1668
f 1616 1669 1628
f 1629 1669 1616
f 1629 1670 1669
f 1630 1670 1629
f 1630 1671 1670
f 1631 1671 1630
f 1631 1672 1671
f 1632 1672 1631
f 1632 1673 1672
f 1633 1673 1632
f 1633 1674 1673
f 1634 1674 1633
f 1634 1675 1674
f 1635 1675 1634
f 1635 1676 1675
f 1636 1677 1676
f 1636 1676 1635
f 1637 1678 1677
f 1637 1679 1678
f 1637 1677 1636
f 1638 1679 1637
f 1639 1680 1679
f 1639 1681 1680
f 1639 1679 1638
f 1640 1681 1639
f 1641 1682 1681
f 1641 1681 1640
f 1642 1683 1682
f 1642 1682 1641
f 1643 1684 1683
f 1643 1685 1684
f 1643 1683 1642
f 1611 1685 1643
f 1644 1686 1685
f 1644 1685 1611
f 1645 1687 1686
f 1645 1686 1644
f 1646 1687 1645
f 1646 1688 1687
f 1647 1688 1646
f 1647 1689 1688
f 1648 1689 1647
f 1648 1690 1689
f 1649 1690 1648
f 1649 1691 1690
f 1650 1691 1649
f 1650 1692 1691
f 1651 1692 1650
f 1651 1693 1692
f 1652 1693 1651
f 1652 1694 1693
f 1653 1694 1652
f 1653 1695 1694
f 1654 1695 1653
f 1654 1696 1695
f 1655 1696 1654
f 1655 1697 1696
f 1656 1697 1655
f 1656 1698 1697
f 1657 1698 1656
f 1657 1699 1698
f 1658 1699 1657
f 1658 1700 1699
f 1658 1659 1700
f 1602 1659 1658
f 1707 1708 1709
f 1706 1707 1709
f 1706 1709 1713
f 1705 1706 1713
f 1705 1713 1712
f 1704 1705 1712
f 1703 1704 1712
f 1703 1712 1711
f 1703 1711 1710
f 1702 1703 1710
f 1708 1701 1702
f 1708 1702 1709
f 1738 1716 1715
f 1738 1737 1716
f 1739 1736 1737
f 1739 1737 1738
f 1740 1735 1736
f 1740 1736 1739
f 1741 1734 1735
f 1741 1735 1740
f 1742 1733 1734
f 1742 1734 1741
f 1743 1732 1733
f 1743 1733 1742
f 1744 1731 1732
f 1744 1732 1743
f 1745 1730 1731
f 1745 1731 1744
f 1746 1729 1730
f 1746 1730 1745
f 1728 1729 1746
f 1747 1715 1714
f 1747 1714 1726
f 1747 1738 1715
f 1748 1726 1725
f 1748 1739 1738
f 1748 1747 1726
f 1748 1738 1747
f 1749 4547 1724
f 1749 1725 4547
f 1749 1740 1739
f 1749 1748 1725
f 1749 1739 1748
f 1750 1741 1740
f 1750 1749 1724
f 1750 1740 1749
f 1751 1724 1723
f 1751 1742 1741
f 1751 1741 1750
f 1751 1750 1724
f 1752 1723 1722
f 1752 1743 1742
f 1752 1751 1723
f 1752 1742 1751
f 1753 1722 1721
f 1753 1744 1743
f 1753 1752 1722
f 1753 1743 1752
f 1754 1721 1720
f 1754 1745 1744
f 1754 1744 1753
f 1754 1753 1721
f 1755 1754 1720
f 1755 1745 1754
f 1755 1719 1718
f 1755 1720 1719
f 1755 1746 1745
f 1727 1755 1718
f 1727 1718 1717
f 1727 1746 1755
f 1727 1728 1746
f 1767 1776 1766
f 1768 1776 1767
f 1770 1768 1769
f 1784 1782 1783
f 1786 1784 1785
f 1786 1788 1784
f 1787 1788 1786
f 1891 1911 1892
f 1913 2732 1890
f 1914 1896 1913
f 1887 1898 1888
f 1886 1899 1915
f 2170 2166 1860
f 2173 2170 2172
f 2176 2173 2175
f 2179 2176 2178
f 2182 2179 2181
f 1900 2182 2184
f 1848 1847 1900
f 1849 1848 1859
f 1850 1849 1859
f 1851 1850 1859
f 1852 1851 1859
f 1853 1852 1859
f 1854 1853 1859
f 1855 1854 1859
f 1856 1855 1859
f 1857 1856 1859
f 1858 1857 1859
f 1901 1847 1848
f 1901 1894 1847
f 1902 1894 1901
f 1902 1901 1848
f 1902 1848 1849
f 1903 1902 1849
f 1903 1894 1902
f 1903 1849 1850
f 1904 1850 1851
f 1904 1903 1850
f 1904 1894 1903
f 1905 1904 1851
f 1905 1894 1904
f 1905 1851 1852
f 1906 1905 1852
f 1906 1894 1905
f 1906 1852 1853
f 1907 1853 1854
f 1907 1906 1853
f 1907 1894 1906
f 1908 1907 1854
f 1908 1854 1855
f 1908 1894 1907
f 1909 1894 1908
f 1909 1908 1855
f 1909 1855 1856
f 1910 1909 1856
f 1910 1894 1909
f 1910 1858 1893
f 1910 1856 1857
f 1910 1857 1858
f 1912 1892 1911
f 1912 1893 1892
f 1912 1894 1910
f 1912 1910 1893
f 1912 1911 1894
f 1891 1890 1911
f 1890 2732 1895
f 1913 1896 2732
f 1889 1897 1914
f 1889 1888 1897
f 1887 1915 1898
f 1917 1916 1899
f 1917 1899 1886
f 1918 1922 1916
f 1918 1916 1917
f 1919 1918 1917
f 1920 1919 1917
f 1921 1920 1917
f 1921 1886 1885
f 1921 1917 1886
f 1922 1927 1916
f 1923 1922 1918
f 1924 1918 1919
f 1924 1923 1918
f 1925 1919 1920
f 1925 1924 1919
f 1926 1925 1920
f 1926 1920 1921
f 1926 1921 1885
f 1928 1922 1923
f 1928 1927 1922
f 1929 1928 1923
f 1930 1923 1924
f 1930 1924 1925
f 1930 1929 1923
f 1931 1930 1925
f 1932 1925 1926
f 1932 1885 1884
f 1932 1931 1925
f 1932 1926 1885
f 1933 1927 1928
f 1934 1928 1929
f 1934 1933 1928
f 1935 1934 1929
f 1935 1929 1930
f 1936 1930 1931
f 1936 1935 1930
f 1937 1932 1884
f 1937 1931 1932
f 1937 1936 1931
f 1939 1933 1934
f 1939 1938 1933
f 1940 1934 1935
f 1940 1939 1934
f 1940 1935 1936
f 1941 1940 1936
f 1941 1936 1937
f 1942 1941 1937
f 1942 1884 1883
f 1942 1937 1884
f 1943 1933 1938
f 1943 1948 1933
f 1944 1938 1939
f 1944 1943 1938
f 1945 1940 1941
f 1945 1939 1940
f 1945 1944 1939
f 1946 1945 1941
f 1947 1941 1942
f 1947 1942 1883
f 1947 1946 1941
f 1949 1948 1943
f 1950 1943 1944
f 1950 1949 1943
f 1951 1944 1945
f 1951 1950 1944
f 1946 1951 1945
f 1952 1947 1883
f 1952 1946 1947
f 1952 1883 1882
f 1953 1948 1949
f 1954 1949 1950
f 1954 1953 1949
f 1955 1954 1950
f 1955 1950 1951
f 1956 1951 1946
f 1956 1946 1952
f 1956 1955 1951
f 1957 1952 1882
f 1957 1956 1952
f 1958 1953 1954
f 1959 1954 1955
f 1959 1958 1954
f 1960 1955 1956
f 1960 1959 1955
f 1961 1956 1957
f 1961 1960 1956
f 1962 1882 1881
f 1962 1957 1882
f 1962 1961 1957
f 1963 1968 1953
f 1963 1953 1958
f 1964 1963 1958
f 1964 1958 1959
f 1965 1960 1961
f 1965 1964 1959
f 1965 1959 1960
f 1966 1965 1961
f 1967 1961 1962
f 1967 1966 1961
f 1967 1962 1881
f 1969 1968 1963
f 1970 1963 1964
f 1970 1969 1963
f 1971 1970 1964
f 1971 1964 1965
f 1972 1965 1966
f 1972 1966 1967
f 1972 1971 1965
f 1973 1967 1881
f 1973 1972 1967
f 1973 1881 1880
f 1974 1968 1969
f 1975 1969 1970
f 1975 1970 1971
f 1975 1974 1969
f 1976 1975 1971
f 1977 1971 1972
f 1977 1976 1971
f 1978 1977 1972
f 1978 1972 1973
f 1978 1973 1880
f 1980 1974 1975
f 1980 1979 1974
f 1981 1975 1976
f 1981 1980 1975
f 1982 1976 1977
f 1982 1981 1976
f 1983 1880 1879
f 1983 1978 1880
f 1983 1977 1978
f 1983 1982 1977
f 1988 1974 1979
f 1984 1979 1980
f 1984 1980 1981
f 1984 1988 1979
f 1985 1981 1982
f 1985 1984 1981
f 1986 1985 1982
f 1987 1983 1879
f 1987 1982 1983
f 1987 1986 1982
f 1989 1993 1988
f 1989 1988 1984
f 1990 1984 1985
f 1990 1989 1984
f 1991 1990 1985
f 1991 1985 1986
f 1992 1986 1987
f 1992 1987 1879
f 1992 1991 1986
f 1992 1879 1878
f 1993 2007 1988
f 1994 1993 1989
f 1995 1989 1990
f 1995 1994 1989
f 1996 1995 1990
f 1996 1990 1991
f 1997 1991 1992
f 1997 1992 1878
f 1997 1996 1991
f 2002 2007 1993
f 1998 1993 1994
f 1998 2002 1993
f 1999 1994 1995
f 1999 1995 1996
f 1999 1998 1994
f 2000 1996 1997
f 2000 1999 1996
f 2001 1878 1877
f 2001 1997 1878
f 2001 2000 1997
f 2003 2002 1998
f 2004 1998 1999
f 2004 2003 1998
f 2005 2004 1999
f 2005 1999 2000
f 2006 2001 1877
f 2006 2000 2001
f 2006 2005 2000
f 2008 2007 2002
f 2008 2002 2003
f 2009 2008 2003
f 2009 2003 2004
f 2010 2009 2004
f 2010 2004 2005
f 2011 2010 2005
f 2011 1877 1876
f 2011 2005 2006
f 2011 2006 1877
f 2012 2007 2008
f 2012 2022 2007
f 2013 2012 2008
f 2013 2008 2009
f 2014 2009 2010
f 2014 2013 2009
f 2015 2014 2010
f 2016 2015 2010
f 2016 2010 2011
f 2016 2011 1876
f 2017 2022 2012
f 2018 2012 2013
f 2018 2013 2014
f 2018 2017 2012
f 2019 2018 2014
f 2020 2015 2016
f 2020 2014 2015
f 2020 2019 2014
f 2021 1876 1875
f 2021 2016 1876
f 2021 2020 2016
f 2023 2017 2018
f 2023 2022 2017
f 2024 2023 2018
f 2024 2018 2019
f 2025 2019 2020
f 2025 2024 2019
f 2026 2021 1875
f 2026 2020 2021
f 2026 2025 2020
f 2027 2022 2023
f 2027 2031 2022
f 2028 2027 2023
f 2028 2023 2024
f 2028 2024 2025
f 2029 2028 2025
f 2029 2025 2026
f 2030 2029 2026
f 2030 1875 1874
f 2030 2026 1875
f 2032 2027 2028
f 2032 2031 2027
f 2033 2032 2028
f 2034 2028 2029
f 2034 2029 2030
f 2034 2033 2028
f 2035 2030 1874
f 2035 2034 2030
f 2036 2031 2032
f 2036 2045 2031
f 2037 2032 2033
f 2037 2036 2032
f 2038 2033 2034
f 2038 2037 2033
f 2039 2035 1874
f 2039 2034 2035
f 2039 1874 1873
f 2039 2038 2034
f 2040 2045 2036
f 2041 2040 2036
f 2042 2036 2037
f 2042 2037 2038
f 2042 2041 2036
f 2043 2038 2039
f 2043 2042 2038
f 2044 2039 1873
f 2044 2043 2039
f 2046 2045 2040
f 2047 2040 2041
f 2047 2046 2040
f 2048 2041 2042
f 2048 2042 2043
f 2048 2047 2041
f 2049 2048 2043
f 2050 2049 2043
f 2050 1873 1872
f 2050 2044 1873
f 2050 2043 2044
f 2056 2045 2046
f 2056 2055 2045
f 2051 2056 2046
f 2051 2046 2047
f 2052 2051 2047
f 2052 2047 2048
f 2053 2048 2049
f 2053 2052 2048
f 2054 2049 2050
f 2054 2050 1872
f 2054 2053 2049
f 2057 2056 2051
f 2058 2051 2052
f 2058 2057 2051
f 2059 2052 2053
f 2059 2053 2054
f 2059 2058 2052
f 2060 2054 1872
f 2060 1872 1871
f 2060 2059 2054
f 2061 2056 2057
f 2061 2055 2056
f 2062 2061 2057
f 2063 2057 2058
f 2063 2062 2057
f 2064 2058 2059
f 2064 2063 2058
f 2065 2064 2059
f 2065 2060 1871
f 2065 2059 2060
f 2066 2061 2062
f 2067 2062 2063
f 2067 2066 2062
f 2068 2063 2064
f 2068 2067 2063
f 2069 2068 2064
f 2070 1871 1870
f 2070 2064 2065
f 2070 2065 1871
f 2070 2069 2064
f 2071 2086 2061
f 2071 2061 2066
f 2072 2071 2066
f 2072 2066 2067
f 2073 2067 2068
f 2073 2072 2067
f 2074 2073 2068
f 2074 2068 2069
f 2075 2074 2069
f 2075 2070 1870
f 2075 2069 2070
f 2076 2086 2071
f 2077 2076 2071
f 2077 2071 2072
f 2078 2072 2073
f 2078 2073 2074
f 2078 2077 2072
f 2079 2074 2075
f 2079 2078 2074
f 2080 2075 1870
f 2080 2079 2075
f 2080 1870 1869
f 2081 2086 2076
f 2082 2076 2077
f 2082 2081 2076
f 2083 2077 2078
f 2083 2078 2079
f 2083 2082 2077
f 2084 2083 2079
f 2085 2084 2079
f 2085 2079 2080
f 2085 2080 1869
f 2087 2086 2081
f 2088 2081 2082
f 2088 2087 2081
f 2089 2082 2083
f 2089 2083 2084
f 2089 2088 2082
f 2090 2089 2084
f 2091 1869 1868
f 2091 2084 2085
f 2091 2085 1869
f 2091 2090 2084
f 2092 2097 2086
f 2092 2086 2087
f 2093 2087 2088
f 2093 2092 2087
f 2094 2088 2089
f 2094 2093 2088
f 2095 2089 2090
f 2095 2094 2089
f 2096 2091 1868
f 2096 2090 2091
f 2096 2095 2090
f 2098 2097 2092
f 2099 2098 2092
f 2099 2092 2093
f 2100 2099 2093
f 2100 2093 2094
f 2101 2100 2094
f 2101 2094 2095
f 2102 2101 2095
f 2102 1868 1867
f 2102 2095 2096
f 2102 2096 1868
f 2103 2108 2097
f 2103 2097 2098
f 2104 2098 2099
f 2104 2103 2098
f 2104 2099 2100
f 2105 2104 2100
f 2106 2100 2101
f 2106 2105 2100
f 2107 2101 2102
f 2107 2102 1867
f 2107 2106 2101
f 2109 2108 2103
f 2110 2103 2104
f 2110 2109 2103
f 2111 2104 2105
f 2111 2105 2106
f 2111 2110 2104
f 2112 2111 2106
f 2113 1867 1866
f 2113 2107 1867
f 2113 2106 2107
f 2113 2112 2106
f 2114 2124 2108
f 2114 2108 2109
f 2115 2114 2109
f 2115 2109 2110
f 2115 2110 2111
f 2116 2111 2112
f 2116 2115 2111
f 2117 2116 2112
f 2118 2113 1866
f 2118 2112 2113
f 2118 2117 2112
f 2119 2124 2114
f 2120 2114 2115
f 2120 2119 2114
f 2121 2120 2115
f 2121 2115 2116
f 2122 2121 2116
f 2122 2116 2117
f 2123 2122 2117
f 2123 1866 1865
f 2123 2118 1866
f 2123 2117 2118
f 2125 2119 2120
f 2125 2124 2119
f 2126 2121 2122
f 2126 2120 2121
f 2126 2125 2120
f 2127 2126 2122
f 2128 2127 2122
f 2128 2122 2123
f 2128 2123 1865
f 2130 2129 2124
f 2130 2124 2125
f 2131 2125 2126
f 2131 2130 2125
f 2132 2126 2127
f 2132 2131 2126
f 2133 2127 2128
f 2133 1865 1864
f 2133 2128 1865
f 2133 2132 2127
f 2134 2139 2129
f 2134 2129 2130
f 2135 2134 2130
f 2136 2130 2131
f 2136 2131 2132
f 2136 2135 2130
f 2137 2136 2132
f 2138 2133 1864
f 2138 2132 2133
f 2138 2137 2132
f 2140 2139 2134
f 2141 2134 2135
f 2141 2140 2134
f 2142 2135 2136
f 2142 2141 2135
f 2143 2136 2137
f 2143 2142 2136
f 2144 2143 2137
f 2144 1864 1863
f 2144 2138 1864
f 2144 2137 2138
f 2145 2139 2140
f 2146 2145 2140
f 2146 2140 2141
f 2147 2141 2142
f 2147 2146 2141
f 2148 2142 2143
f 2148 2147 2142
f 2149 2144 1863
f 2149 2148 2143
f 2149 2143 2144
f 2153 2145 2146
f 2150 2146 2147
f 2150 2147 2148
f 2150 2153 2146
f 2151 2150 2148
f 2152 2151 2148
f 2152 2148 2149
f 2152 1863 1862
f 2152 2149 1863
f 2153 2157 2145
f 2154 2153 2150
f 2155 2150 2151
f 2155 2154 2150
f 2156 2151 2152
f 2156 2152 1862
f 2156 2155 2151
f 2158 2153 2154
f 2158 2157 2153
f 2159 2154 2155
f 2159 2158 2154
f 2160 2159 2155
f 2161 1862 1861
f 2161 2156 1862
f 2161 2155 2156
f 2161 2160 2155
f 2162 2157 2158
f 2163 2162 2158
f 2163 2158 2159
f 2164 2163 2159
f 2164 2159 2160
f 2165 2164 2160
f 2165 2161 1861
f 2165 2160 2161
f 2166 2157 2162
f 2167 2166 2162
f 2167 1860 2166
f 2167 2162 2163
f 2168 2163 2164
f 2168 2167 2163
f 2168 1860 2167
f 2169 2165 1861
f 2169 2164 2165
f 2169 1861 1860
f 2169 2168 2164
f 2169 1860 2168
f 2171 2170 1860
f 2171 2172 2170
f 2172 2174 2173
f 2174 2175 2173
f 2175 2177 2176
f 2177 2178 2176
f 2178 2180 2179
f 2180 2181 2179
f 2181 2183 2182
f 2183 2184 2182
f 2184 1848 1900
f 2184 1859 1848
f 2242 2717 2241
f 2244 2245 2243
f 2195 2192 2194
f 2195 2193 2192
f 2196 2195 2194
f 2196 2723 2195
f 2197 2723 2196
f 2199 2186 2185
f 2186 2199 2200
f 2186 2200 2201
f 2186 2201 2202
f 2187 2202 2203
f 2205 2187 2203
f 2205 2203 2204
f 2206 2204 2700
f 2205 2204 2206
f 2206 2188 2205
f 2207 2188 2206
f 2207 2206 2700
f 2209 2188 2207
f 2209 2207 2208
f 2211 2208 2207
f 2211 2207 2210
f 2211 2209 2208
f 2212 2209 2211
f 2211 2210 2703
f 2214 2211 2703
f 2211 2214 2213
f 2731 2212 2211
f 2214 2703 2215
f 2216 2213 2214
f 2213 2731 2211
f 2216 2214 2215
f 2216 2189 2213
f 2220 2215 2191
f 2217 2216 2215
f 2216 2218 2189
f 2220 2217 2215
f 2218 2216 2217
f 2218 2217 2220
f 2220 2191 2705
f 2219 2218 2220
f 2221 2220 2705
f 2221 2219 2220
f 2222 2219 2221
f 2224 2221 2705
f 2223 2221 2224
f 2223 2222 2221
f 2228 2225 2224
f 2226 2223 2224
f 2226 2224 2225
f 2228 2226 2225
f 2229 2227 2707
f 2229 2228 2227
f 2230 2226 2228
f 2229 2230 2228
f 2231 2229 2707
f 2230 2229 2231
f 2231 2707 2232
f 2233 2231 2232
f 2234 2230 2231
f 2234 2231 2233
f 2235 2233 2232
f 2235 2234 2233
f 2235 2232 2236
f 2237 2234 2235
f 2237 2235 2236
f 2240 2234 2237
f 2238 2237 2236
f 2238 2236 2239
f 2238 2240 2237
f 2239 2240 2238
f 2240 2239 2715
f 2715 2239 2241
f 2243 2717 2242
f 2245 2244 2708
f 2249 2247 2245
f 2249 2245 2708
f 2248 2246 2247
f 2250 2248 2247
f 2250 2247 2249
f 2190 2250 2249
f 2190 2194 2192
f 2190 2192 2193
f 2250 2190 2193
f 2251 2267 2266
f 2704 2265 2264
f 3221 2268 2269
f 2269 2645 3221
f 2270 2269 2271
f 2270 2645 2269
f 2276 2274 2275
f 2276 2275 2259
f 2276 2259 2277
f 2276 2277 2252
f 2253 2252 2698
f 2698 2254 2253
f 2278 2254 2698
f 2280 2263 2279
f 2282 2255 2262
f 2282 2262 2284
f 2283 2284 2262
f 2287 2285 2286
f 2287 2286 2288
f 2289 2290 2256
f 2290 2289 2292
f 2291 2290 2292
f 2292 2261 2293
f 2293 2291 2292
f 2293 2257 2291
f 3235 2260 2264
f 3235 2258 2260
f 2324 2294 2305
f 2295 2324 2305
f 2298 2297 2306
f 2307 2298 2306
f 2337 2300 2308
f 2337 2308 2301
f 2294 2304 2309
f 2294 2309 2310
f 2294 2310 2305
f 2311 2312 3259
f 2313 2319 2333
f 2336 2313 2333
f 2320 2314 2336
f 2341 2322 3249
f 2341 3249 2315
f 2322 2321 2323
f 2323 2316 2322
f 2323 2294 2324
f 2325 2316 2323
f 2324 2325 2323
f 2325 3261 2316
f 3261 2325 2324
f 3261 2324 2326
f 2326 2324 2295
f 2326 2317 3261
f 2326 2295 2296
f 2328 2317 2326
f 2327 2326 2296
f 2328 2326 2327
f 2327 2296 2297
f 2328 3260 2317
f 2328 2327 2297
f 2328 2311 3260
f 2298 2328 2297
f 2329 2311 2328
f 2329 2328 2298
f 2331 2329 2298
f 2311 2318 2312
f 2311 2329 2331
f 2331 2298 2307
f 2330 2318 2311
f 2330 2311 2331
f 2318 2330 2331
f 2331 2307 2299
f 2331 2299 2300
f 2319 2318 2331
f 2332 2331 2300
f 2319 2331 2332
f 2334 2332 2300
f 2333 2319 2332
f 2333 2332 2334
f 2335 2333 2334
f 2334 2300 2337
f 2335 2336 2333
f 2337 2335 2334
f 2336 2335 2337
f 2337 2320 2336
f 2337 2314 2320
f 2339 2337 2301
f 2339 2338 2337
f 2338 2314 2337
f 2339 2301 2302
f 2339 2302 2303
f 2314 2338 2339
f 2340 2315 2314
f 2340 2314 2339
f 2343 2339 2303
f 2342 2339 2343
f 2341 2315 2340
f 2341 2340 2339
f 2341 2339 2342
f 2343 2303 2304
f 2343 2341 2342
f 2344 2343 2321
f 2344 2341 2343
f 2344 2322 2341
f 2343 2304 2294
f 2344 2321 2322
f 2294 2321 2343
f 2346 2321 2294
f 2345 2346 2294
f 2345 2294 2323
f 2346 2345 2323
f 2346 2323 2321
f 2376 2466 2464
f 2376 2464 2348
f 2378 2348 2355
f 2385 2350 2356
f 2385 2383 2350
f 2387 2385 2356
f 2351 2387 2356
f 2391 2352 2357
f 2358 2391 2357
f 2347 2354 2353
f 2347 2353 2466
f 2362 2361 2379
f 2362 3255 2361
f 2389 3250 2368
f 2389 2392 2359
f 2389 2359 2360
f 2373 2360 2359
f 2373 2347 2466
f 2373 2369 2360
f 2374 2373 2466
f 2374 2375 2373
f 2375 2369 2373
f 2374 2466 2376
f 2369 2375 2374
f 2369 2374 2377
f 2377 2374 2376
f 2361 2369 2377
f 2377 2376 2378
f 2378 2376 2348
f 2377 2379 2361
f 2379 2377 2378
f 2363 2379 2378
f 2349 2378 2355
f 2380 2378 2349
f 2380 2363 2378
f 2349 2382 2380
f 2382 2349 2381
f 2381 2349 2350
f 2383 2381 2350
f 2370 2382 2381
f 2381 2371 2370
f 2364 2381 2383
f 2384 2364 2383
f 2364 2371 2381
f 2385 2384 2383
f 2386 2366 2384
f 2386 2384 2385
f 2387 2386 2385
f 2386 2372 2366
f 2388 2387 2351
f 2372 2386 2387
f 2388 2372 2387
f 2352 2388 2351
f 2390 2388 2352
f 2390 2352 2391
f 2390 2367 2388
f 2390 2368 2367
f 2389 2368 2390
f 2391 2358 2353
f 2389 2390 2391
f 2354 2391 2353
f 2389 2391 2354
f 2392 2389 2354
f 2354 2347 2373
f 2359 2354 2373
f 2393 2359 2392
f 2393 2392 2354
f 2393 2354 2359
f 2396 2395 2403
f 2397 2403 2404
f 2405 2397 2404
f 2398 2405 2495
f 2398 2495 2406
f 2421 2402 2501
f 2414 2433 2434
f 2415 2414 2434
f 2440 2442 2443
f 2440 2443 2415
f 2419 2416 2443
f 2450 2420 2419
f 2420 2452 2409
f 2422 2421 2501
f 2425 2410 2422
f 2424 2425 2422
f 2423 2422 2501
f 2424 2422 2423
f 2423 2501 2394
f 2423 2394 2395
f 2425 2424 2423
f 2417 2425 2423
f 2427 2423 2395
f 2426 2417 2423
f 2426 2418 2417
f 2428 2426 2423
f 2428 2418 2426
f 2427 2395 2396
f 2428 2423 2427
f 2428 2427 2396
f 2429 2428 2396
f 2430 2418 2428
f 2430 2412 2418
f 2430 2428 2429
f 2430 2408 2412
f 2429 2396 2403
f 2430 2431 2408
f 2397 2429 2403
f 2431 2430 2429
f 2431 2429 2397
f 2413 2431 2397
f 2432 2413 2397
f 2432 2414 2413
f 2433 2432 2397
f 2432 2433 2414
f 2436 2397 2405
f 2436 2433 2397
f 2435 2405 2398
f 2435 2436 2405
f 2434 2433 2436
f 2436 2435 2398
f 2437 2434 2436
f 2438 2436 2398
f 2438 2437 2436
f 2438 2434 2437
f 2438 2415 2434
f 2439 2415 2438
f 2439 2440 2415
f 2441 2438 2398
f 2440 2439 2438
f 2440 2438 2441
f 2441 2398 2406
f 2441 2406 2399
f 2442 2440 2441
f 2443 2442 2441
f 2445 2441 2399
f 2444 2443 2441
f 2445 2399 2400
f 2447 2419 2443
f 2447 2443 2444
f 2447 2444 2441
f 2447 2441 2445
f 2447 2445 2400
f 2446 2447 2400
f 2446 2400 2401
f 2448 2447 2446
f 2419 2447 2448
f 2448 2401 2407
f 2448 2446 2401
f 2449 2450 2419
f 2449 2419 2448
f 2450 2449 2448
f 2450 2448 2451
f 2451 2448 2407
f 2451 2420 2450
f 2451 2407 2402
f 2452 2420 2451
f 2452 2451 2454
f 2453 2451 2402
f 2454 2451 2453
f 2453 2402 2421
f 2454 2453 2421
f 2454 2421 2422
f 2410 2409 2452
f 2410 2454 2422
f 2410 2452 2454
f 2466 2467 2484
f 2466 2484 2455
f 2468 2465 2466
f 2468 2466 2455
f 2464 2465 2468
f 3343 2464 2468
f 3343 2470 2464
f 3344 2470 3343
f 3344 2471 2469
f 3344 2469 2470
f 2471 3344 3345
f 2472 2349 2471
f 2472 2463 2349
f 3346 2471 3345
f 3346 2472 2471
f 2472 2473 2463
f 2474 2472 3346
f 2474 2473 2472
f 2462 2473 2474
f 2475 2461 2462
f 2475 2462 2474
f 2476 2461 2475
f 2476 2475 2458
f 2477 2460 2476
f 2458 2477 2476
f 2478 2477 2458
f 2479 2460 2477
f 2480 2479 2477
f 2480 2477 2478
f 2481 2479 2480
f 2481 2480 2457
f 2483 2482 2481
f 2483 2481 2457
f 2483 2459 2482
f 2484 2467 2459
f 2484 2459 2483
f 2484 2483 2456
f 2484 2456 2455
f 2501 2515 2485
f 2502 2500 2501
f 2502 2501 2485
f 2502 2499 2500
f 2503 2499 2502
f 2504 2498 2503
f 2503 2502 2489
f 2504 2497 2498
f 2504 2503 2489
f 2506 2497 2504
f 2505 2506 2504
f 2506 2505 2488
f 2507 2496 2506
f 2507 2506 2488
f 2508 2496 2507
f 2508 2507 2488
f 2509 2508 2487
f 2487 2495 2509
f 2494 2495 2487
f 2486 2493 2494
f 2511 2510 2492
f 2511 2492 2493
f 2511 2493 2486
f 2512 2491 2510
f 2512 2510 2511
f 2513 2490 2491
f 2513 2491 2512
f 2514 2490 2513
f 2515 2513 2485
f 2515 2514 2513
f 2559 2534 2525
f 2559 2516 2534
f 2526 2559 2525
f 2563 2517 2526
f 2563 2526 2527
f 2518 2563 2527
f 2519 2518 2527
f 2519 2527 2528
f 2571 2519 2528
f 2529 2571 2528
f 2520 2529 2530
f 2520 2573 2529
f 2520 2530 2521
f 2522 2521 2531
f 2523 2522 2531
f 2523 2531 2532
f 2523 2532 2533
f 2591 2523 2533
f 2524 2591 2533
f 2524 2533 2534
f 2516 2524 2534
f 2555 2543 2535
f 2546 3267 2538
f 2539 2546 2547
f 2539 3267 2546
f 2547 2565 2548
f 2548 2570 2540
f 2541 2550 2575
f 2541 3266 2550
f 2551 2541 2575
f 2552 2542 2551
f 2552 2581 2553
f 2552 2536 2581
f 2553 2537 2584
f 2553 2584 3269
f 2584 2587 3269
f 2587 2590 2535
f 2587 2535 2543
f 2556 2544 2555
f 2556 2555 2554
f 2556 2516 2559
f 2557 2545 2544
f 2557 2556 2558
f 2557 2544 2556
f 2558 2556 2559
f 2558 2545 2557
f 2560 2538 2545
f 2560 2545 2558
f 2562 2558 2559
f 2560 2558 2562
f 2562 2559 2526
f 2560 2546 2538
f 2560 2562 2561
f 2562 2526 2517
f 2546 2561 2562
f 2561 2546 2560
f 2562 2517 2563
f 2564 2546 2562
f 2564 2562 2563
f 2564 2547 2546
f 2566 2563 2518
f 2564 2563 2566
f 2565 2547 2564
f 2566 2518 2519
f 2567 2564 2566
f 2565 2564 2567
f 2567 2548 2565
f 2568 2548 2567
f 2568 2567 2566
f 2570 2566 2519
f 2569 2548 2568
f 2569 2570 2548
f 2569 2568 2566
f 2569 2566 2570
f 2572 2570 2519
f 2570 2549 2540
f 2572 2519 2571
f 2572 2549 2570
f 2573 2572 2571
f 2572 2550 2549
f 2573 2571 2529
f 2573 2550 2572
f 2574 2573 2520
f 2574 2550 2573
f 2576 2574 2520
f 2575 2550 2574
f 2575 2574 2576
f 2577 2576 2520
f 2578 2575 2576
f 2578 2576 2577
f 2578 2551 2575
f 2577 2520 2521
f 2578 2552 2551
f 2579 2578 2577
f 2552 2578 2579
f 2579 2577 2521
f 2579 2521 2522
f 2580 2552 2579
f 2522 2580 2579
f 2580 2536 2552
f 2583 2580 2522
f 2581 2536 2580
f 2581 2580 2583
f 2582 2583 2522
f 2582 2522 2523
f 2583 2553 2581
f 2585 2582 2523
f 2583 2582 2585
f 2537 2553 2583
f 2584 2537 2583
f 2584 2583 2585
f 2588 2585 2523
f 2588 2523 2591
f 2589 2585 2588
f 2586 2587 2584
f 2586 2585 2589
f 2586 2584 2585
f 2587 2586 2589
f 2589 2590 2587
f 2590 2589 2588
f 2591 2524 2516
f 2591 2516 2556
f 2554 2591 2556
f 2554 2588 2591
f 2592 2555 2535
f 2592 2590 2588
f 2592 2535 2590
f 2592 2588 2554
f 2592 2554 2555
f 2607 2620 2598
f 2608 2606 2607
f 2608 2607 2598
f 2608 2609 2606
f 2597 2609 2608
f 2597 2605 2609
f 2604 2605 2597
f 2610 2597 3325
f 2610 2604 2597
f 2611 2603 2604
f 2611 2604 2610
f 2602 2603 2611
f 2612 2596 2602
f 2612 2602 2611
f 2613 2602 2596
f 2596 2612 2611
f 2614 2613 2596
f 2615 2601 2614
f 2615 2614 2595
f 2594 2615 2595
f 2594 2616 2615
f 2617 2616 2594
f 2593 2617 2594
f 2600 2617 2593
f 2618 2599 2600
f 2593 2618 2600
f 2618 2533 2599
f 2619 2618 2593
f 2620 2533 2618
f 2620 2607 2533
f 2620 2619 2598
f 2620 2618 2619
f 2633 2634 2632
f 2648 2649 2647
f 2252 2664 2650
f 2651 2664 2252
f 2652 2664 2651
f 2656 2654 2655
f 2639 2640 2663
f 2667 2665 2690
f 2667 2666 2665
f 2668 2667 2690
f 2670 2669 2690
f 2670 2690 2691
f 2671 2670 2691
f 2673 2672 2691
f 2673 2691 2692
f 2678 2677 2693
f 2681 2679 2682
f 2681 2680 2679
f 2684 2683 2682
f 2686 2685 2684
f 2687 2686 2684
f 2665 2689 2695
f 2696 2279 2278
f 2190 2249 2696
f 2697 2696 2278
f 2697 2190 2696
f 2697 2194 2190
f 2697 2278 2698
f 2698 2197 2196
f 2698 2196 2194
f 2698 2194 2697
f 2699 2198 2197
f 2699 2252 2277
f 2699 2197 2698
f 2699 2698 2252
f 2699 2185 2198
f 2699 2277 2259
f 2275 2185 2699
f 2275 2699 2259
f 2275 2199 2185
f 2275 2200 2199
f 2274 2202 2201
f 2274 2201 2200
f 2274 2200 2275
f 2273 2203 2202
f 2273 2202 2274
f 2272 2204 2203
f 2272 2203 2273
f 2700 2272 2271
f 2700 2204 2272
f 2700 2271 2269
f 2701 2210 2207
f 2701 2207 2700
f 2701 2700 2269
f 2701 2269 2268
f 2702 2703 2210
f 2702 2210 2701
f 2702 2268 2251
f 2702 2701 2268
f 2702 2251 2266
f 2703 2702 2266
f 2703 2266 2265
f 2703 2191 2215
f 2703 2265 2704
f 2704 2191 2703
f 2705 2191 2704
f 2705 2704 2264
f 2260 2224 2705
f 2260 2705 2264
f 2706 2260 2258
f 2706 2227 2228
f 2706 2224 2260
f 2706 2228 2224
f 2706 2258 2257
f 2706 2707 2227
f 2706 2257 2293
f 2707 2706 2293
f 2707 2293 2261
f 2232 2707 2261
f 2232 2261 2292
f 2236 2232 2292
f 2236 2292 2289
f 2236 2289 2256
f 2236 2256 2288
f 2288 2239 2236
f 2286 2239 2288
f 2285 2242 2241
f 2285 2241 2239
f 2285 2239 2286
f 2708 2243 2242
f 2708 2242 2285
f 2708 2285 2284
f 2708 2284 2283
f 2708 2244 2243
f 2708 2283 2262
f 2708 2262 2281
f 2249 2708 2281
f 2249 2281 2263
f 2249 2263 2280
f 2709 2249 2280
f 2709 2280 2279
f 2709 2696 2249
f 2709 2279 2696
f 1900 1847 2710
f 2710 2218 2219
f 1847 1894 2710
f 2711 2710 2219
f 2711 2219 2222
f 2223 2711 2222
f 2710 2182 1900
f 2714 2223 2226
f 2711 2182 2710
f 2714 2226 2230
f 2711 2179 2182
f 2711 2223 2714
f 2712 2179 2711
f 2712 2711 2714
f 2712 2176 2179
f 2713 2230 2234
f 2713 2714 2230
f 2714 2173 2176
f 2714 2176 2712
f 2716 2234 2240
f 2716 2713 2234
f 2714 2170 2173
f 2715 2716 2240
f 2716 2166 2170
f 2716 2714 2713
f 2716 2170 2714
f 2715 2241 2717
f 2716 2157 2166
f 2718 2157 2716
f 2718 2139 2145
f 2718 2145 2157
f 2718 2716 2715
f 2717 2243 2245
f 2718 2129 2139
f 2718 2715 2717
f 2717 2245 2247
f 2718 2124 2129
f 2246 2717 2247
f 2719 2124 2718
f 2719 2718 2717
f 2719 2097 2108
f 2719 2108 2124
f 2721 2246 2248
f 2720 2086 2097
f 2720 2097 2719
f 2720 2719 2717
f 2720 2717 2246
f 2721 2248 2250
f 2720 2061 2086
f 2720 2246 2721
f 2724 2721 2250
f 2724 2250 2193
f 2721 2061 2720
f 2721 2055 2061
f 2721 2045 2055
f 2722 2724 2193
f 2722 2193 2195
f 2724 2031 2045
f 2724 2045 2721
f 2724 2022 2031
f 2723 2722 2195
f 2724 2007 2022
f 2724 2722 2723
f 2723 2197 2198
f 2725 1988 2007
f 2725 2007 2724
f 2725 2724 2723
f 2727 2723 2198
f 2727 2198 2185
f 2727 2185 2186
f 2725 1974 1988
f 2725 1953 1968
f 2725 1968 1974
f 2725 2723 2727
f 2726 2727 2186
f 2727 1948 1953
f 2727 1953 2725
f 2726 2186 2202
f 2727 1933 1948
f 2728 2726 2202
f 2726 1916 1927
f 2726 1927 1933
f 2726 1933 2727
f 1888 2728 2202
f 1888 2202 2187
f 1888 2187 2205
f 2728 1899 1916
f 2728 1916 2726
f 2729 1888 2205
f 2729 2205 2188
f 2728 1898 1915
f 2728 1915 1899
f 2729 2188 2209
f 1888 1898 2728
f 2729 2209 2212
f 2730 1897 1888
f 2730 1888 2729
f 2731 2729 2212
f 2730 1896 1914
f 2730 1914 1897
f 2731 2213 2189
f 2732 2729 2731
f 2732 1896 2730
f 2732 2730 2729
f 1911 2731 2189
f 2731 1890 1895
f 2731 1895 2732
f 2218 1911 2189
f 1890 2731 1911
f 1911 2218 2710
f 1911 2710 1894
f 2758 2760 2890
f 2759 2760 2758
f 2758 2733 2734
f 2734 2757 2758
f 2745 2753 2754
f 2746 2757 2734
f 2746 2745 2754
f 2746 2754 2757
f 2740 2734 2735
f 2740 2746 2734
f 1701 2746 2740
f 2736 2735 4385
f 2738 2736 2737
f 2739 2738 2737
f 2768 2769 2767
f 2774 2775 2773
f 2787 2788 2786
f 2791 2792 2790
f 1210 1209 2793
f 2814 2824 2813
f 2795 2796 2794
f 2798 2799 2797
f 5296 2800 2799
f 2802 2803 2801
f 2805 2807 2804
f 2808 2809 2807
f 938 2811 2812
f 2870 2868 2869
f 2871 2872 2870
f 2875 2873 2874
f 2880 2881 2879
f 4657 1323 1324
f 4657 1318 1311
f 4657 1311 1320
f 4657 1320 1323
f 2884 4657 1324
f 2885 1310 1318
f 2885 1318 4657
f 1312 2884 1324
f 1316 1310 2885
f 1315 1316 2885
f 2885 1314 1315
f 1328 2884 1312
f 1329 2884 1328
f 1333 1314 2885
f 1332 2885 1329
f 1332 1333 2885
f 4645 1438 1439
f 4645 1436 1423
f 4645 1423 1438
f 4645 1439 1441
f 2887 1435 1436
f 2887 1436 4645
f 1434 1435 2887
f 1424 4645 1441
f 1432 1434 2887
f 2887 1431 1432
f 1442 4645 1424
f 1444 4645 1442
f 1431 2887 2886
f 1444 2886 4645
f 1425 2886 1444
f 1425 1431 2886
f 2891 2756 2888
f 2891 2888 4612
f 2890 2760 2916
f 2916 2891 2889
f 2909 4386 4558
f 2909 4558 2911
f 2910 2909 2911
f 2912 4601 2910
f 2896 4601 2912
f 2896 2908 4601
f 2913 2896 2912
f 2895 2896 2913
f 2896 2895 2897
f 2915 2913 2914
f 2894 2895 2913
f 2916 2917 2915
f 2918 2920 2919
f 2921 2920 2918
f 2922 2921 2918
f 2957 2958 2922
f 2959 2922 2958
f 2956 2957 2922
f 2960 2922 2959
f 2955 2956 2922
f 2961 2922 2960
f 2954 2955 2922
f 2962 2922 2961
f 2953 2954 2922
f 2951 2922 2962
f 2952 2953 2922
f 2963 2952 2931
f 2933 2963 2932
f 2923 2926 2924
f 2941 2923 2940
f 2942 2923 2941
f 2943 2923 2942
f 2944 2923 2943
f 2945 2923 2944
f 2946 2923 2945
f 2947 2923 2946
f 2948 2923 2947
f 2949 2923 2948
f 2950 2923 2949
f 2939 2923 2950
f 2927 1714 2936
f 2927 2936 2964
f 3094 2939 2938
f 2928 1714 2927
f 2925 2924 2926
f 3032 2925 2926
f 2922 2940 2923
f 2922 2951 2940
f 2926 2939 3094
f 2926 2923 2939
f 2931 2922 2918
f 2931 2952 2922
f 2997 3066 2996
f 4278 2996 3067
f 3068 4278 3067
f 2989 2990 3150
f 2988 2989 3071
f 2999 3065 2998
f 1761 1762 1775
f 1774 1760 3069
f 1763 1806 1762
f 1798 1774 1797
f 1773 1798 1799
f 1776 1805 1765
f 1800 1773 1799
f 1772 1800 1801
f 1768 1804 1776
f 1771 1772 1801
f 1802 1771 1801
f 1770 1803 1768
f 1771 1802 1803
f 1770 1771 1803
f 2987 2988 3071
f 2987 3071 3072
f 3073 2987 3072
f 2985 2986 3145
f 2982 3075 3140
f 2981 2982 3076
f 2976 3077 3078
f 2976 2977 3077
f 3000 3001 3065
f 3000 3065 2999
f 2975 2976 3078
f 1759 3125 1817
f 1759 2975 3125
f 1756 1759 1817
f 1816 1759 1756
f 1816 1758 1759
f 1815 1758 1816
f 3061 3062 3002
f 1814 1813 1758
f 1814 1758 1815
f 1812 1811 1813
f 3060 3061 3003
f 1810 1809 1811
f 1829 1778 1830
f 1807 2974 1757
f 3060 3003 4272
f 1808 1757 1809
f 3060 4272 1829
f 3060 1829 1828
f 1807 1757 1808
f 1831 1779 1832
f 1833 1832 1780
f 3122 3082 3081
f 1834 1833 1781
f 1782 1834 1791
f 1782 1835 1834
f 2973 4307 3083
f 1784 1836 1782
f 1837 1836 1784
f 1788 1837 1784
f 2972 2973 2971
f 1788 1838 1837
f 1789 1838 1788
f 1839 1838 1789
f 1777 3004 1840
f 1790 1839 1789
f 1790 1840 1839
f 4303 3085 3086
f 4303 3086 2970
f 1790 1777 1840
f 2968 2969 3086
f 3005 3170 3004
f 3006 3005 4264
f 2966 2967 3087
f 3058 3059 3006
f 3057 3058 3006
f 3088 2966 3087
f 3007 3057 3006
f 4267 3057 3008
f 3174 4267 3009
f 2965 2918 2919
f 2965 2919 3115
f 3051 3052 3053
f 3056 3009 3010
f 3056 3174 3009
f 3011 3056 3010
f 3177 3179 3012
f 3015 3050 3014
f 3049 3050 3015
f 3016 3049 3015
f 3017 3049 3016
f 3046 3021 3022
f 3041 3042 4247
f 3031 3032 2926
f 3031 2926 3094
f 3045 3046 3022
f 3045 3022 3023
f 1796 3024 1818
f 1818 1819 1796
f 4251 3045 3023
f 1820 1795 1819
f 3039 3040 3028
f 1821 1795 1820
f 1794 1795 1821
f 3038 3039 3036
f 1822 1823 1794
f 1827 4251 4252
f 1826 1827 4252
f 1826 4252 1792
f 3037 3038 3036
f 1824 1793 1823
f 3035 3033 3034
f 1825 1826 1792
f 3036 3029 3035
f 1825 1793 1824
f 1825 1792 1793
f 3091 3092 3110
f 3091 3110 3093
f 3096 3091 3093
f 3297 3094 3095
f 3297 3095 3096
f 3297 3096 3093
f 3297 3098 3094
f 3070 3106 3150
f 3158 3104 3157
f 3156 3157 3104
f 3153 3106 3070
f 2997 3104 3158
f 640 1288 3105
f 1287 3105 1288
f 1287 3104 3105
f 3106 640 3105
f 3160 3104 2997
f 1285 3104 1287
f 1285 3156 3104
f 1289 3106 3153
f 1285 3155 3156
f 1286 3155 1285
f 3159 3306 3104
f 3159 3104 3160
f 2989 3150 3106
f 2989 3106 3107
f 1290 1289 3153
f 1290 3153 3152
f 1286 3154 3155
f 1290 3152 3151
f 3149 2989 3107
f 643 1290 3151
f 1296 3154 1286
f 1296 3069 3154
f 1295 1774 3069
f 1295 3069 1296
f 1291 643 3151
f 1797 1774 1295
f 1762 1291 3151
f 1798 1797 1295
f 1806 1291 1762
f 1798 1295 651
f 1763 1291 1806
f 1799 1798 651
f 1764 1291 1763
f 1764 1292 1291
f 1800 1799 651
f 1765 1292 1764
f 1800 651 650
f 1805 1292 1765
f 1805 1293 1292
f 1801 1800 650
f 1776 1293 1805
f 1801 650 649
f 1804 1293 1776
f 1804 647 1293
f 1802 1801 649
f 1768 647 1804
f 1802 649 1294
f 1803 647 1768
f 1803 1294 647
f 1803 1802 1294
f 3148 3149 3107
f 1509 3145 3146
f 1520 1509 3146
f 1520 3146 3147
f 1519 3147 3148
f 1519 1520 3147
f 1509 3143 3144
f 1509 3144 3145
f 1518 1519 3148
f 1518 3148 3107
f 1509 3142 3143
f 1509 3141 3142
f 1510 3141 1509
f 1511 3141 1510
f 1512 3141 1511
f 3140 3141 1512
f 3139 3140 1512
f 3138 3139 1512
f 3128 1515 2978
f 3129 2978 1515
f 3127 1515 3128
f 4299 1514 1515
f 4299 1515 3127
f 3137 1512 1513
f 3137 3138 1512
f 3130 3129 1515
f 3130 1515 1516
f 3132 1514 4299
f 3131 3130 1516
f 3131 1516 1517
f 3126 3131 1517
f 3126 1517 1518
f 2981 3137 1513
f 3133 1514 3132
f 3133 1513 1514
f 3136 2981 1513
f 3134 1513 3133
f 2980 3136 1513
f 2979 1513 3134
f 3135 2980 1513
f 3135 1513 2979
f 3282 1518 3107
f 3282 3126 1518
f 3161 3103 3306
f 3161 3306 3159
f 3125 3126 3282
f 3125 3282 3318
f 3162 3103 3161
f 1817 3125 3318
f 3168 3103 3162
f 1756 1817 3318
f 3167 3103 3168
f 3166 3103 3167
f 1816 1756 3318
f 3108 1815 1816
f 3108 1816 3318
f 3291 3103 3166
f 1814 1815 3108
f 1813 1814 3108
f 3109 1812 1813
f 3109 1813 3108
f 3289 3291 3166
f 959 1299 3124
f 959 3124 1807
f 1271 1829 1830
f 1271 1270 1829
f 1270 3163 1829
f 1298 3124 1299
f 1272 1830 1831
f 1272 1271 1830
f 1300 959 1807
f 1300 1807 1808
f 1298 3123 3124
f 1270 3164 3163
f 1300 1808 1809
f 1272 1831 1832
f 1269 3164 1270
f 1301 1809 1810
f 1301 1300 1809
f 1273 1272 1832
f 1269 3165 3164
f 1273 1832 1833
f 1297 1810 1811
f 1297 1301 1810
f 1269 3289 3166
f 1269 3166 3165
f 1297 1811 1812
f 1297 1812 3109
f 1274 1273 1833
f 1309 3122 3123
f 1274 1833 1834
f 1308 3122 1309
f 1284 3289 1269
f 1302 1297 3109
f 1275 1274 1834
f 1308 3121 3122
f 1835 1275 1834
f 1276 1275 1835
f 1303 1302 3109
f 1782 1276 1835
f 3121 1308 1307
f 3319 1303 3109
f 3319 1304 1303
f 3102 1284 331
f 3102 3289 1284
f 1782 1277 1276
f 1836 1277 1782
f 3120 3121 1307
f 3120 1307 1306
f 1837 1277 1836
f 1837 1278 1277
f 3120 1306 1305
f 1838 1279 1278
f 1838 1278 1837
f 3321 1304 3319
f 3287 331 1283
f 3287 3102 331
f 3119 3120 1305
f 1839 1280 1279
f 1839 1279 1838
f 3116 963 962
f 3116 3119 963
f 1840 330 1281
f 1840 3169 330
f 3119 964 963
f 1840 1281 1280
f 1840 1280 1839
f 3119 1305 964
f 3170 1282 330
f 3170 330 3169
f 3117 3116 962
f 3170 1283 1282
f 3171 1283 3170
f 3118 3117 962
f 3118 962 1304
f 3171 3287 1283
f 3118 1304 3321
f 3006 3287 3171
f 3287 3006 3172
f 3113 3118 3321
f 3110 3113 3321
f 3287 3172 3173
f 3287 3173 3174
f 3110 3114 3113
f 3110 3115 3114
f 3281 3174 3175
f 3281 3287 3174
f 3110 3112 3115
f 3092 3111 3112
f 3092 3112 3110
f 3176 3281 3175
f 1618 3187 3052
f 1618 3052 3186
f 1619 3187 1618
f 1627 1618 3186
f 1620 3187 1619
f 1617 1627 3186
f 1621 3187 1620
f 1621 3177 3187
f 1616 1617 3186
f 1603 3177 1621
f 1615 3186 3185
f 1615 1616 3186
f 1604 3177 1603
f 1604 3178 3177
f 1604 3179 3178
f 1615 3185 3184
f 1615 3184 3049
f 1604 3180 3179
f 1604 3181 3180
f 3183 1615 3049
f 1605 3182 3181
f 1605 3181 1604
f 1606 3182 1605
f 1606 3176 3182
f 1607 3176 1606
f 1614 1615 3183
f 1614 1613 1638
f 1614 1640 1613
f 3188 1612 1640
f 3188 1640 1614
f 3189 1612 3188
f 3190 1611 1612
f 3190 1612 3189
f 3190 1610 1611
f 3191 1609 1610
f 3191 1610 3190
f 3192 1608 1609
f 3192 1609 3191
f 3193 1607 1608
f 3193 1608 3192
f 1258 3199 3198
f 5 3199 1258
f 1259 1258 3198
f 1268 3199 5
f 1260 1259 3198
f 1260 3198 3197
f 1268 3200 3199
f 1260 3196 3195
f 1260 3197 3196
f 1268 3201 3200
f 9 1260 3195
f 13 3201 1268
f 3195 1261 9
f 1818 3201 13
f 1818 13 1267
f 3202 1261 3195
f 1819 1818 1267
f 1820 1819 1267
f 1820 1267 1266
f 3202 1262 1261
f 1821 1820 1266
f 3202 1263 1262
f 1794 1821 1266
f 1794 1266 1265
f 1822 1794 1265
f 3203 1263 3202
f 3098 3204 3097
f 3101 3193 3194
f 3100 3194 1827
f 3100 3101 3194
f 3298 3204 3098
f 3100 1826 1825
f 3100 1827 1826
f 3099 1824 1823
f 3099 1825 1824
f 3099 3100 1825
f 3298 3203 3204
f 3299 1264 1263
f 3299 3203 3298
f 3299 1263 3203
f 3099 1822 1265
f 3099 1823 1822
f 3299 3099 1265
f 3299 1265 1264
f 3101 3281 1607
f 1607 3281 3176
f 3101 1607 3193
f 3215 2251 3386
f 3216 3386 2251
f 3385 2251 3215
f 3216 2251 2268
f 3216 2268 3221
f 3214 2251 3385
f 3214 2267 2251
f 3416 2266 2267
f 3416 2267 3419
f 3213 2267 3214
f 3226 2266 3416
f 3212 2267 3213
f 3434 2265 2266
f 3434 2266 3226
f 3225 3434 3226
f 3217 3210 3209
f 3220 3219 3218
f 3217 3211 3210
f 3222 3224 3223
f 3228 3224 3222
f 2642 3222 3220
f 2643 2642 3220
f 2643 3220 3221
f 3447 3235 2264
f 2641 3222 2642
f 3229 2265 3227
f 2641 3228 3222
f 2644 2643 3221
f 2644 3221 2645
f 2640 3228 2641
f 3234 2258 3235
f 3437 2264 3229
f 3437 3447 2264
f 2645 2270 2271
f 2639 3229 2640
f 2639 3437 3229
f 2646 2271 2272
f 2646 2645 2271
f 2258 3234 3233
f 2663 3437 2639
f 2647 2272 2273
f 2647 2646 2272
f 2663 3230 3437
f 2663 3231 3230
f 2663 3232 3231
f 2663 3237 3232
f 3466 2258 3233
f 2647 2273 2274
f 2662 3237 2663
f 2648 2647 2274
f 3463 3236 3237
f 3463 3237 2662
f 2649 2274 2276
f 2649 2648 2274
f 3248 3463 2662
f 2650 2649 2276
f 3247 3246 3478
f 3247 3478 3248
f 2661 3248 2662
f 2252 2650 2276
f 2291 2257 3244
f 3239 3238 3245
f 3472 2291 3244
f 2659 3248 2661
f 2659 3247 3248
f 3240 3239 3245
f 3476 3240 3245
f 2659 3240 3476
f 2659 3241 3240
f 2660 2659 2661
f 2290 2291 3472
f 2290 3243 3242
f 2290 3472 3243
f 2290 3241 2659
f 2290 3242 3241
f 4228 3208 2652
f 4225 2652 3208
f 4228 2652 2651
f 3205 2652 4225
f 4228 2651 2252
f 2653 2652 3205
f 2253 4228 2252
f 2256 2659 2660
f 2256 2290 2659
f 3206 2653 3205
f 3206 2654 2653
f 4232 2654 3206
f 4230 2654 4232
f 4230 2655 2654
f 2288 2660 2658
f 2288 2256 2660
f 1844 1843 2253
f 2254 1841 1842
f 2254 1842 1846
f 2254 1846 1843
f 2254 1843 1844
f 2254 1844 2253
f 2287 2288 2658
f 2278 3207 1841
f 2278 1841 2254
f 2287 2658 2657
f 2279 3207 2278
f 2285 2287 2657
f 2263 3207 2279
f 2263 2655 4230
f 2263 4230 3207
f 2284 2285 2657
f 2284 2657 2282
f 2281 2656 2655
f 2281 2655 2263
f 2262 2656 2281
f 2262 2255 2656
f 3222 2267 3217
f 3217 2267 3211
f 3211 2267 3212
f 3229 3228 2640
f 3228 3434 3225
f 3228 3225 3224
f 3237 3466 3232
f 3232 3466 3442
f 3442 3466 3233
f 3248 2257 3463
f 3463 2257 2258
f 2623 2669 2670
f 2622 2690 2669
f 2622 2669 2623
f 2623 2670 2671
f 2622 2668 2690
f 2624 2671 2691
f 2624 2623 2671
f 2622 2667 2668
f 2625 2691 2672
f 2625 2624 2691
f 2621 2666 2667
f 2621 2667 2622
f 2625 2672 2673
f 2638 2665 2666
f 2638 2666 2621
f 2625 2673 2692
f 2638 2689 2665
f 2626 2692 2674
f 2626 2625 2692
f 2637 2688 2695
f 2637 2695 2689
f 2637 2689 2638
f 2626 2674 2675
f 2636 2688 2637
f 2675 2627 2626
f 2694 2688 2636
f 2694 2636 2635
f 2664 2627 2675
f 2687 2694 2635
f 2676 2627 2664
f 2676 2628 2627
f 2687 2635 2634
f 2676 2629 2628
f 2686 2687 2634
f 2677 2629 2676
f 2685 2686 2634
f 2685 2634 2633
f 2678 2629 2677
f 2684 2685 2633
f 2693 2629 2678
f 2683 2633 2632
f 2683 2684 2633
f 2679 2630 2629
f 2679 2629 2693
f 2682 2683 2632
f 2681 2682 2632
f 2680 2630 2679
f 2680 2681 2632
f 2680 2631 2630
f 2680 2632 2631
f 2409 2410 2425
f 3253 2409 2425
f 3253 2425 2417
f 3253 2417 2418
f 2411 3253 2418
f 2412 2411 2418
f 2419 2420 2409
f 3757 2419 2409
f 2408 2411 2412
f 3254 2419 3757
f 3254 2416 2419
f 3252 2408 2431
f 2413 3252 2431
f 2443 2416 3254
f 2414 3252 2413
f 2415 2443 3254
f 2415 3254 3251
f 2415 3251 2414
f 3257 2360 2369
f 2379 3255 2362
f 2389 2360 3257
f 2363 3255 2379
f 3250 2389 3257
f 3256 2369 2361
f 3256 3257 2369
f 3256 2361 3255
f 2367 2368 3250
f 2370 2363 2380
f 2370 2380 2382
f 2371 3767 2370
f 2388 2367 2365
f 2364 3767 2371
f 2372 2388 2365
f 2384 3767 2364
f 2366 2372 2365
f 2366 3767 2384
f 2366 3756 3767
f 2366 2365 3756
f 3770 3261 2317
f 3262 2322 2316
f 3260 3770 2317
f 3249 2322 3262
f 3261 3262 2316
f 2311 3258 3260
f 3259 3258 2311
f 3755 2315 3249
f 2318 3259 2312
f 2314 2315 3755
f 2319 3259 2318
f 2319 2313 3259
f 2336 2314 3755
f 2336 3755 3258
f 2336 3258 2313
f 3263 3264 3265
f 3268 2555 2544
f 3268 2544 2545
f 3268 2543 2555
f 2547 3267 2539
f 2587 2543 3268
f 2548 3267 2547
f 3729 2545 2538
f 3729 3268 2545
f 3729 2538 3267
f 3269 2587 3268
f 3263 2553 3269
f 3266 3267 2548
f 3266 2548 2540
f 2549 3266 2540
f 2550 3266 2549
f 2552 2553 3263
f 2542 2552 3263
f 2551 2542 3263
f 2551 3263 3265
f 2551 3266 2541
f 2551 3265 3266
f 3274 3304 3275
f 3273 3304 3274
f 3276 3275 3304
f 3306 3272 3276
f 3306 3276 3304
f 3543 3304 3273
f 3270 3304 3543
f 3280 3270 3543
f 3279 3270 3280
f 3103 3271 3272
f 3103 3277 3271
f 3103 3270 3279
f 3103 3278 3277
f 3103 3539 3278
f 3103 3279 3539
f 3103 3272 3306
f 3270 3290 3285
f 3287 3281 3283
f 3286 3287 3283
f 3288 3287 3286
f 3284 3288 3286
f 3288 3102 3287
f 3291 3288 3284
f 3289 3102 3288
f 3290 3270 3103
f 3290 3291 3284
f 3291 3289 3288
f 3291 3290 3103
f 3101 3300 3293
f 3295 3098 3297
f 3299 3296 3292
f 3299 3294 3296
f 3299 3297 3294
f 3298 3098 3295
f 3299 3295 3297
f 3299 3298 3295
f 3099 3299 3292
f 3301 3099 3292
f 3301 3292 3300
f 3301 3100 3099
f 3301 3101 3100
f 3301 3300 3101
f 3107 3308 3303
f 3104 3304 3305
f 3104 3306 3304
f 3307 3104 3305
f 3309 3307 3302
f 3309 3104 3307
f 3308 3309 3302
f 3309 3105 3104
f 3309 3106 3105
f 3310 3309 3308
f 3310 3107 3106
f 3310 3308 3107
f 3310 3106 3309
f 3314 3313 3311
f 3315 3313 3314
f 3316 3282 3313
f 3316 3315 3314
f 3316 3313 3315
f 3317 3316 3314
f 3318 3282 3316
f 3320 3317 3093
f 3316 3109 3108
f 3316 3108 3318
f 3321 3316 3317
f 3319 3109 3316
f 3320 3093 3110
f 3320 3321 3317
f 3321 3319 3316
f 3321 3320 3110
f 3270 3285 4217
f 3270 4217 3304
f 3283 3101 3293
f 3283 3281 3101
f 3877 3093 3312
f 3877 3297 3093
f 3107 3303 3313
f 3107 3313 3282
f 3376 3357 3358
f 3376 3356 3357
f 3376 3358 3359
f 3375 3359 3360
f 3375 3376 3359
f 3376 3355 3356
f 3375 3360 3361
f 3377 3355 3376
f 3377 3354 3355
f 3377 3353 3354
f 3375 3361 3362
f 3375 3362 3322
f 3377 3352 3353
f 3374 3375 3322
f 1913 3379 3363
f 1913 3363 3364
f 1913 3364 3365
f 1913 3365 3366
f 1913 3366 3367
f 1913 3367 3368
f 1914 3368 3369
f 1914 3369 3370
f 1914 3370 3371
f 1914 1913 3368
f 1914 3371 3372
f 1914 3372 3373
f 1914 3373 3374
f 1890 3352 3377
f 1890 3379 1913
f 1890 3377 3378
f 1890 3378 3379
f 1889 3374 3322
f 1889 1914 3374
f 1891 3352 1890
f 1888 1889 3322
f 1892 3352 1891
f 1887 1888 3322
f 1893 3352 1892
f 1915 1887 3322
f 1858 3352 1893
f 1886 1915 3322
f 3351 1858 1859
f 3351 1859 2184
f 3351 2184 2183
f 3351 2183 2181
f 3323 1886 3322
f 3323 1882 1883
f 3323 1883 1884
f 3323 1884 1885
f 3323 1885 1886
f 2180 3351 2181
f 2458 3351 2180
f 2608 1881 1882
f 2608 1882 3323
f 2608 3323 3324
f 2598 1881 2608
f 2475 3351 2458
f 2597 2608 3324
f 2478 2458 2180
f 2474 3350 2475
f 2597 3324 3325
f 2474 3349 3350
f 2480 2478 2180
f 2619 1881 2598
f 2610 3325 3326
f 3346 3348 3349
f 3346 3349 2474
f 2178 2480 2180
f 2178 2457 2480
f 3327 2610 3326
f 3347 3348 3346
f 1880 1881 2619
f 2483 2457 2178
f 2611 2610 3327
f 2593 1880 2619
f 3328 2611 3327
f 3329 2611 3328
f 2177 2483 2178
f 2177 2455 2456
f 2177 2456 2483
f 1879 1880 2593
f 1879 2593 2594
f 3330 2611 3329
f 3330 2596 2611
f 3331 2596 3330
f 2175 2468 2455
f 2175 2455 2177
f 3332 2596 3331
f 3332 2614 2596
f 3342 3343 2468
f 1878 2594 2595
f 1878 1879 2594
f 3341 3342 2468
f 3341 2468 2175
f 3333 2614 3332
f 3333 1878 2595
f 3333 2595 2614
f 2174 3341 2175
f 1877 1878 3333
f 2172 3341 2174
f 1876 1877 3333
f 2171 3341 2172
f 1875 1876 3333
f 1860 3341 2171
f 1874 1875 3333
f 2513 2512 1867
f 2513 1867 1868
f 2511 1867 2512
f 2486 1866 1867
f 2486 1867 2511
f 2485 2513 1868
f 2485 1868 1869
f 2486 1865 1866
f 2502 2485 1869
f 2494 1865 2486
f 3334 2502 1869
f 3334 1869 1870
f 3334 1870 1871
f 3334 1871 1872
f 3334 1872 1873
f 3334 2489 2502
f 3340 1862 1863
f 3340 1863 1864
f 3340 1865 2494
f 3340 1864 1865
f 3340 2494 2487
f 3338 2487 2508
f 3338 2508 2488
f 3338 3339 2487
f 3335 2488 2505
f 3335 2505 2504
f 3337 3338 2488
f 3336 2488 3335
f 3336 3337 2488
f 3333 3334 1874
f 1874 3334 1873
f 3340 3341 1861
f 1861 3341 1860
f 3340 1861 1862
f 3351 3352 1858
f 2691 2642 2643
f 2691 2643 2644
f 2691 2690 2642
f 2690 2641 2642
f 2690 2640 2641
f 2691 2644 2645
f 2665 2640 2690
f 2692 2645 2646
f 2692 2691 2645
f 2663 2640 2665
f 2695 2663 2665
f 2647 2692 2646
f 2674 2692 2647
f 2695 2662 2663
f 2649 2674 2647
f 2675 2674 2649
f 2688 2662 2695
f 2675 2649 2650
f 2650 2664 2675
f 2661 2662 2688
f 2661 2688 2694
f 2660 2661 2694
f 2652 2676 2664
f 2660 2694 2687
f 2677 2676 2652
f 2684 2660 2687
f 2653 2677 2652
f 2658 2660 2684
f 2653 2693 2677
f 2657 2658 2684
f 2682 2657 2684
f 2654 2693 2653
f 2654 2679 2693
f 2282 2657 2682
f 2656 2679 2654
f 2255 2282 2682
f 2255 2679 2656
f 2255 2682 2679
f 2628 2626 2627
f 2634 2621 2622
f 2634 2622 2623
f 2634 2623 2624
f 2634 2635 2636
f 2634 2638 2621
f 2634 2637 2638
f 2634 2636 2637
f 2630 2628 2629
f 2631 2626 2628
f 2631 2624 2625
f 2631 2628 2630
f 2631 2632 2634
f 2631 2634 2624
f 2631 2625 2626
f 3209 3210 3380
f 3211 3381 3210
f 3212 3382 3211
f 3213 3383 3212
f 3214 3384 3213
f 3380 3387 3209
f 3217 3388 3222
f 3209 3387 3217
f 3222 3388 3220
f 3218 3389 3392
f 3219 3389 3218
f 3220 3390 3219
f 3220 3388 3390
f 3218 3392 3391
f 3218 3391 3220
f 3220 3391 3221
f 3394 3386 3406
f 3400 3406 3386
f 3394 3215 3386
f 3400 3386 3216
f 3393 3385 3215
f 3393 3215 3394
f 3393 3214 3385
f 3393 3384 3214
f 3393 3213 3384
f 3402 3213 3393
f 3402 3383 3213
f 3401 3383 3402
f 3212 3383 3401
f 3382 3212 3401
f 3211 3382 3401
f 3211 3401 3395
f 3381 3211 3395
f 3210 3381 3395
f 3380 3210 3395
f 3391 3380 3400
f 3391 3392 3380
f 3391 3400 3216
f 3389 3380 3392
f 3219 3380 3389
f 3390 3380 3219
f 3390 3387 3380
f 3390 3388 3217
f 3390 3217 3387
f 3221 3391 3216
f 3397 3380 3395
f 3397 3396 3380
f 3398 3397 3395
f 3399 3398 3395
f 3399 3395 3401
f 3396 3400 3380
f 3403 3402 3393
f 3404 3403 3393
f 3405 3404 3393
f 3405 3393 3394
f 3405 3394 3406
f 3223 3417 3222
f 3224 3407 3223
f 3224 3408 3407
f 3224 3409 3408
f 3224 3410 3409
f 3224 3411 3410
f 3225 3411 3224
f 3225 3413 3412
f 3226 3414 3413
f 3226 3413 3225
f 3226 3415 3414
f 3416 3415 3226
f 3222 3417 2267
f 3432 3416 3419
f 3433 3416 3432
f 3423 3416 3433
f 3423 3415 3416
f 3423 3414 3415
f 3422 3414 3423
f 3414 3422 3413
f 3418 3419 2267
f 3225 3412 3421
f 3411 3225 3421
f 3417 3420 3418
f 3410 3411 3421
f 3223 3420 3417
f 3409 3410 3421
f 3223 3408 3420
f 3408 3409 3421
f 3407 3408 3223
f 3417 3418 2267
f 3424 3420 3408
f 3425 3424 3408
f 3425 3408 3421
f 3426 3425 3421
f 3427 3426 3421
f 3428 3427 3421
f 3428 3421 3412
f 3428 3412 3413
f 3429 3428 3413
f 3429 3413 3422
f 3430 3429 3422
f 3430 3422 3423
f 3431 3430 3423
f 3433 3431 3423
f 3424 3418 3420
f 3424 3432 3419
f 3424 3419 3418
f 3229 3227 3228
f 3227 2265 3434
f 3228 3227 3434
f 2265 3435 2264
f 2264 3436 3229
f 2264 3435 3436
f 3229 3436 2265
f 3436 3435 2265
f 3438 3231 3232
f 3232 3439 3438
f 3232 3440 3439
f 3441 3440 3232
f 3232 3442 3441
f 3444 3443 3233
f 3234 3444 3233
f 3445 3444 3234
f 3235 3461 3234
f 3446 3461 3235
f 3447 3446 3235
f 3446 3447 3451
f 3461 3446 3451
f 3450 3234 3461
f 3445 3234 3450
f 3444 3445 3450
f 3444 3450 3449
f 3443 3444 3449
f 3233 3443 3449
f 3233 3449 3458
f 3233 3458 3457
f 3230 3448 3437
f 3442 3233 3457
f 3231 3448 3230
f 3442 3457 3456
f 3438 3448 3231
f 3439 3448 3438
f 3441 3442 3456
f 3440 3448 3439
f 3441 3456 3448
f 3441 3448 3440
f 3452 3453 3448
f 3453 3437 3448
f 3453 3447 3437
f 3454 3452 3448
f 3455 3448 3456
f 3455 3454 3448
f 3459 3458 3449
f 3459 3449 3450
f 3460 3459 3450
f 3460 3450 3461
f 3462 3461 3451
f 3447 3462 3451
f 2258 3466 3463
f 3465 3237 3236
f 3464 3465 3236
f 3466 3237 3465
f 3466 3464 3463
f 3464 3236 3463
f 3238 3239 3467
f 3240 3468 3239
f 3241 3469 3240
f 3241 3470 3469
f 3242 3470 3241
f 3243 3471 3242
f 3474 3473 3244
f 2257 3474 3244
f 3238 3467 3245
f 3476 3475 2659
f 3246 3477 3467
f 3247 3477 3246
f 3248 3474 2257
f 3248 3479 3474
f 3248 3474 3479
f 3478 3474 3248
f 3483 3473 3474
f 3485 3478 3246
f 3485 3474 3478
f 3467 3485 3246
f 3467 3486 3485
f 3245 3467 3477
f 3467 3484 3486
f 3245 3477 3247
f 3244 3473 3483
f 3244 3483 3482
f 3476 3245 3247
f 3472 3244 3482
f 3239 3484 3467
f 3243 3472 3482
f 3239 3480 3484
f 3468 3480 3239
f 3475 3247 2659
f 3475 3476 3247
f 3468 3481 3480
f 3471 3243 3482
f 3242 3471 3482
f 3240 3481 3468
f 3242 3482 3489
f 3469 3481 3240
f 3470 3242 3489
f 3470 3489 3481
f 3469 3470 3481
f 3487 3484 3480
f 3485 3493 3474
f 3487 3480 3481
f 3489 3488 3481
f 3490 3489 3482
f 3491 3490 3482
f 3492 3482 3483
f 3492 3491 3482
f 3493 3483 3474
f 3402 3403 3404
f 3402 3404 3405
f 3401 3402 3405
f 3398 3399 3401
f 3398 3401 3405
f 3397 3398 3405
f 3396 3405 3406
f 3396 3397 3405
f 3400 3396 3406
f 3430 3431 3433
f 3429 3430 3433
f 3428 3429 3433
f 3424 3433 3432
f 3425 3426 3427
f 3424 3425 3427
f 3424 3427 3428
f 3424 3428 3433
f 3453 3462 3447
f 3459 3460 3461
f 3458 3459 3461
f 3457 3458 3461
f 3457 3461 3462
f 3457 3462 3453
f 3456 3457 3453
f 3455 3456 3453
f 3455 3453 3452
f 3454 3455 3452
f 3464 3466 3465
f 3483 3493 3485
f 3486 3483 3485
f 3492 3483 3486
f 3487 3486 3484
f 3481 3486 3487
f 3489 3490 3491
f 3488 3492 3486
f 3488 3486 3481
f 3489 3491 3492
f 3488 3489 3492
f 1841 3207 3494
f 1845 3497 2253
f 1843 1845 2253
f 1846 1845 1843
f 1841 1846 1842
f 1841 1845 1846
f 3496 4226 3497
f 3495 3496 3497
f 3494 3495 3497
f 3494 3497 1845
f 3494 1845 1841
f 3205 3495 3494
f 3499 3205 3494
f 4231 3498 4230
f 3499 3494 3498
f 3499 3498 4231
f 3271 3500 3501
f 3271 3501 3272
f 3274 3502 3273
f 3503 3274 3275
f 3504 3503 3275
f 3505 3504 3275
f 3276 3505 3275
f 3506 3505 3276
f 3507 3506 3276
f 3508 3507 3276
f 3509 3508 3276
f 3272 3509 3276
f 3501 3509 3272
f 3510 3543 3273
f 3510 3273 3502
f 3511 3567 3520
f 3519 3518 3522
f 3519 3522 3523
f 3519 3523 3586
f 3524 3586 3523
f 3533 3532 3534
f 3520 3567 3533
f 3520 3533 3534
f 3277 3500 3271
f 3277 3535 3500
f 3277 3537 3536
f 3278 3537 3277
f 3278 3539 3538
f 3279 3541 3540
f 3280 3541 3279
f 3543 3542 3521
f 3543 3521 3280
f 3525 3503 3526
f 3527 3526 3503
f 3527 3503 3504
f 3525 3274 3503
f 3528 3527 3504
f 3524 3274 3525
f 3529 3528 3504
f 3529 3504 3505
f 3524 3502 3274
f 3523 3502 3524
f 3530 3529 3505
f 3530 3505 3506
f 3531 3530 3506
f 3507 3531 3506
f 3508 3531 3507
f 3532 3508 3509
f 3501 3532 3509
f 3501 3534 3532
f 3522 3510 3502
f 3522 3502 3523
f 3518 3543 3510
f 3518 3510 3522
f 3518 3542 3543
f 3517 3542 3518
f 3521 3542 3517
f 3516 3280 3521
f 3541 3280 3516
f 3541 3516 3515
f 3540 3541 3515
f 3279 3540 3515
f 3279 3515 3514
f 3500 3511 3520
f 3500 3520 3534
f 3500 3534 3501
f 3535 3511 3500
f 3539 3514 3513
f 3539 3279 3514
f 3277 3511 3535
f 3536 3537 3511
f 3536 3511 3277
f 3538 3513 3512
f 3538 3539 3513
f 3278 3538 3512
f 3278 3512 3537
f 3524 3525 3526
f 3552 3586 3524
f 3586 3605 3551
f 3586 3552 3605
f 3550 3586 3551
f 3554 3553 3611
f 3544 3531 3508
f 3544 3508 3532
f 3554 3611 3555
f 3544 3554 3555
f 3533 3544 3532
f 3585 3554 3544
f 3585 3544 3533
f 3651 3636 3589
f 3588 3651 3589
f 3585 3587 3584
f 3557 3587 3585
f 3688 3564 3563
f 3688 3565 3564
f 3580 3561 3560
f 3580 3562 3561
f 3519 3581 3573
f 3519 3688 3581
f 3572 3518 3519
f 3572 3519 3573
f 3567 3582 3579
f 3571 3518 3572
f 3517 3518 3571
f 3566 3576 3578
f 3566 3577 3576
f 3521 3517 3571
f 3521 3571 3570
f 3516 3521 3570
f 3515 3570 3569
f 3515 3516 3570
f 3514 3515 3569
f 3567 3574 3566
f 3513 3514 3569
f 3511 3574 3567
f 3512 3569 3704
f 3512 3513 3569
f 3512 3704 3575
f 3537 3575 3574
f 3537 3574 3511
f 3537 3512 3575
f 3519 3586 3651
f 3651 3586 3636
f 3519 3651 3583
f 3519 3583 3661
f 3519 3661 3565
f 3519 3565 3688
f 3533 3567 3579
f 3533 3579 3580
f 3533 3580 3560
f 3533 3560 3559
f 3533 3559 3556
f 3533 3556 3557
f 3533 3557 3585
f 3544 3524 3531
f 3531 3524 3530
f 3530 3524 3529
f 3529 3524 3528
f 3528 3524 3527
f 3527 3524 3526
f 3557 3651 3588
f 3557 3588 3587
f 3583 3558 3652
f 3580 3688 3562
f 3562 3688 3563
f 3556 3583 3652
f 3585 3586 3550
f 3585 3550 3549
f 3585 3549 3548
f 3585 3548 3609
f 3609 3548 3547
f 3594 3593 3592
f 3597 3524 3544
f 3547 3548 3546
f 3549 3598 3548
f 3550 3599 3549
f 3551 3600 3550
f 3551 3601 3600
f 3551 3602 3601
f 3551 3603 3602
f 3551 3604 3603
f 3551 3605 3604
f 3524 3606 3552
f 3597 3606 3524
f 3545 3607 3546
f 3609 3608 3585
f 3546 3607 3609
f 3546 3609 3547
f 3585 3608 3610
f 3585 3610 3554
f 3553 3612 3611
f 3615 3606 3590
f 3617 3613 3616
f 3618 3613 3617
f 3592 3614 3621
f 3592 3593 3614
f 3606 3597 3590
f 3615 3552 3606
f 3555 3590 3597
f 3616 3552 3615
f 3616 3605 3552
f 3613 3604 3605
f 3613 3605 3616
f 3603 3604 3613
f 3602 3603 3613
f 3601 3602 3613
f 3591 3555 3611
f 3600 3601 3613
f 3600 3613 3618
f 3612 3591 3611
f 3553 3591 3612
f 3550 3600 3618
f 3550 3618 3619
f 3550 3619 3620
f 3545 3591 3553
f 3545 3553 3554
f 3545 3596 3591
f 3544 3555 3597
f 3599 3620 3621
f 3599 3550 3620
f 3607 3545 3554
f 3545 3594 3595
f 3545 3595 3596
f 3549 3621 3614
f 3549 3599 3621
f 3546 3594 3545
f 3549 3614 3593
f 3546 3593 3594
f 3598 3549 3593
f 3548 3593 3546
f 3548 3598 3593
f 3610 3607 3554
f 3609 3607 3610
f 3608 3609 3610
f 3628 3624 3623
f 3633 3626 3632
f 3633 3627 3626
f 3637 3586 3585
f 3636 3637 3649
f 3586 3637 3636
f 3587 3639 3638
f 3587 3638 3584
f 3587 3640 3639
f 3587 3641 3640
f 3588 3642 3641
f 3588 3641 3587
f 3588 3643 3642
f 3588 3644 3643
f 3588 3645 3644
f 3589 3645 3588
f 3589 3646 3645
f 3589 3647 3646
f 3589 3648 3647
f 3589 3636 3648
f 3650 3649 3622
f 3623 3624 3650
f 3649 3637 3622
f 3650 3636 3649
f 3624 3648 3636
f 3624 3636 3650
f 3635 3622 3637
f 3624 3647 3648
f 3628 3647 3624
f 3646 3647 3628
f 3629 3646 3628
f 3645 3646 3629
f 3645 3629 3630
f 3644 3645 3630
f 3644 3630 3631
f 3638 3635 3584
f 3643 3631 3625
f 3643 3644 3631
f 3585 3584 3635
f 3585 3635 3637
f 3639 3634 3635
f 3639 3635 3638
f 3639 3627 3634
f 3643 3625 3632
f 3642 3643 3632
f 3642 3632 3626
f 3640 3627 3639
f 3640 3626 3627
f 3641 3642 3626
f 3640 3641 3626
f 3556 3558 3557
f 3651 3557 3558
f 3558 3583 3651
f 3556 3652 3558
f 3559 3653 3556
f 3583 3556 3653
f 3661 3653 3559
f 3653 3661 3583
f 3656 3655 3684
f 3657 3655 3656
f 3661 3559 3660
f 3662 3660 3559
f 3560 3663 3662
f 3560 3662 3559
f 3561 3663 3560
f 3561 3664 3663
f 3561 3665 3664
f 3561 3666 3665
f 3562 3666 3561
f 3562 3667 3666
f 3668 3667 3562
f 3669 3668 3562
f 3563 3669 3562
f 3563 3670 3669
f 3563 3671 3670
f 3563 3672 3671
f 3563 3673 3672
f 3564 3673 3563
f 3564 3674 3673
f 3564 3565 3674
f 3678 3671 3675
f 3682 3680 3681
f 3654 3565 3661
f 3677 3565 3654
f 3677 3674 3565
f 3675 3674 3677
f 3675 3673 3674
f 3672 3673 3675
f 3671 3672 3675
f 3670 3671 3678
f 3670 3678 3679
f 3660 3662 3654
f 3660 3654 3661
f 3670 3679 3680
f 3669 3670 3680
f 3668 3669 3680
f 3668 3680 3682
f 3667 3682 3676
f 3667 3668 3682
f 3663 3659 3662
f 3663 3658 3659
f 3663 3657 3658
f 3664 3657 3663
f 3666 3667 3676
f 3664 3655 3657
f 3666 3676 3683
f 3666 3683 3684
f 3666 3684 3655
f 3665 3655 3664
f 3665 3666 3655
f 3579 3687 3580
f 3688 3580 3687
f 3689 3581 3688
f 3690 3581 3689
f 3567 3581 3690
f 3567 3690 3582
f 3691 3689 3688
f 3685 3691 3688
f 3687 3685 3688
f 3687 3582 3685
f 3579 3582 3687
f 3686 3685 3582
f 3690 3689 3686
f 3690 3686 3582
f 3691 3686 3689
f 3696 3695 3694
f 3566 3700 3567
f 3581 3567 3700
f 3701 3581 3700
f 3568 3703 3702
f 3575 3703 3568
f 3575 3704 3703
f 3570 3705 3569
f 3572 3706 3571
f 3573 3707 3706
f 3573 3706 3572
f 3573 3708 3707
f 3573 3709 3708
f 3573 3710 3709
f 3573 3711 3710
f 3701 3711 3573
f 3581 3701 3573
f 3702 3712 3568
f 3575 3714 3574
f 3713 3714 3575
f 3712 3713 3575
f 3568 3712 3575
f 3576 3715 3716
f 3577 3715 3576
f 3574 3714 3566
f 3576 3716 3578
f 3721 3717 3720
f 3722 3717 3721
f 3694 3695 3725
f 3692 3711 3701
f 3719 3711 3692
f 3578 3692 3701
f 3720 3711 3719
f 3720 3709 3710
f 3720 3710 3711
f 3717 3708 3709
f 3717 3709 3720
f 3707 3708 3717
f 3706 3707 3717
f 3706 3717 3722
f 3693 3578 3716
f 3571 3706 3722
f 3571 3722 3723
f 3571 3723 3724
f 3715 3693 3716
f 3570 3571 3724
f 3705 3724 3718
f 3705 3570 3724
f 3702 3693 3715
f 3702 3715 3577
f 3702 3698 3699
f 3702 3699 3693
f 3700 3578 3701
f 3569 3705 3718
f 3566 3702 3577
f 3702 3697 3698
f 3569 3718 3725
f 3704 3569 3725
f 3702 3696 3697
f 3704 3725 3695
f 3712 3702 3566
f 3703 3696 3702
f 3703 3695 3696
f 3703 3704 3695
f 3566 3578 3700
f 3713 3712 3566
f 3714 3713 3566
f 3618 3617 3616
f 3618 3616 3615
f 3591 3590 3555
f 3619 3618 3615
f 3591 3615 3590
f 3591 3620 3619
f 3591 3619 3615
f 3621 3620 3591
f 3596 3621 3591
f 3592 3596 3595
f 3592 3621 3596
f 3594 3592 3595
f 3629 3623 3650
f 3629 3628 3623
f 3630 3629 3650
f 3631 3630 3650
f 3635 3650 3622
f 3634 3650 3635
f 3634 3631 3650
f 3625 3631 3634
f 3632 3625 3634
f 3627 3632 3634
f 3632 3627 3633
f 3678 3675 3677
f 3679 3678 3677
f 3680 3679 3677
f 3681 3680 3677
f 3682 3677 3654
f 3682 3681 3677
f 3662 3682 3654
f 3676 3662 3659
f 3676 3682 3662
f 3676 3659 3658
f 3683 3658 3657
f 3683 3676 3658
f 3684 3657 3656
f 3684 3683 3657
f 3686 3691 3685
f 3722 3721 3720
f 3723 3722 3720
f 3693 3692 3578
f 3724 3723 3720
f 3724 3720 3719
f 3699 3692 3693
f 3698 3719 3692
f 3698 3718 3724
f 3698 3692 3699
f 3698 3724 3719
f 3697 3718 3698
f 3725 3718 3697
f 3694 3725 3697
f 3696 3694 3697
f 2526 2606 2609
f 2526 2525 2606
f 2525 2607 2606
f 2526 2609 2605
f 2534 2607 2525
f 2527 2526 2605
f 2527 2605 2604
f 2533 2607 2534
f 2527 2604 2603
f 2528 2527 2603
f 2602 2528 2603
f 2599 2533 2532
f 2599 2532 2531
f 2600 2599 2531
f 2529 2528 2602
f 2613 2529 2602
f 2617 2600 2531
f 2614 2530 2529
f 2614 2529 2613
f 2616 2617 2531
f 2616 2531 2521
f 2601 2530 2614
f 2601 2521 2530
f 2615 2616 2521
f 2615 2521 2601
f 3263 3269 3264
f 3267 3726 3729
f 3727 3726 3267
f 3728 3727 3267
f 3266 3728 3267
f 3268 3264 3269
f 3264 3729 3726
f 3268 3729 3264
f 3727 3728 3264
f 3727 3264 3726
f 3265 3264 3728
f 3265 3728 3266
f 2403 2506 2496
f 2404 2403 2496
f 2497 2506 2403
f 2395 2497 2403
f 2404 2496 2508
f 2498 2497 2395
f 2405 2404 2508
f 2405 2508 2509
f 2395 2503 2498
f 2495 2405 2509
f 2394 2503 2395
f 2499 2503 2394
f 2500 2394 2501
f 2500 2499 2394
f 2406 2495 2494
f 2493 2406 2494
f 2492 2406 2493
f 2399 2406 2492
f 2400 2399 2492
f 2510 2400 2492
f 2514 2501 2402
f 2514 2515 2501
f 2401 2400 2510
f 2491 2401 2510
f 2490 2514 2402
f 2490 2402 2407
f 2491 2407 2401
f 2491 2490 2407
f 2471 2349 2355
f 2350 2349 2463
f 2350 2463 2473
f 2348 2471 2355
f 2348 2469 2471
f 2350 2473 2462
f 2470 2469 2348
f 2356 2350 2462
f 2464 2470 2348
f 2356 2462 2461
f 2356 2461 2476
f 2465 2464 2466
f 2460 2356 2476
f 2351 2356 2460
f 2352 2351 2460
f 2479 2352 2460
f 2467 2466 2353
f 2357 2352 2479
f 2481 2357 2479
f 2459 2467 2353
f 2481 2358 2357
f 2482 2358 2481
f 2482 2459 2353
f 2482 2353 2358
f 2306 3746 3745
f 2306 3745 3744
f 3747 3746 2306
f 2307 2306 3744
f 2297 3747 2306
f 2307 3744 3743
f 2299 3743 3742
f 2299 2307 3743
f 3748 3747 2297
f 2296 3748 2297
f 2300 2299 3742
f 2300 3742 3741
f 2296 3749 3748
f 2300 3741 3740
f 3750 3749 2296
f 2295 3750 2296
f 2300 3740 3739
f 2308 2300 3739
f 2308 3739 3738
f 3751 3750 2295
f 3751 2295 2305
f 3752 3751 2305
f 3737 2308 3738
f 3753 3752 2305
f 2301 2308 3737
f 3736 2301 3737
f 3754 3753 2305
f 3736 2302 2301
f 3730 3754 2305
f 3735 2302 3736
f 3730 2305 2310
f 3734 2302 3735
f 3731 3730 2310
f 3731 2310 2309
f 3734 2303 2302
f 3734 2304 2303
f 3733 2304 3734
f 3732 3731 2309
f 3732 2304 3733
f 3732 2309 2304
f 2365 2367 3250
f 2365 3250 3756
f 3254 3757 3251
f 3759 3758 3757
f 2409 3759 3757
f 3759 2409 3758
f 3251 3761 2414
f 2411 2408 3760
f 3758 2408 3757
f 3760 2408 3758
f 3253 2411 3760
f 3760 3758 2409
f 3253 3760 2409
f 3761 3251 3757
f 3252 2414 3761
f 3761 3757 2408
f 3252 3761 2408
f 3256 3756 3250
f 3762 3256 3250
f 3257 3762 3250
f 3257 3256 3762
f 3764 2363 3763
f 3765 2363 3764
f 3255 2363 3765
f 3764 3763 3256
f 3765 3764 3256
f 3255 3765 3256
f 3766 3756 3763
f 3767 3756 3766
f 3766 3763 2363
f 3767 3766 2363
f 2370 3767 2363
f 3768 3261 3755
f 3768 3755 3249
f 3262 3768 3249
f 3262 3261 3768
f 3258 3769 2313
f 3770 3258 3261
f 3770 3260 3258
f 3258 3755 3261
f 3259 2313 3769
f 3259 3769 3258
f 3756 3256 3763
f 3342 3341 3780
f 3791 3771 3293
f 3791 3293 3300
f 3792 3772 3771
f 3792 3771 3791
f 3793 3773 3772
f 3793 3772 3792
f 3794 3774 3773
f 3794 3773 3793
f 3795 3775 3774
f 3795 3774 3794
f 3796 3776 3775
f 3796 3775 3795
f 3797 3777 3776
f 3797 3776 3796
f 3798 3778 3777
f 3798 3777 3797
f 3799 3779 3778
f 3799 3778 3798
f 3800 3780 3779
f 3800 3342 3780
f 3800 3779 3799
f 3811 3791 3300
f 3801 3791 3811
f 3801 3792 3791
f 3802 3793 3792
f 3802 3792 3801
f 3803 3794 3793
f 3803 3793 3802
f 3804 3794 3803
f 3804 3795 3794
f 3805 3795 3804
f 3805 3796 3795
f 3806 3797 3796
f 3806 3796 3805
f 3807 3797 3806
f 3807 3798 3797
f 3808 3799 3798
f 3808 3798 3807
f 3809 3800 3799
f 3809 3343 3342
f 3809 3799 3808
f 3809 3342 3800
f 3810 3300 3292
f 3810 3811 3300
f 3812 3801 3811
f 3812 3802 3801
f 3813 3803 3802
f 3813 3802 3812
f 3814 3803 3813
f 3814 3804 3803
f 3815 3805 3804
f 3815 3804 3814
f 3816 3806 3805
f 3816 3805 3815
f 3817 3807 3806
f 3817 3806 3816
f 3818 3808 3807
f 3818 3807 3817
f 3819 3343 3809
f 3819 3344 3343
f 3819 3345 3344
f 3819 3809 3808
f 3819 3808 3818
f 3820 3810 3292
f 3821 3810 3820
f 3821 3812 3811
f 3821 3811 3810
f 3831 3812 3821
f 3822 3812 3831
f 3822 3813 3812
f 3823 3814 3813
f 3823 3815 3814
f 3823 3813 3822
f 3824 3816 3815
f 3824 3815 3823
f 3825 3816 3824
f 3826 3818 3817
f 3826 3817 3816
f 3826 3816 3825
f 3827 3818 3826
f 3828 3345 3819
f 3828 3819 3818
f 3828 3818 3827
f 3829 3292 3296
f 3829 3820 3292
f 3830 3821 3820
f 3830 3831 3821
f 3830 3820 3829
f 3832 3822 3831
f 3833 3822 3832
f 3833 3823 3822
f 3834 3823 3833
f 3834 3824 3823
f 3835 3824 3834
f 3835 3825 3824
f 3836 3825 3835
f 3836 3826 3825
f 3837 3826 3836
f 3837 3827 3826
f 3838 3828 3827
f 3838 3827 3837
f 3838 3346 3345
f 3838 3347 3346
f 3838 3345 3828
f 3839 3829 3296
f 3840 3829 3839
f 3840 3830 3829
f 3841 3832 3831
f 3841 3830 3840
f 3841 3831 3830
f 3842 3832 3841
f 3842 3833 3832
f 3843 3833 3842
f 3844 3833 3843
f 3844 3834 3833
f 3845 3834 3844
f 3845 3835 3834
f 3846 3836 3835
f 3846 3835 3845
f 3847 3837 3836
f 3847 3836 3846
f 3848 3838 3837
f 3848 3347 3838
f 3848 3348 3347
f 3848 3837 3847
f 3839 3296 3294
f 3849 3840 3839
f 3850 3841 3840
f 3850 3840 3849
f 3851 3842 3841
f 3851 3843 3842
f 3851 3841 3850
f 3852 3843 3851
f 3853 3844 3843
f 3853 3843 3852
f 3854 3845 3844
f 3854 3844 3853
f 3854 3846 3845
f 3855 3846 3854
f 3856 3847 3846
f 3856 3846 3855
f 3857 3847 3856
f 3857 3348 3848
f 3857 3848 3847
f 3858 3849 3839
f 3859 3851 3850
f 3859 3850 3849
f 3859 3849 3858
f 3860 3851 3859
f 3861 3852 3851
f 3861 3851 3860
f 3861 3853 3852
f 3862 3853 3861
f 3863 3854 3853
f 3863 3855 3854
f 3863 3853 3862
f 3864 3855 3863
f 3865 3855 3864
f 3865 3856 3855
f 3866 3856 3865
f 3866 3349 3348
f 3866 3348 3857
f 3866 3857 3856
f 3867 3294 3297
f 3867 3839 3294
f 3867 3858 3839
f 3868 3858 3867
f 3869 3858 3868
f 3869 3859 3858
f 3870 3860 3859
f 3870 3859 3869
f 3871 3861 3860
f 3871 3860 3870
f 3872 3862 3861
f 3872 3861 3871
f 3873 3863 3862
f 3873 3862 3872
f 3874 3864 3863
f 3874 3863 3873
f 3875 3865 3864
f 3875 3864 3874
f 3876 3866 3865
f 3876 3349 3866
f 3876 3865 3875
f 3876 3350 3349
f 3877 3867 3297
f 3878 3868 3867
f 3878 3877 3790
f 3878 3790 3789
f 3878 3867 3877
f 3879 3868 3878
f 3879 3869 3868
f 3879 3789 3788
f 3879 3878 3789
f 3880 3869 3879
f 3880 3879 3788
f 3880 3788 3787
f 3880 3870 3869
f 3881 3787 3786
f 3881 3871 3870
f 3881 3880 3787
f 3881 3870 3880
f 3882 3871 3881
f 3882 3785 3784
f 3882 3786 3785
f 3882 3872 3871
f 3882 3881 3786
f 3883 3872 3882
f 3883 3873 3872
f 3883 3882 3784
f 3884 3784 3783
f 3884 3874 3873
f 3884 3883 3784
f 3884 3873 3883
f 3885 3783 3782
f 3885 3875 3874
f 3885 3874 3884
f 3885 3876 3875
f 3885 3884 3783
f 3886 3781 3351
f 3886 3782 3781
f 3886 2475 3350
f 3886 3351 2475
f 3886 3350 3876
f 3886 3885 3782
f 3886 3876 3885
f 3887 3351 3781
f 3887 3352 3351
f 3888 3781 3782
f 3888 3782 3783
f 3888 3887 3781
f 3889 3888 3783
f 3890 3783 3784
f 3890 3784 3785
f 3890 3889 3783
f 3891 3890 3785
f 3892 3785 3786
f 3892 3891 3785
f 3893 3786 3787
f 3893 3787 3788
f 3893 3892 3786
f 3894 3788 3789
f 3894 3893 3788
f 3895 3894 3789
f 3896 3789 3790
f 3896 3895 3789
f 3312 3790 3877
f 3312 3896 3790
f 3780 3341 3340
f 3780 3906 3905
f 3780 3340 3906
f 3779 3780 3905
f 3778 3905 3904
f 3778 3779 3905
f 3777 3903 3902
f 3777 3904 3903
f 3777 3778 3904
f 3776 3777 3902
f 3775 3902 3901
f 3775 3776 3902
f 3774 3900 3899
f 3774 3901 3900
f 3774 3775 3901
f 3773 3899 3898
f 3773 3774 3899
f 3772 3773 3898
f 3771 3898 3897
f 3771 3772 3898
f 3293 3897 3283
f 3293 3771 3897
f 3917 3896 3312
f 3917 3312 3093
f 3918 3895 3896
f 3918 3896 3917
f 3919 3894 3895
f 3919 3895 3918
f 3920 3893 3894
f 3920 3894 3919
f 3921 3892 3893
f 3921 3893 3920
f 3922 3891 3892
f 3922 3892 3921
f 3923 3890 3891
f 3923 3891 3922
f 3924 3889 3890
f 3924 3890 3923
f 3925 3888 3889
f 3925 3889 3924
f 3926 3352 3887
f 3926 3887 3888
f 3926 3888 3925
f 3926 3353 3352
f 3937 3917 3093
f 3927 3918 3917
f 3927 3917 3937
f 3928 3919 3918
f 3928 3918 3927
f 3929 3920 3919
f 3929 3919 3928
f 3930 3921 3920
f 3930 3920 3929
f 3931 3922 3921
f 3931 3921 3930
f 3932 3923 3922
f 3932 3922 3931
f 3933 3923 3932
f 3933 3924 3923
f 3934 3924 3933
f 3934 3925 3924
f 3935 3354 3353
f 3935 3925 3934
f 3935 3926 3925
f 3935 3353 3926
f 3936 3093 3317
f 3936 3937 3093
f 3938 3927 3937
f 3938 3928 3927
f 3939 3928 3938
f 3939 3929 3928
f 3940 3930 3929
f 3940 3929 3939
f 3941 3932 3931
f 3941 3930 3940
f 3941 3931 3930
f 3942 3932 3941
f 3943 3932 3942
f 3943 3933 3932
f 3944 3933 3943
f 3944 3934 3933
f 3945 3355 3354
f 3945 3354 3935
f 3945 3935 3934
f 3945 3934 3944
f 3946 3936 3317
f 3947 3938 3937
f 3947 3937 3936
f 3947 3936 3946
f 3948 3938 3947
f 3949 3939 3938
f 3949 3938 3948
f 3950 3939 3949
f 3950 3940 3939
f 3951 3941 3940
f 3951 3940 3950
f 3952 3942 3941
f 3952 3941 3951
f 3953 3943 3942
f 3953 3942 3952
f 3954 3943 3953
f 3954 3944 3943
f 3954 3945 3944
f 3955 3945 3954
f 3955 3356 3355
f 3955 3357 3356
f 3955 3355 3945
f 3956 3317 3314
f 3956 3946 3317
f 3957 3946 3956
f 3957 3947 3946
f 3957 3948 3947
f 3958 3948 3957
f 3959 3948 3958
f 3959 3949 3948
f 3960 3949 3959
f 3960 3950 3949
f 3961 3950 3960
f 3961 3951 3950
f 3962 3951 3961
f 3962 3952 3951
f 3962 3953 3952
f 3963 3953 3962
f 3964 3953 3963
f 3964 3954 3953
f 3965 3357 3955
f 3965 3954 3964
f 3965 3358 3357
f 3965 3955 3954
f 3966 3956 3314
f 3967 3957 3956
f 3967 3956 3966
f 3968 3957 3967
f 3968 3958 3957
f 3969 3958 3968
f 3969 3959 3958
f 3970 3960 3959
f 3970 3959 3969
f 3971 3961 3960
f 3971 3960 3970
f 3972 3962 3961
f 3972 3961 3971
f 3973 3962 3972
f 3973 3963 3962
f 3974 3964 3963
f 3974 3963 3973
f 3974 3965 3964
f 3975 3358 3965
f 3975 3359 3358
f 3975 3965 3974
f 3966 3314 3311
f 3976 3967 3966
f 3977 3968 3967
f 3977 3967 3976
f 3978 3969 3968
f 3978 3970 3969
f 3978 3968 3977
f 3979 3970 3978
f 3980 3971 3970
f 3980 3970 3979
f 3981 3972 3971
f 3981 3971 3980
f 3982 3973 3972
f 3982 3972 3981
f 3983 3974 3973
f 3983 3973 3982
f 3984 3359 3975
f 3984 3975 3974
f 3984 3974 3983
f 3985 3976 3966
f 3986 3976 3985
f 3986 3977 3976
f 3987 3977 3986
f 3987 3978 3977
f 3988 3978 3987
f 3988 3979 3978
f 3989 3979 3988
f 3989 3980 3979
f 3990 3980 3989
f 3990 3981 3980
f 3991 3981 3990
f 3991 3982 3981
f 3992 3982 3991
f 3992 3983 3982
f 3993 3983 3992
f 3993 3360 3359
f 3993 3361 3360
f 3993 3359 3984
f 3993 3984 3983
f 3994 3311 3313
f 3994 3966 3311
f 3994 3985 3966
f 3995 3985 3994
f 3995 3986 3985
f 3996 3986 3995
f 3996 3987 3986
f 3997 3988 3987
f 3997 3987 3996
f 3998 3989 3988
f 3998 3988 3997
f 3999 3990 3989
f 3999 3989 3998
f 4000 3991 3990
f 4000 3990 3999
f 4001 3992 3991
f 4001 3991 4000
f 4002 3992 4001
f 4002 3361 3993
f 4002 3993 3992
f 4002 3362 3361
f 4003 3994 3313
f 4003 3313 3916
f 4003 3916 3915
f 3994 4003 3915
f 4004 3994 3915
f 4004 3995 3994
f 4004 3915 3914
f 4005 4004 3914
f 4005 3914 3913
f 4005 3996 3995
f 4005 3995 4004
f 4006 3913 3912
f 4006 3997 3996
f 4006 3996 4005
f 4006 4005 3913
f 4007 4006 3912
f 4007 3911 3910
f 4007 3912 3911
f 4007 3998 3997
f 4007 3997 4006
f 4007 3999 3998
f 4008 3910 3909
f 4008 4007 3910
f 4008 3999 4007
f 4009 3909 3908
f 4009 4000 3999
f 4009 4008 3909
f 4009 3999 4008
f 4010 4001 4000
f 4010 4000 4009
f 4010 4009 3908
f 4011 3907 3322
f 4011 3908 3907
f 4011 3322 3362
f 4011 4002 4001
f 4011 3362 4002
f 4011 4010 3908
f 4011 4001 4010
f 4022 4012 3285
f 4022 3285 3290
f 4023 4012 4022
f 4023 4013 4012
f 4024 4014 4013
f 4024 4013 4023
f 4025 4015 4014
f 4025 4014 4024
f 4026 4016 4015
f 4026 4015 4025
f 4027 4017 4016
f 4027 4016 4026
f 4028 4018 4017
f 4028 4017 4027
f 4029 4018 4028
f 4029 4019 4018
f 4030 4020 4019
f 4030 4019 4029
f 4031 2489 3334
f 4031 4021 4020
f 4031 3334 4021
f 4031 4020 4030
f 4032 4022 3290
f 4033 4022 4032
f 4033 4023 4022
f 4034 4024 4023
f 4034 4023 4033
f 4035 4025 4024
f 4035 4024 4034
f 4036 4025 4035
f 4036 4026 4025
f 4037 4027 4026
f 4037 4026 4036
f 4038 4028 4027
f 4038 4027 4037
f 4039 4028 4038
f 4039 4029 4028
f 4040 4029 4039
f 4040 4030 4029
f 4041 2489 4031
f 4041 2504 2489
f 4041 4030 4040
f 4041 4031 4030
f 4032 3290 3284
f 4042 4033 4032
f 4043 4033 4042
f 4043 4034 4033
f 4044 4035 4034
f 4044 4034 4043
f 4045 4036 4035
f 4045 4035 4044
f 4046 4036 4045
f 4046 4037 4036
f 4047 4038 4037
f 4047 4037 4046
f 4048 4038 4047
f 4048 4039 4038
f 4049 4040 4039
f 4049 4041 4040
f 4049 4039 4048
f 2504 4041 4049
f 4050 4042 4032
f 4050 4032 3284
f 4051 4042 4050
f 4052 4043 4042
f 4052 4042 4051
f 4053 4044 4043
f 4053 4043 4052
f 4054 4045 4044
f 4054 4044 4053
f 4055 4045 4054
f 4055 4046 4045
f 4056 4047 4046
f 4056 4046 4055
f 4057 4048 4047
f 4057 4047 4056
f 4058 4049 4048
f 4058 4048 4057
f 2504 4049 4058
f 4059 3284 3286
f 4059 4050 3284
f 4060 4050 4059
f 4060 4051 4050
f 4061 4052 4051
f 4061 4051 4060
f 4062 4053 4052
f 4062 4052 4061
f 4063 4053 4062
f 4063 4054 4053
f 4064 4054 4063
f 4064 4055 4054
f 4064 4056 4055
f 4065 4056 4064
f 4066 4056 4065
f 4066 4057 4056
f 4067 4058 4057
f 4067 4057 4066
f 3335 2504 4058
f 3335 4058 4067
f 4068 4060 4059
f 4068 4059 3286
f 4069 4060 4068
f 4070 4061 4060
f 4070 4060 4069
f 4071 4061 4070
f 4071 4062 4061
f 4072 4063 4062
f 4072 4062 4071
f 4073 4064 4063
f 4073 4063 4072
f 4074 4064 4073
f 4074 4065 4064
f 4075 4066 4065
f 4075 4067 4066
f 4075 4065 4074
f 4076 4067 4075
f 4077 3336 3335
f 4077 3335 4067
f 4077 4067 4076
f 4078 4068 3286
f 4079 4069 4068
f 4079 4068 4078
f 4080 4070 4069
f 4080 4071 4070
f 4080 4069 4079
f 4081 4071 4080
f 4082 4072 4071
f 4082 4071 4081
f 4083 4072 4082
f 4083 4074 4073
f 4083 4073 4072
f 4084 4074 4083
f 4085 4075 4074
f 4085 4074 4084
f 4086 4076 4075
f 4086 4077 4076
f 4086 4075 4085
f 3336 4077 4086
f 4078 3286 3283
f 4087 4079 4078
f 4088 4079 4087
f 4088 4080 4079
f 4089 4081 4080
f 4089 4080 4088
f 4090 4082 4081
f 4090 4081 4089
f 4091 4082 4090
f 4091 4083 4082
f 4092 4083 4091
f 4092 4084 4083
f 4093 4084 4092
f 4093 4085 4084
f 4094 4085 4093
f 4094 4086 4085
f 4095 4086 4094
f 4095 3338 3337
f 4095 3339 3338
f 4095 3337 3336
f 4095 3336 4086
f 4096 4078 3283
f 4096 4087 4078
f 4097 4087 4096
f 4098 4087 4097
f 4098 4088 4087
f 4099 4089 4088
f 4099 4088 4098
f 4100 4090 4089
f 4100 4089 4099
f 4101 4091 4090
f 4101 4090 4100
f 4102 4092 4091
f 4102 4091 4101
f 4103 4093 4092
f 4103 4094 4093
f 4103 4092 4102
f 4104 4094 4103
f 4105 3339 4095
f 4105 4095 4094
f 4105 4094 4104
f 4096 3283 3897
f 4106 3897 3898
f 4106 4097 4096
f 4106 4096 3897
f 4107 3898 3899
f 4107 4106 3898
f 4107 4097 4106
f 4107 4098 4097
f 4108 3899 3900
f 4108 4107 3899
f 4108 4099 4098
f 4108 4098 4107
f 4109 4100 4099
f 4109 4108 3900
f 4109 3900 3901
f 4109 4099 4108
f 4110 3901 3902
f 4110 4101 4100
f 4110 4109 3901
f 4110 4100 4109
f 4111 3902 3903
f 4111 4102 4101
f 4111 4110 3902
f 4111 4101 4110
f 4112 3903 3904
f 4112 4103 4102
f 4112 4102 4111
f 4112 4111 3903
f 4113 3904 3905
f 4113 4103 4112
f 4113 4104 4103
f 4113 4112 3904
f 4114 3905 3906
f 4114 3906 3340
f 4114 2487 3339
f 4114 3340 2487
f 4114 4113 3905
f 4114 3339 4105
f 4114 4105 4104
f 4114 4104 4113
f 3323 3322 3907
f 4115 3907 3908
f 4115 3323 3907
f 4116 3908 3909
f 4116 4115 3908
f 4117 4116 3909
f 4118 3909 3910
f 4118 4117 3909
f 4119 3910 3911
f 4119 4118 3910
f 4120 3911 3912
f 4120 3912 3913
f 4120 4119 3911
f 4121 4120 3913
f 4122 3913 3914
f 4122 4121 3913
f 4123 3914 3915
f 4123 4122 3914
f 4124 3915 3916
f 4124 4123 3915
f 3303 3916 3313
f 3303 4124 3916
f 4021 3334 3333
f 4021 4134 4133
f 4021 3333 4134
f 4020 4021 4133
f 4019 4133 4132
f 4019 4020 4133
f 4018 4131 4130
f 4018 4132 4131
f 4018 4019 4132
f 4017 4130 4129
f 4017 4018 4130
f 4016 4129 4128
f 4016 4017 4129
f 4015 4016 4128
f 4014 4128 4127
f 4014 4015 4128
f 4013 4126 4125
f 4013 4127 4126
f 4013 4014 4127
f 4012 4013 4125
f 3285 4125 4217
f 3285 4012 4125
f 4135 4124 3303
f 4135 3303 3308
f 4136 4123 4124
f 4136 4124 4135
f 4137 4122 4123
f 4137 4123 4136
f 4138 4121 4122
f 4138 4122 4137
f 4139 4120 4121
f 4139 4121 4138
f 4140 4119 4120
f 4140 4120 4139
f 4141 4118 4119
f 4141 4119 4140
f 4142 4117 4118
f 4142 4118 4141
f 4143 4116 4117
f 4143 4117 4142
f 4144 3323 4115
f 4144 4115 4116
f 4144 4116 4143
f 4144 3324 3323
f 4155 4135 3308
f 4145 4136 4135
f 4145 4135 4155
f 4146 4137 4136
f 4146 4136 4145
f 4147 4138 4137
f 4147 4137 4146
f 4148 4139 4138
f 4148 4138 4147
f 4149 4140 4139
f 4149 4139 4148
f 4150 4141 4140
f 4150 4140 4149
f 4151 4141 4150
f 4151 4142 4141
f 4152 4142 4151
f 4152 4143 4142
f 4153 3325 3324
f 4153 4143 4152
f 4153 4144 4143
f 4153 3324 4144
f 4154 3308 3302
f 4154 4155 3308
f 4156 4145 4155
f 4156 4146 4145
f 4157 4146 4156
f 4157 4147 4146
f 4158 4148 4147
f 4158 4147 4157
f 4159 4148 4158
f 4159 4149 4148
f 4160 4150 4149
f 4160 4149 4159
f 4161 4150 4160
f 4161 4151 4150
f 4162 4151 4161
f 4162 4152 4151
f 4163 3325 4153
f 4163 4153 4152
f 4163 4152 4162
f 4164 4154 3302
f 4165 4155 4154
f 4165 4156 4155
f 4166 4157 4156
f 4166 4156 4165
f 4167 4158 4157
f 4167 4159 4158
f 4167 4157 4166
f 4168 4159 4167
f 4169 4159 4168
f 4169 4160 4159
f 4169 4161 4160
f 4170 4161 4169
f 4171 4162 4161
f 4171 4161 4170
f 4172 3326 3325
f 4172 3325 4163
f 4172 4163 4162
f 4172 4162 4171
f 4173 3302 3307
f 4173 4164 3302
f 4174 4165 4154
f 4174 4154 4164
f 4174 4164 4173
f 4175 4165 4174
f 4175 4166 4165
f 4176 4166 4175
f 4177 4166 4176
f 4177 4167 4166
f 4178 4167 4177
f 4178 4169 4168
f 4178 4168 4167
f 4179 4169 4178
f 4180 4169 4179
f 4180 4170 4169
f 4181 4171 4170
f 4181 4172 4171
f 4181 4170 4180
f 3326 4172 4181
f 4182 4173 3307
f 4183 4173 4182
f 4183 4174 4173
f 4184 4175 4174
f 4184 4174 4183
f 4185 4176 4175
f 4185 4175 4184
f 4186 4176 4185
f 4186 4177 4176
f 4187 4178 4177
f 4187 4177 4186
f 4188 4179 4178
f 4188 4178 4187
f 4189 4180 4179
f 4189 4179 4188
f 4190 4181 4180
f 4190 4180 4189
f 3327 4181 4190
f 3327 3326 4181
f 4198 4182 3307
f 4198 3307 3305
f 4191 4184 4183
f 4191 4185 4184
f 4191 4183 4182
f 4201 4185 4191
f 4192 4186 4185
f 4192 4185 4201
f 4193 4187 4186
f 4193 4188 4187
f 4193 4186 4192
f 4194 4188 4193
f 4194 4189 4188
f 4195 4189 4194
f 4196 4190 4189
f 4196 4189 4195
f 4197 3329 3328
f 4197 3327 4190
f 4197 3328 3327
f 4197 4190 4196
f 4199 4182 4198
f 4199 4191 4182
f 4200 4191 4199
f 4201 4191 4200
f 4202 4192 4201
f 4203 4192 4202
f 4203 4193 4192
f 4203 4194 4193
f 4204 4194 4203
f 4205 4194 4204
f 4205 4195 4194
f 4206 4195 4205
f 4206 4196 4195
f 4206 4197 4196
f 4207 4197 4206
f 4207 3330 3329
f 4207 3331 3330
f 4207 3329 4197
f 4198 3305 3304
f 4208 4199 4198
f 4209 4199 4208
f 4209 4200 4199
f 4210 4201 4200
f 4210 4202 4201
f 4210 4200 4209
f 4211 4202 4210
f 4212 4203 4202
f 4212 4204 4203
f 4212 4202 4211
f 4213 4204 4212
f 4214 4205 4204
f 4214 4204 4213
f 4215 4206 4205
f 4215 4207 4206
f 4215 4205 4214
f 4216 4207 4215
f 4216 3331 4207
f 4217 4198 3304
f 4217 4125 4126
f 4217 4208 4198
f 4126 4208 4217
f 4208 4126 4127
f 4218 4127 4128
f 4218 4210 4209
f 4218 4208 4127
f 4218 4209 4208
f 4219 4128 4129
f 4219 4211 4210
f 4219 4210 4218
f 4219 4218 4128
f 4220 4129 4130
f 4220 4130 4131
f 4220 4212 4211
f 4220 4211 4219
f 4220 4219 4129
f 4221 4220 4131
f 4221 4213 4212
f 4221 4212 4220
f 4222 4213 4221
f 4222 4131 4132
f 4222 4214 4213
f 4222 4221 4131
f 4223 4132 4133
f 4223 4133 4134
f 4223 4215 4214
f 4223 4216 4215
f 4223 4222 4132
f 4223 4214 4222
f 4224 4223 4134
f 4224 4134 3333
f 4224 3332 3331
f 4224 3333 3332
f 4224 3331 4216
f 4224 4216 4223
f 4225 3495 3205
f 4225 3496 3495
f 4226 3208 4228
f 4226 3496 4225
f 4226 4225 3208
f 4227 3497 4226
f 4227 4226 4228
f 4228 2253 3497
f 4228 3497 4227
f 4229 3207 4230
f 4229 3494 3207
f 4229 3498 3494
f 4230 3498 4229
f 4231 4230 4232
f 4232 3499 4231
f 3499 3206 3205
f 3499 4232 3206
f 3094 3098 3097
f 2965 3111 3092
f 2931 2918 2965
f 2931 2965 3092
f 4281 4283 4282
f 4285 4284 4283
f 1775 4283 4281
f 1775 4285 4283
f 1775 4281 4280
f 1775 4280 4287
f 1760 4278 4277
f 1760 4277 4276
f 1760 2996 4279
f 1760 4279 4278
f 1760 4275 2996
f 1761 1775 4287
f 1774 4275 1760
f 1774 2998 4275
f 1762 1761 4287
f 1762 4287 4286
f 1763 1762 4286
f 1764 1763 4286
f 1411 1410 4274
f 1411 4274 2998
f 1411 2998 1774
f 1412 1774 1798
f 1412 1411 1774
f 1765 1764 4286
f 1412 1798 1773
f 1388 4274 1410
f 1413 1412 1773
f 1776 1765 4286
f 1389 4274 1388
f 1414 1773 1800
f 1414 1413 1773
f 1414 1800 1772
f 1404 1414 1772
f 1404 1772 1771
f 1415 1404 1771
f 1415 1771 1770
f 1401 1415 1770
f 4344 1769 1768
f 4345 1769 4344
f 4345 1770 1769
f 4344 1768 1767
f 4345 1401 1770
f 4343 4344 1767
f 4343 1767 1766
f 4346 1400 1401
f 4346 1401 4345
f 4342 4343 1766
f 4347 1418 1417
f 4347 1417 1400
f 4347 1400 4346
f 4341 4286 4288
f 4341 1776 4286
f 4341 1766 1776
f 4341 4342 1766
f 4289 4291 4290
f 4289 4288 4291
f 4289 4341 4288
f 4295 4341 4289
f 2981 4341 4295
f 4300 4299 4298
f 4292 4300 4298
f 4292 4298 4297
f 4296 4292 4297
f 1348 1391 1392
f 1347 1348 1392
f 1347 1392 1393
f 1355 1391 1348
f 1346 1393 1394
f 1346 1394 1395
f 1346 1347 1393
f 1349 1390 1391
f 1349 1391 1355
f 1357 1346 1395
f 1350 1390 1349
f 1350 1389 1390
f 1350 4274 1389
f 1345 1395 1396
f 1345 1396 1397
f 1345 1357 1395
f 1358 1345 1397
f 1344 1397 1398
f 1344 1358 1397
f 1343 1398 1419
f 1343 1419 1399
f 1343 1344 1398
f 1342 1343 1399
f 4273 1350 1354
f 4273 4274 1350
f 4273 1354 1335
f 1341 1399 1418
f 1341 1342 1399
f 1341 1418 4347
f 1336 4273 1335
f 1336 3064 4273
f 1365 3064 1336
f 1758 4301 1759
f 1811 1758 1813
f 1811 4301 1758
f 1778 3064 1365
f 4272 4271 4270
f 1830 1778 1365
f 1829 4268 3064
f 1829 3064 1778
f 1757 4314 4301
f 1829 4272 4270
f 1829 4269 4268
f 1829 4270 4269
f 1757 4301 1811
f 1757 1811 1809
f 1831 1830 1365
f 1831 1365 1364
f 1779 1831 1364
f 1779 1364 1363
f 4313 4301 4314
f 1832 1779 1363
f 4340 4341 2981
f 4340 4293 4292
f 4340 4294 4293
f 4340 2981 4294
f 4340 4292 4296
f 4340 4296 4301
f 1780 1832 1363
f 1780 1363 1362
f 4313 4340 4301
f 4312 4340 4313
f 4312 4338 4339
f 4312 4339 4340
f 1833 1362 1361
f 1833 1780 1362
f 4311 4337 4338
f 4311 4338 4312
f 1781 1833 1361
f 4310 4337 4311
f 1834 1361 1337
f 1834 1781 1361
f 4309 4337 4310
f 1791 1834 1337
f 4308 4337 4309
f 1782 1337 1338
f 1782 1791 1337
f 3083 4337 4308
f 4321 1339 1360
f 4321 1341 4347
f 4321 1360 1340
f 4321 1340 1341
f 4322 1338 1339
f 4322 1339 4321
f 4323 1338 4322
f 4323 1783 1782
f 4323 1782 1338
f 4324 1784 1783
f 4324 1783 4323
f 4324 1785 1784
f 4325 1785 4324
f 4325 1786 1785
f 4326 1787 1786
f 4326 1786 4325
f 4327 1787 4326
f 4328 1788 1787
f 4328 1787 4327
f 1451 4306 4305
f 1448 4307 4306
f 1448 4306 1451
f 1453 1451 4305
f 1448 3083 4307
f 4264 4263 1777
f 1447 3083 1448
f 1447 4336 4337
f 1447 4337 3083
f 1454 1453 4305
f 1454 4305 4304
f 1446 4335 4336
f 1446 4336 1447
f 4315 4302 4316
f 1469 4335 1446
f 1455 1454 4304
f 4266 4264 1777
f 4266 4265 4264
f 4267 4266 1777
f 4317 4302 4315
f 1468 4335 1469
f 1456 1455 4304
f 1456 4304 4303
f 4267 1777 1790
f 4317 4303 4302
f 1466 4335 1468
f 4267 1790 1789
f 4317 1456 4303
f 2920 1456 4317
f 2920 1457 1456
f 4262 1788 4328
f 4262 1789 1788
f 4262 4267 1789
f 1459 1457 2920
f 4319 4335 1466
f 4319 1466 1465
f 2921 4318 4319
f 2921 1465 1464
f 2921 1464 1463
f 2921 1463 1462
f 2921 4319 1465
f 4259 4258 4328
f 4260 4262 4328
f 4260 4328 4258
f 4257 4260 4258
f 4261 4260 4257
f 4329 4259 4328
f 4329 4254 4259
f 3021 4255 4254
f 3021 4256 4255
f 4253 4254 4329
f 4253 3021 4254
f 2924 4318 2921
f 2924 4320 4318
f 4369 2924 2921
f 1491 4334 4320
f 1497 1491 4320
f 1498 4320 2924
f 1498 1497 4320
f 1489 4333 4334
f 1489 4334 1491
f 1490 4332 4333
f 1490 4333 1489
f 1499 1498 2924
f 1500 1499 2924
f 4244 1490 1507
f 4244 4332 1490
f 4243 4332 4244
f 4245 4244 1507
f 4242 4332 4243
f 4242 4331 4332
f 4246 1507 1506
f 4246 4245 1507
f 4241 4331 4242
f 4240 4331 4241
f 4240 4330 4331
f 4247 4246 1506
f 4247 1506 1505
f 4239 4330 4240
f 4239 4329 4330
f 4238 4329 4239
f 4248 1505 1504
f 4248 4247 1505
f 4249 1504 1503
f 4249 4248 1504
f 4250 4249 1503
f 4251 4329 4238
f 4251 4253 4329
f 2925 1502 1501
f 4252 4238 1796
f 4252 4251 4238
f 4233 1502 2925
f 4233 1503 1502
f 4233 4250 1503
f 4233 4234 4250
f 1795 1796 1819
f 1792 1795 1794
f 1792 1796 1795
f 1792 4252 1796
f 4237 4236 4235
f 1793 1792 1794
f 1793 1794 1823
f 4237 4235 4234
f 4237 4234 4233
f 2924 2925 1501
f 2924 1501 1500
f 2920 2921 1459
f 1459 2921 1460
f 1460 2921 1462
f 4334 4335 4319
f 4334 4319 4320
f 3162 3001 3064
f 3161 3001 3162
f 3163 1828 1829
f 3163 3060 1828
f 3164 3060 3163
f 3165 3060 3164
f 3166 3061 3060
f 3166 3060 3165
f 3166 3062 3061
f 3166 3063 3062
f 3167 3063 3166
f 3168 3063 3167
f 3162 3064 3063
f 3162 3063 3168
f 3172 3057 3173
f 3172 3058 3057
f 3172 3059 3058
f 3006 3059 3172
f 3171 3005 3006
f 3170 3005 3171
f 3169 3004 3170
f 3169 1840 3004
f 3173 4267 3174
f 3173 3057 4267
f 3056 3175 3174
f 3056 3176 3175
f 3178 3179 3177
f 3180 3055 3179
f 3181 3055 3180
f 3182 3011 3055
f 3182 3055 3181
f 3176 3056 3011
f 3176 3011 3182
f 3187 3177 3012
f 3187 3012 3054
f 3187 3054 3013
f 3187 3013 3053
f 3187 3053 3052
f 3186 3052 3051
f 3186 3051 3050
f 3185 3186 3050
f 3184 3185 3050
f 3049 3184 3050
f 3183 3049 3017
f 1614 3183 3017
f 1614 3017 3018
f 1614 3018 3019
f 3192 3046 3193
f 3191 3047 3046
f 3191 3046 3192
f 3190 3047 3191
f 3189 3047 3190
f 3188 3020 3047
f 3188 3047 3189
f 3188 3048 3020
f 1614 3048 3188
f 1614 3019 3048
f 3045 3193 3046
f 3045 3194 3193
f 3194 4251 1827
f 3194 3045 4251
f 3201 1818 3024
f 3201 3024 3044
f 3200 3044 3025
f 3200 3201 3044
f 3200 3025 3043
f 3199 3200 3043
f 3199 3043 4241
f 3199 4241 4243
f 3198 4243 4244
f 3198 3199 4243
f 3198 4244 3042
f 3198 3042 3041
f 3197 3198 3041
f 3197 3041 3026
f 3196 3197 3026
f 3195 3196 3026
f 3195 3026 4250
f 3195 4250 3027
f 3195 3027 3040
f 3204 3034 3033
f 3204 3035 3034
f 3204 3036 3035
f 3203 3037 3036
f 3203 3036 3204
f 3203 3038 3037
f 3203 3039 3038
f 3202 3039 3203
f 3202 3040 3039
f 3195 3040 3202
f 3204 3032 3031
f 3204 3030 3032
f 3204 3033 3030
f 3031 3097 3204
f 3031 3094 3097
f 2965 3112 3111
f 2965 3115 3112
f 3115 3090 3114
f 3116 3086 3119
f 3117 2968 3086
f 3117 3086 3116
f 3118 2968 3117
f 3118 2967 2968
f 3118 3087 2967
f 3113 3087 3118
f 3113 3088 3087
f 3113 3089 3088
f 3113 3114 3089
f 3119 3086 3085
f 3119 3085 4303
f 3119 4303 3084
f 3119 3084 2971
f 3120 3119 2971
f 3120 2971 2973
f 3121 2973 3083
f 3121 3120 2973
f 3121 3083 3122
f 3123 3122 3081
f 3123 3081 3080
f 3124 3123 3080
f 3124 3079 2974
f 3124 3080 3079
f 1807 3124 2974
f 3125 2975 3078
f 3078 3126 3125
f 3078 3077 3126
f 3127 3128 4299
f 3129 4297 2978
f 3129 2977 4297
f 3130 2977 3129
f 3131 2977 3130
f 3126 3077 2977
f 3126 2977 3131
f 3133 3132 3134
f 3135 2979 2980
f 3136 2980 2981
f 3137 2981 3076
f 3138 3076 2982
f 3138 3137 3076
f 3139 2982 3140
f 3139 3138 2982
f 3141 3140 3075
f 3141 3075 2983
f 3141 2983 3074
f 3141 3074 2984
f 3147 3072 3148
f 3147 3073 3072
f 3146 2986 3073
f 3146 3073 3147
f 3145 2986 3146
f 3145 3143 2985
f 3144 3143 3145
f 3142 2984 3143
f 3141 2984 3142
f 3072 3149 3148
f 3072 3071 3149
f 3149 3071 2989
f 3151 1775 1762
f 3151 2993 1775
f 3152 2993 3151
f 3153 4285 2993
f 3153 2993 3152
f 3153 4284 4285
f 3153 2992 4284
f 3153 3070 2992
f 3150 2991 3070
f 3150 2990 2991
f 3158 3066 2997
f 3157 3066 3158
f 3157 2996 3066
f 3157 3067 2996
f 3156 3067 3157
f 3156 3068 3067
f 3156 2995 3068
f 3155 2995 3156
f 3155 2994 2995
f 3154 3069 2994
f 3154 2994 3155
f 3159 2998 3065
f 3160 2998 3159
f 2997 2998 3160
f 3065 3161 3159
f 3065 3001 3161
f 4365 4363 4364
f 4361 4362 4363
f 4361 4363 4365
f 4349 4351 4352
f 4349 4350 4351
f 4348 4352 4362
f 4348 4362 4361
f 4348 4349 4352
f 4360 4358 4359
f 4357 4358 4360
f 4356 4361 4358
f 4356 4348 4361
f 4353 4356 4358
f 4353 4358 4357
f 4354 4356 4353
f 4354 4355 4356
f 4356 4322 4321
f 4356 4323 4322
f 4355 4324 4323
f 4355 4323 4356
f 4354 4324 4355
f 4354 4325 4324
f 4354 4326 4325
f 4354 4327 4326
f 4353 4328 4327
f 4353 4327 4354
f 4351 4341 4352
f 4351 4342 4341
f 4351 4343 4342
f 4351 4344 4343
f 4350 4344 4351
f 4349 4344 4350
f 4349 4345 4344
f 4349 4346 4345
f 4348 4347 4346
f 4348 4346 4349
f 4321 4347 4348
f 4356 4321 4348
f 4365 4335 4361
f 4365 4336 4335
f 4365 4337 4336
f 4364 4337 4365
f 4363 4337 4364
f 4363 4338 4337
f 4363 4339 4338
f 4362 4340 4339
f 4362 4339 4363
f 4352 4340 4362
f 4352 4341 4340
f 4360 4329 4357
f 4360 4330 4329
f 4360 4331 4330
f 4359 4332 4331
f 4359 4331 4360
f 4359 4333 4332
f 4358 4334 4333
f 4358 4333 4359
f 4361 4334 4358
f 4361 4335 4334
f 4357 4328 4353
f 4357 4329 4328
f 4368 4366 4367
f 4367 4318 4368
f 4367 4319 4318
f 4368 4320 4366
f 4368 4318 4320
f 4366 4319 4367
f 4366 4320 4319
f 2923 2924 4369
f 4369 2921 2922
f 4233 2925 3032
f 4233 3032 3030
f 4233 3030 3033
f 4233 3033 3035
f 4237 3035 3029
f 4237 4233 3035
f 4237 3029 3036
f 4236 4237 3036
f 4235 3036 3039
f 4235 4236 3036
f 4235 3039 3028
f 4234 3028 3040
f 4234 4235 3028
f 4234 3040 3027
f 4238 3024 1796
f 4238 3044 3024
f 4238 3025 3044
f 4238 3043 3025
f 4239 3043 4238
f 4240 4241 3043
f 4240 3043 4239
f 4242 4243 4241
f 4245 3042 4244
f 4246 3042 4245
f 4246 4247 3042
f 4247 3026 3041
f 4247 4248 3026
f 4249 3026 4248
f 4249 4250 3026
f 4234 3027 4250
f 4253 4251 3023
f 3022 4253 3023
f 3021 4253 3022
f 4256 3021 3046
f 4255 4256 3046
f 4255 3046 3047
f 4255 3047 3020
f 4255 3020 3048
f 4254 3048 3019
f 4254 4255 3048
f 4258 3012 4257
f 4258 3054 3012
f 4258 3013 3054
f 4258 3053 3013
f 4258 3051 3053
f 4259 3051 4258
f 4259 3050 3051
f 4259 3014 3050
f 4259 3015 3014
f 4254 3015 4259
f 4254 3016 3015
f 4254 3017 3016
f 4254 3018 3017
f 4254 3019 3018
f 4257 3012 3179
f 4261 3179 3055
f 4261 4257 3179
f 4261 3055 4260
f 4260 3055 3011
f 4260 3011 3010
f 4262 4260 3010
f 3009 4262 3010
f 4267 4262 3009
f 4267 3008 3057
f 4266 4267 3057
f 4266 3057 3007
f 4266 3007 3006
f 4265 4266 3006
f 4265 3006 4264
f 4263 3005 3004
f 4263 4264 3005
f 4263 3004 1777
f 4271 4272 3003
f 4271 3003 3061
f 4270 3061 3002
f 4270 4271 3061
f 4269 3002 3062
f 4269 4270 3002
f 4269 3062 3063
f 4268 4269 3063
f 4268 3063 3064
f 4273 3001 3000
f 4273 3064 3001
f 2999 4273 3000
f 2999 4274 4273
f 2998 4274 2999
f 4275 2998 2997
f 4275 2997 2996
f 4278 4279 2996
f 4277 3068 2995
f 4277 4278 3068
f 4276 2995 2994
f 4276 4277 2995
f 4276 2994 3069
f 1760 4276 3069
f 4285 1775 2993
f 4283 4284 2992
f 4283 2992 3070
f 4282 3070 2991
f 4282 4283 3070
f 4281 2991 2990
f 4281 4282 2991
f 4280 4281 2990
f 4287 4280 2990
f 4287 2990 2989
f 4286 2989 2988
f 4286 4287 2989
f 4288 4286 2988
f 2987 4288 2988
f 4291 4288 2987
f 4291 2987 3073
f 4291 3073 2986
f 4290 2986 2985
f 4290 4291 2986
f 4290 2985 3143
f 4290 3143 2984
f 4289 4290 2984
f 4292 3134 3132
f 4293 2979 3134
f 4293 3134 4292
f 4293 2980 2979
f 4294 2980 4293
f 4294 2981 2980
f 4295 2982 2981
f 4295 3075 2982
f 4295 2983 3075
f 4289 2983 4295
f 4289 3074 2983
f 4289 2984 3074
f 4300 4292 3132
f 4300 3132 4299
f 4298 3128 2978
f 4298 4299 3128
f 4298 2978 4297
f 4296 4297 2977
f 2976 4296 2977
f 2976 4301 4296
f 4301 2976 2975
f 4301 2975 1759
f 4303 2970 4302
f 4304 3084 4303
f 4305 3084 4304
f 4305 2971 3084
f 4305 2972 2971
f 4305 2973 2972
f 4306 2973 4305
f 4307 2973 4306
f 4308 3122 3083
f 4309 3122 4308
f 4310 3082 3122
f 4310 3122 4309
f 4311 3082 4310
f 4312 3081 3082
f 4312 3082 4311
f 4313 3081 4312
f 4313 3080 3081
f 4314 3079 3080
f 4314 3080 4313
f 4314 2974 3079
f 1757 2974 4314
f 4302 2970 3086
f 4302 3086 2969
f 4302 2969 2968
f 4316 4302 2968
f 4316 2968 2967
f 4315 2967 2966
f 4315 4316 2967
f 4315 2966 3088
f 4315 3088 3089
f 4317 3089 3114
f 4317 4315 3089
f 4317 3114 3090
f 4317 3090 3115
f 2920 3115 2919
f 2920 4317 3115
f 2927 2964 3096
f 2923 4369 2922
f 3091 2931 3092
f 3091 2963 2931
f 3091 2932 2963
f 3091 2933 2932
f 3091 2934 2933
f 3091 2935 2934
f 3096 4449 2935
f 3096 2935 3091
f 3096 2964 4449
f 2930 3094 2938
f 2930 3095 3094
f 2929 3095 2930
f 2937 3096 3095
f 2937 3095 2929
f 2928 3096 2937
f 2927 3096 2928
f 2936 1716 4449
f 2964 2936 4449
f 2935 4370 2934
f 2935 4449 4370
f 2963 2933 4460
f 2963 4460 4463
f 2963 4463 4371
f 4371 2952 2963
f 4371 4372 2952
f 4375 2951 4374
f 2940 4375 4376
f 2940 4376 4373
f 2940 2951 4375
f 2938 4378 4377
f 2938 2939 4378
f 2938 4377 4549
f 2930 2938 4549
f 2930 4552 4546
f 2930 4549 4552
f 2929 2930 4546
f 2929 4546 2937
f 2928 4379 4567
f 2928 2937 4379
f 1714 2928 4567
f 1715 1716 2936
f 1714 1715 2936
f 2913 4380 2914
f 2915 2914 4380
f 2912 4380 2913
f 4381 2915 4380
f 4381 2916 2915
f 2910 4387 2912
f 4551 4387 2910
f 2911 4551 2910
f 2890 2916 4381
f 4382 2890 4381
f 4386 4584 4558
f 4383 2758 2890
f 4383 2733 2758
f 4383 2890 4382
f 1727 1717 4386
f 2734 2733 4383
f 1729 1728 2737
f 4445 1729 2737
f 4384 2734 4383
f 4450 4445 2737
f 4465 2735 2734
f 4465 2734 4384
f 4470 2737 2736
f 4470 4450 2737
f 4462 2735 4465
f 4461 2735 4462
f 4461 4385 2735
f 4385 4470 2736
f 4476 4385 4461
f 2941 2940 4373
f 2941 4373 4388
f 2942 4388 4389
f 2942 2941 4388
f 2943 4389 4390
f 2943 2942 4389
f 2944 4390 4391
f 2944 2943 4390
f 2945 4391 4392
f 2945 2944 4391
f 2946 4392 4393
f 2946 2945 4392
f 2947 4393 4394
f 2947 2946 4393
f 2948 4394 4528
f 2948 4528 4395
f 2948 2947 4394
f 2949 4395 4396
f 2949 2948 4395
f 2950 2949 4396
f 2939 4396 4378
f 2939 2950 4396
f 2953 2952 4372
f 2953 4372 4397
f 2954 4397 4398
f 2954 2953 4397
f 2955 4398 4399
f 2955 2954 4398
f 2956 4399 4400
f 2956 2955 4399
f 2957 4400 4401
f 2957 2956 4400
f 2958 4401 4402
f 2958 2957 4401
f 2959 4402 4403
f 2959 2958 4402
f 2960 4403 4404
f 2960 2959 4403
f 2961 4404 4405
f 2961 2960 4404
f 2962 4405 4406
f 2962 2961 4405
f 2951 4406 4374
f 2951 2962 4406
f 4384 4383 4415
f 4416 4415 4414
f 4416 4384 4415
f 4417 4414 4413
f 4417 4416 4414
f 4418 4413 4412
f 4418 4417 4413
f 4419 4412 4411
f 4419 4418 4412
f 4420 4411 4410
f 4420 4419 4411
f 4421 4410 4409
f 4421 4420 4410
f 4422 4409 4408
f 4422 4421 4409
f 4423 4408 4407
f 4423 4422 4408
f 4424 4407 4372
f 4424 4423 4407
f 4371 4424 4372
f 4415 4383 4433
f 4372 4407 4397
f 4434 4426 4425
f 4434 4425 4374
f 4434 4427 4426
f 4435 4374 4374
f 4435 4434 4374
f 4434 4428 4427
f 4434 4429 4428
f 4436 4435 4374
f 4436 4434 4435
f 4436 4374 4406
f 4442 4434 4436
f 4439 4430 4429
f 4439 4429 4434
f 4438 4406 4405
f 4438 4436 4406
f 4439 4434 4442
f 4437 4431 4430
f 4437 4430 4439
f 4438 4405 4404
f 4443 4442 4436
f 4438 4403 4402
f 4438 4404 4403
f 4440 4436 4438
f 4440 4443 4436
f 4437 4433 4432
f 4437 4415 4433
f 4443 4402 4401
f 4443 4438 4402
f 4443 4440 4438
f 4437 4413 4414
f 4437 4414 4415
f 4441 4412 4413
f 4441 4437 4439
f 4441 4413 4437
f 4443 4400 4399
f 4443 4401 4400
f 4441 4410 4411
f 4441 4411 4412
f 4441 4439 4442
f 4443 4399 4398
f 4442 4409 4410
f 4442 4410 4441
f 4443 4407 4408
f 4443 4408 4409
f 4443 4409 4442
f 4443 4398 4397
f 4443 4397 4407
f 1729 1731 1730
f 4449 4448 4444
f 4459 4385 4476
f 4446 4460 2933
f 4482 4422 4423
f 4482 4423 4424
f 4482 4424 4371
f 4447 1731 1729
f 4447 1732 1731
f 4447 1733 1732
f 4447 1734 1733
f 4447 1735 1734
f 4447 1736 1735
f 4447 1737 1736
f 4447 1716 1737
f 4448 1729 4445
f 4447 4449 1716
f 4449 4447 4448
f 4444 4448 4445
f 4451 4444 4445
f 4451 4445 4467
f 4451 4449 4444
f 4468 4467 4445
f 4468 4445 4450
f 4451 4370 4449
f 4453 4370 4451
f 4453 2934 4370
f 4453 4454 2934
f 4454 4452 4470
f 4454 4453 4452
f 4471 4454 4470
f 4472 4470 4385
f 4472 4471 4470
f 4471 2934 4454
f 4455 2934 4471
f 4456 4472 4385
f 4455 2933 2934
f 4457 2933 4455
f 4459 4456 4385
f 2933 4458 4446
f 2933 4457 4458
f 4459 4446 4458
f 4461 4477 4476
f 4463 4460 4477
f 4464 4371 4463
f 4465 4481 4462
f 4482 4384 4416
f 4482 4416 4417
f 4482 4417 4418
f 4482 4418 4419
f 4482 4465 4384
f 4482 4419 4420
f 4482 4420 4421
f 4482 4421 4422
f 4466 1729 4448
f 4466 4447 1729
f 4466 4448 4447
f 4468 4451 4467
f 4469 4468 4450
f 4469 4451 4468
f 4469 4453 4451
f 4470 4453 4469
f 4470 4469 4450
f 4470 4452 4453
f 4472 4455 4471
f 4473 4472 4456
f 4473 4455 4472
f 4473 4456 4455
f 4456 4457 4455
f 4474 4457 4456
f 4459 4474 4456
f 4459 4457 4474
f 4459 4458 4457
f 4475 4459 4476
f 4475 4446 4459
f 4475 4460 4446
f 4460 4475 4476
f 4476 4477 4460
f 4477 4478 4463
f 4477 4461 4478
f 4479 4463 4478
f 4479 4461 4462
f 4479 4478 4461
f 4479 4462 4463
f 4480 4463 4462
f 4480 4464 4463
f 4480 4462 4464
f 4481 4464 4462
f 4481 4465 4482
f 4482 4464 4481
f 4482 4371 4464
f 4383 4382 4433
f 4492 4483 4373
f 4492 4373 4376
f 4493 4484 4483
f 4493 4483 4492
f 4494 4485 4484
f 4494 4484 4493
f 4495 4486 4485
f 4495 4485 4494
f 4496 4487 4486
f 4496 4486 4495
f 4497 4488 4487
f 4497 4487 4496
f 4498 4489 4488
f 4498 4488 4497
f 4499 4490 4489
f 4499 4489 4498
f 4500 4491 4490
f 4500 4490 4499
f 4501 4381 4380
f 4501 4520 4491
f 4501 4380 4520
f 4501 4491 4500
f 4502 4374 4425
f 4502 4375 4374
f 4502 4376 4375
f 4502 4492 4376
f 4503 4425 4426
f 4503 4502 4425
f 4503 4493 4492
f 4503 4492 4502
f 4504 4426 4427
f 4504 4494 4493
f 4504 4503 4426
f 4504 4493 4503
f 4505 4427 4428
f 4505 4504 4427
f 4505 4495 4494
f 4505 4494 4504
f 4506 4428 4429
f 4506 4495 4505
f 4506 4496 4495
f 4506 4505 4428
f 4507 4429 4430
f 4507 4497 4496
f 4507 4496 4506
f 4507 4506 4429
f 4508 4430 4431
f 4508 4497 4507
f 4508 4498 4497
f 4508 4507 4430
f 4509 4498 4508
f 4509 4431 4437
f 4509 4437 4432
f 4509 4508 4431
f 4509 4499 4498
f 4510 4499 4509
f 4510 4500 4499
f 4510 4509 4432
f 4511 4500 4510
f 4511 4432 4433
f 4511 4382 4381
f 4511 4381 4501
f 4511 4501 4500
f 4511 4510 4432
f 4511 4433 4382
f 4512 4378 4396
f 4521 4389 4388
f 4522 4388 4373
f 4522 4521 4388
f 4522 4389 4521
f 4522 4390 4389
f 4522 4391 4390
f 4524 4522 4373
f 4523 4373 4373
f 4523 4524 4373
f 4522 4392 4391
f 4525 4523 4373
f 4530 4522 4524
f 4522 4393 4392
f 4525 4373 4483
f 4525 4524 4523
f 4529 4530 4524
f 4525 4483 4484
f 4526 4394 4393
f 4527 4529 4524
f 4527 4524 4525
f 4528 4526 4393
f 4528 4393 4522
f 4528 4394 4526
f 4534 4525 4484
f 4534 4484 4485
f 4530 4528 4522
f 4531 4395 4528
f 4529 4527 4525
f 4531 4528 4530
f 4534 4485 4486
f 4534 4486 4487
f 4532 4525 4534
f 4532 4529 4525
f 4532 4530 4529
f 4531 4396 4395
f 4531 4513 4512
f 4531 4512 4396
f 4534 4487 4488
f 4533 4530 4532
f 4531 4514 4513
f 4531 4515 4514
f 4531 4516 4515
f 4531 4530 4533
f 4534 4488 4489
f 4534 4489 4490
f 4533 4517 4516
f 4533 4516 4531
f 4534 4490 4491
f 4533 4518 4517
f 4532 4518 4533
f 4532 4519 4518
f 4532 4520 4519
f 4534 4520 4532
f 4534 4491 4520
f 4543 4535 2912
f 4543 4537 4536
f 4544 4537 4543
f 4550 4549 4573
f 4562 4379 2937
f 4547 1725 1726
f 4547 1726 1714
f 4547 1714 4567
f 4544 4538 4537
f 4544 4539 4538
f 4544 4540 4539
f 4544 4541 4540
f 4544 4542 4541
f 4544 4377 4542
f 4548 4543 2912
f 4544 4549 4377
f 4548 2912 4387
f 4569 4549 4544
f 4549 4569 4548
f 4548 4387 4551
f 4545 4548 4551
f 4550 4573 4545
f 4575 4574 4545
f 4575 4545 4551
f 4574 4549 4550
f 4574 4550 4545
f 4574 4552 4549
f 4552 4574 4575
f 4553 4546 4552
f 4555 2911 4558
f 4555 4546 2911
f 4555 4558 4556
f 4579 4546 4553
f 4546 4555 4556
f 4557 4556 4558
f 4580 4556 4557
f 4580 4546 4556
f 4580 2937 4546
f 4561 4580 4557
f 4561 2937 4580
f 4562 4584 4386
f 4562 4386 4563
f 4585 2937 4561
f 4585 4562 2937
f 4564 4563 4386
f 4379 4562 4563
f 4379 4563 4564
f 4379 4564 4565
f 4588 4386 1717
f 4566 4588 1717
f 4568 1717 1718
f 4568 1718 1719
f 4568 1719 1720
f 4568 1720 1721
f 4568 4566 1717
f 4568 1721 1722
f 4568 1722 1723
f 4568 1723 1724
f 4568 1724 4547
f 4568 4547 4567
f 4569 4543 4548
f 4569 4544 4543
f 4570 4549 4548
f 4571 4572 4549
f 4571 4548 4572
f 4571 4570 4548
f 4571 4549 4570
f 4572 4573 4549
f 4573 4548 4545
f 4573 4572 4548
f 4576 4575 4551
f 4576 4551 4553
f 4576 4553 4552
f 4576 4552 4575
f 4577 2911 4554
f 4577 4551 2911
f 4577 4553 4551
f 4577 4554 4553
f 4578 4554 2911
f 4578 4553 4554
f 4578 4579 4553
f 4579 2911 4546
f 4579 4578 2911
f 4581 4557 4558
f 4581 4561 4557
f 4582 4559 4561
f 4582 4558 4559
f 4582 4581 4558
f 4582 4561 4581
f 4583 4559 4558
f 4583 4561 4559
f 4584 4583 4558
f 4584 4560 4561
f 4584 4561 4583
f 4585 4561 4560
f 4585 4560 4584
f 4586 4584 4562
f 4586 4585 4584
f 4586 4562 4585
f 4564 4386 4565
f 4587 4565 4386
f 4587 4567 4379
f 4587 4379 4565
f 4587 4588 4567
f 4587 4386 4588
f 4588 4566 4567
f 4589 4566 4568
f 4589 4567 4566
f 4567 4589 4568
f 4377 4378 4512
f 4542 4512 4513
f 4542 4377 4512
f 4541 4513 4514
f 4541 4542 4513
f 4540 4514 4515
f 4540 4541 4514
f 4539 4515 4516
f 4539 4540 4515
f 4538 4516 4517
f 4538 4539 4516
f 4537 4517 4518
f 4537 4538 4517
f 4536 4518 4519
f 4536 4537 4518
f 4543 4536 4519
f 4535 4519 4520
f 4535 4520 4380
f 4535 4543 4519
f 2912 4535 4380
f 1705 2899 2900
f 1705 2898 2899
f 1705 2900 4612
f 1705 2897 2898
f 1706 1705 4612
f 1705 2896 2897
f 1704 2896 1705
f 1704 2901 2896
f 2888 1706 4612
f 1704 2902 2901
f 1707 1706 2888
f 1707 2888 2751
f 1703 2902 1704
f 2903 2902 1703
f 2904 2903 1703
f 1708 1707 2751
f 2752 1708 2751
f 4590 2904 1703
f 2753 1708 2752
f 2745 1708 2753
f 2746 1708 2745
f 4606 4590 1703
f 2750 1703 1702
f 2750 4606 1703
f 1701 1708 2746
f 2749 2750 1702
f 2748 2749 1702
f 2747 1702 1701
f 2747 2748 1702
f 2909 1727 4386
f 4592 2741 1728
f 4592 1728 1727
f 4591 2741 4592
f 2905 4591 4592
f 4590 4606 4591
f 2905 4593 4591
f 2905 4594 4593
f 2906 4594 2905
f 2907 2908 4594
f 2907 4594 2906
f 2896 4594 2908
f 4594 2901 2902
f 4594 2896 2901
f 4595 4594 2902
f 2903 4595 2902
f 2904 4596 4595
f 2904 4595 2903
f 4590 4596 2904
f 4590 4593 4596
f 4591 4593 4590
f 4594 4595 4596
f 4593 4594 4596
f 1727 4598 4597
f 2909 4598 1727
f 2909 4599 4598
f 2910 4601 4600
f 2909 4600 4599
f 2909 2910 4600
f 4599 2908 2907
f 4599 4601 2908
f 2906 4598 4599
f 2906 4599 2907
f 2905 4597 4598
f 2905 4598 2906
f 4592 4597 2905
f 1727 4597 4592
f 4600 4601 4599
f 2741 4602 4605
f 2744 4602 2741
f 2743 4604 4602
f 2743 4602 2744
f 2742 2740 4603
f 2742 4603 4604
f 2742 4604 2743
f 4603 2735 2736
f 4604 4603 2736
f 2738 4604 2736
f 2739 4604 2738
f 2737 4605 4604
f 2737 4604 2739
f 1728 4605 2737
f 2741 4605 1728
f 4604 4605 4602
f 4603 2740 2735
f 2750 4609 4606
f 1701 4608 4607
f 2749 4609 2750
f 2747 1701 4607
f 2748 4607 4609
f 2748 4609 2749
f 2748 2747 4607
f 2740 4608 1701
f 4607 2740 2742
f 4609 4607 2742
f 2743 4609 2742
f 2744 4610 4609
f 2744 4609 2743
f 2741 4610 2744
f 2741 4591 4606
f 4610 4606 4609
f 4610 2741 4606
f 4607 4608 2740
f 4615 4612 2900
f 4614 4615 2900
f 4613 2900 2899
f 4613 4614 2900
f 2898 4613 2899
f 4611 2898 2897
f 4611 2897 2895
f 4614 2892 4615
f 4616 2892 2889
f 4616 4615 2892
f 4613 2893 2892
f 4613 2894 2893
f 4613 2892 4614
f 4616 2889 2891
f 4611 2895 2894
f 4611 2894 4613
f 4612 4616 2891
f 4616 4612 4615
f 4611 4613 2898
f 4621 2889 2892
f 4621 4619 2889
f 4618 4621 2892
f 2893 4618 2892
f 2894 4618 2893
f 2913 4618 2894
f 4617 4618 2913
f 4622 4621 2917
f 4620 2915 2917
f 4620 2917 4621
f 4622 2917 2916
f 4617 2913 2915
f 4617 2915 4620
f 4619 4622 2916
f 4619 2916 2889
f 4622 4619 4621
f 4620 4621 4618
f 4617 4620 4618
f 4623 2916 2760
f 4624 4623 2760
f 2759 4624 2760
f 2758 4625 4624
f 2758 4624 2759
f 4625 2758 2757
f 4624 2755 4627
f 2891 2755 2756
f 2891 4627 2755
f 4626 2754 2755
f 4626 2755 4624
f 4625 2757 2754
f 4625 2754 4626
f 4623 2891 2916
f 4624 4625 4626
f 4624 4627 2891
f 4623 4624 2891
f 4628 2888 2756
f 4629 2756 2755
f 4629 4628 2756
f 4630 4629 2755
f 2755 4631 4630
f 2754 4633 4631
f 2754 4631 2755
f 4633 2754 2753
f 4634 2751 2888
f 4629 2751 4634
f 4630 2752 2751
f 4630 2751 4629
f 4631 2752 4630
f 4633 2753 2752
f 4633 2752 4631
f 4632 4634 2888
f 4628 4632 2888
f 4628 4629 4634
f 4628 4634 4632
f 1709 1712 1713
f 1702 1712 1709
f 1710 1712 1702
f 1710 1711 1712
f 1696 1697 1698
f 1694 1695 1696
f 1680 1677 1678
f 1680 1678 1679
f 1689 1659 1660
f 1689 1660 1661
f 1689 1661 1662
f 1689 1662 1663
f 1689 1663 1664
f 1689 1664 1665
f 1689 1665 1666
f 1689 1666 1667
f 1689 1667 1668
f 1689 1668 1669
f 1689 1669 1670
f 1689 1670 1671
f 1689 1671 1672
f 1689 1672 1673
f 1689 1673 1674
f 1689 1674 1675
f 1689 1675 1676
f 1689 1676 1677
f 1689 1690 1691
f 1689 1691 1692
f 1689 1692 1693
f 1689 1693 1694
f 1689 1698 1699
f 1689 1699 1700
f 1689 1700 1659
f 1689 1696 1698
f 1689 1694 1696
f 1686 1687 1688
f 1686 1688 1689
f 1685 1680 1681
f 1685 1681 1682
f 1685 1682 1683
f 1685 1683 1684
f 1685 1686 1689
f 1685 1689 1677
f 1685 1677 1680
f 1587 1589 1588
f 1587 1590 1589
f 1587 1591 1590
f 1587 1592 1591
f 1566 1565 1564
f 1584 1586 1585
f 1583 1587 1586
f 1583 1593 1592
f 1583 1594 1593
f 1583 1595 1594
f 1583 1596 1595
f 1583 1597 1596
f 1583 1598 1597
f 1583 1592 1587
f 1583 1586 1584
f 1570 1569 1568
f 1579 1581 1580
f 1579 1582 1581
f 1579 1583 1582
f 1573 1570 1568
f 1573 1571 1570
f 1573 1572 1571
f 1578 1583 1579
f 1578 1599 1598
f 1578 1600 1599
f 1578 1601 1600
f 1578 1560 1601
f 1578 1598 1583
f 1576 1561 1560
f 1576 1562 1561
f 1576 1563 1562
f 1576 1564 1563
f 1576 1567 1566
f 1576 1568 1567
f 1576 1574 1573
f 1576 1575 1574
f 1576 1560 1578
f 1576 1578 1577
f 1576 1566 1564
f 1576 1573 1568
f 1486 1493 1487
f 1486 1492 1493
f 1488 1493 1497
f 1488 1487 1493
f 1488 1497 1498
f 1483 1492 1486
f 1473 1498 1494
f 1473 1488 1498
f 1483 1507 1492
f 1473 1494 1499
f 1479 1507 1483
f 1506 1507 1479
f 1475 1473 1499
f 1505 1506 1479
f 1501 1475 1499
f 1496 1505 1479
f 1501 1476 1475
f 1504 1496 1479
f 1495 1476 1501
f 1504 1479 1478
f 1495 1477 1476
f 1504 1478 1477
f 1502 1477 1495
f 1502 1504 1477
f 4635 1471 1480
f 4635 1480 1481
f 4639 1471 4635
f 1482 4635 1481
f 1484 4635 1482
f 4641 1471 4639
f 1485 4635 1484
f 1474 1472 4641
f 1474 4641 4636
f 1470 4635 1485
f 1470 4636 4635
f 1470 1474 4636
f 4638 4635 4636
f 4637 4635 4638
f 4637 4640 4635
f 4639 4635 4640
f 4641 4639 4640
f 4637 4636 4641
f 4637 4641 4640
f 4636 4637 4638
f 1437 1450 1426
f 1426 1450 1454
f 1433 1450 1437
f 1426 1454 1452
f 1433 1467 1450
f 1427 1452 1455
f 1427 1426 1452
f 1433 1469 1467
f 1427 1455 1456
f 1440 1427 1456
f 1430 1469 1433
f 1457 1440 1456
f 1458 1440 1457
f 1464 1469 1430
f 1458 1443 1440
f 1464 1430 1429
f 1458 1428 1443
f 1461 1464 1429
f 1461 1429 1445
f 1462 1428 1458
f 1462 1461 1445
f 1462 1445 1428
f 4642 4643 2887
f 4643 2886 2887
f 4643 4642 2886
f 2886 4642 4644
f 4644 4645 2886
f 4646 4645 4644
f 4646 2887 4645
f 4642 2887 4646
f 4644 4642 4646
f 1386 1407 1417
f 1383 1407 1386
f 1383 1416 1407
f 1386 1417 1408
f 1370 1416 1383
f 1370 1406 1416
f 1370 1415 1406
f 1373 1386 1408
f 1373 1408 1420
f 1370 1405 1415
f 1371 1405 1370
f 1373 1420 1409
f 1404 1405 1371
f 1375 1373 1409
f 1404 1371 1372
f 1414 1404 1372
f 1403 1414 1372
f 1388 1375 1409
f 1403 1372 1380
f 1402 1403 1380
f 1410 1375 1388
f 1410 1376 1375
f 1402 1380 1376
f 1411 1402 1376
f 1411 1376 1410
f 4647 1379 1381
f 4647 1378 1379
f 4647 1377 1378
f 4648 1381 1382
f 4648 4647 1381
f 4652 1377 4647
f 1369 4648 1382
f 1374 1377 4652
f 4652 1387 1374
f 1368 4648 1369
f 1387 4652 4653
f 1384 4648 1368
f 1385 4648 1384
f 1367 1387 4653
f 1385 4653 4648
f 1385 1367 4653
f 4648 4649 4650
f 4647 4648 4650
f 4647 4650 4651
f 4652 4647 4651
f 4648 4651 4650
f 4648 4650 4649
f 4653 4652 4651
f 4653 4651 4648
f 1319 1351 1361
f 1319 1337 1351
f 1321 1361 1362
f 1321 1319 1361
f 1322 1321 1362
f 1317 1352 1337
f 1317 1337 1319
f 1322 1362 1363
f 1318 1352 1317
f 1318 1360 1352
f 1322 1363 1364
f 1318 1340 1360
f 1325 1364 1365
f 1325 1322 1364
f 1326 1325 1365
f 1313 1340 1318
f 1353 1340 1313
f 1336 1326 1365
f 1366 1326 1336
f 1334 1327 1326
f 1334 1326 1366
f 1359 1353 1313
f 1359 1313 1331
f 1356 1327 1334
f 1356 1330 1327
f 1356 1359 1331
f 1356 1331 1330
f 4654 2885 4656
f 4654 4655 2885
f 1329 2885 4655
f 2884 4656 4657
f 4656 2885 4657
f 4655 4654 4656
f 1329 4656 2884
f 1329 4655 4656
f 4668 4658 1257
f 4668 1257 1239
f 4668 4669 4658
f 4667 4981 4668
f 4666 4667 4668
f 4660 1242 4659
f 4660 1239 1240
f 4660 1240 1242
f 4660 4668 1239
f 4664 4665 4666
f 4664 4668 4660
f 4664 4666 4668
f 4662 4660 4661
f 4662 4663 4664
f 4662 4664 4660
f 4671 1306 966
f 4670 1242 4979
f 4672 1306 4671
f 4673 1306 4672
f 4673 964 1306
f 4674 964 4673
f 4674 963 964
f 4675 961 963
f 4675 963 4674
f 4676 961 4675
f 4677 961 4676
f 4678 961 4677
f 4678 956 961
f 4679 956 4678
f 4680 956 4679
f 977 956 4680
f 4681 956 977
f 4682 956 4681
f 4682 957 956
f 4683 957 4682
f 4684 957 4683
f 4685 957 4684
f 4685 959 957
f 4687 959 4685
f 4687 958 959
f 4689 958 4687
f 4690 958 4689
f 4691 958 4690
f 4691 965 958
f 4692 965 4691
f 4693 965 4692
f 4694 965 4693
f 4695 1307 965
f 4695 965 4694
f 4696 1307 4695
f 4697 1307 4696
f 4697 966 1307
f 1009 966 4697
f 4698 966 1009
f 4698 985 966
f 1008 985 4698
f 4699 985 1008
f 4699 984 985
f 4700 983 984
f 4700 984 4699
f 4700 982 983
f 4701 982 4700
f 4702 981 982
f 4702 982 4701
f 4703 981 4702
f 4704 980 981
f 4704 981 4703
f 4705 979 980
f 4705 980 4704
f 4706 979 4705
f 4707 978 979
f 4707 979 4706
f 4708 978 4707
f 4708 976 978
f 4710 976 4708
f 4710 975 976
f 4710 974 975
f 4710 973 974
f 4711 973 4710
f 4711 972 973
f 4712 971 972
f 4712 972 4711
f 4713 970 971
f 4713 971 4712
f 4714 969 970
f 4714 970 4713
f 4715 969 4714
f 4716 968 969
f 4716 969 4715
f 4716 967 968
f 4717 967 4716
f 4717 1014 967
f 4718 4692 1014
f 4718 1014 4717
f 4718 1013 4692
f 4719 1013 4718
f 4719 1012 1013
f 4720 1011 1012
f 4720 1012 4719
f 4722 1011 4720
f 4722 1010 1011
f 4723 1010 4722
f 4724 1008 1010
f 4724 1010 4723
f 4724 1007 1008
f 4724 1006 1007
f 4725 1006 4724
f 4726 1005 1006
f 4726 1006 4725
f 4726 1004 1005
f 4727 1004 4726
f 4727 1003 1004
f 4728 1003 4727
f 4728 1002 1003
f 4728 1001 1002
f 4729 1001 4728
f 4729 1000 1001
f 4730 1000 4729
f 4730 987 1000
f 4730 999 987
f 4731 999 4730
f 4731 998 999
f 4732 998 4731
f 4733 998 4732
f 4733 997 998
f 4733 996 997
f 4734 996 4733
f 4734 995 996
f 4734 994 995
f 4735 994 4734
f 4735 993 994
f 4735 992 993
f 4736 992 4735
f 4736 991 992
f 4737 990 991
f 4737 991 4736
f 4737 989 990
f 4738 988 989
f 4738 989 4737
f 4738 1043 988
f 1068 1043 4738
f 4739 1043 1068
f 4739 1042 1043
f 4740 1042 4739
f 4740 1041 1042
f 4741 1041 4740
f 4741 1040 1041
f 4742 1040 4741
f 4743 1040 4742
f 4743 1039 1040
f 4744 1039 4743
f 4744 4721 1039
f 4744 1038 4721
f 4744 1037 1038
f 4745 1037 4744
f 4746 1037 4745
f 4746 1036 1037
f 4747 1036 4746
f 4747 1035 1036
f 4747 1034 1035
f 1061 1034 4747
f 4748 1034 1061
f 4748 1033 1034
f 4748 1032 1033
f 4749 1032 4748
f 4749 1031 1032
f 4750 1031 4749
f 4750 1030 1031
f 4751 1030 4750
f 4751 1029 1030
f 4752 1029 4751
f 4752 1028 1029
f 4752 1027 1028
f 4753 1027 4752
f 4754 1026 1027
f 4754 1027 4753
f 4755 1025 1026
f 4755 1026 4754
f 4755 1024 1025
f 4756 1024 4755
f 1023 1024 4756
f 4757 1022 1023
f 4758 1021 1022
f 4758 1022 4757
f 4758 1020 1021
f 4759 1020 4758
f 4759 1019 1020
f 4760 1018 1019
f 4760 1019 4759
f 4760 1017 1018
f 4760 1016 1017
f 4761 1016 4760
f 4761 1015 1016
f 4761 1068 1015
f 4762 1068 4761
f 4762 1067 1068
f 4763 1067 4762
f 4764 1044 1067
f 4764 1067 4763
f 4765 1066 1044
f 4765 1044 4764
f 4766 1066 4765
f 4767 1065 1066
f 4767 1066 4766
f 1092 1065 4767
f 1089 1064 1045
f 1089 1062 1064
f 4768 1062 1089
f 4769 1062 4768
f 4769 4770 1062
f 4771 1060 4770
f 4772 1060 4771
f 4772 1059 1060
f 4773 1059 4772
f 4773 1058 1059
f 4774 1058 4773
f 4775 1058 4774
f 4775 1057 1058
f 4776 1057 4775
f 4776 1056 1057
f 4777 1056 4776
f 4777 1055 1056
f 4778 1055 4777
f 4778 1054 1055
f 4779 1054 4778
f 4779 1053 1054
f 4780 1052 1053
f 4780 1053 4779
f 4781 1052 4780
f 4781 1051 1052
f 4782 1051 4781
f 4783 1050 1051
f 4783 1051 4782
f 4784 1050 4783
f 4785 1049 1050
f 4785 1050 4784
f 4786 1049 4785
f 4787 1049 4786
f 4787 1048 1049
f 4787 1047 1048
f 4788 1047 4787
f 4788 1046 1047
f 4789 1046 4788
f 4790 1046 4789
f 4790 1098 1046
f 4790 1097 1098
f 4791 1097 4790
f 4791 1096 1097
f 4792 1096 4791
f 4792 1095 1096
f 4793 1095 4792
f 4793 1094 1095
f 4794 1094 4793
f 4795 1094 4794
f 4795 1093 1094
f 4796 1093 4795
f 4797 1091 4796
f 4798 1091 4797
f 4798 1090 1091
f 4799 1090 4798
f 4800 1090 4799
f 4800 1088 1090
f 4800 1087 1088
f 4801 1087 4800
f 4802 1087 4801
f 4802 1086 1087
f 4802 1085 1086
f 4802 1084 1085
f 4803 1084 4802
f 4803 1083 1084
f 4804 1083 4803
f 4804 1082 1083
f 4804 1081 1082
f 4805 1081 4804
f 4805 1080 1081
f 4805 1079 1080
f 4806 1079 4805
f 4806 1078 1079
f 4807 1078 4806
f 4807 1077 1078
f 4808 1077 4807
f 4808 1076 1077
f 4809 1076 4808
f 4809 1075 1076
f 4810 1075 4809
f 4811 1075 4810
f 4811 1074 1075
f 4812 1073 1074
f 4812 1074 4811
f 4813 1073 4812
f 4813 1072 1073
f 4814 1072 4813
f 4814 1071 1072
f 4815 1071 4814
f 4815 1070 1071
f 4816 1070 4815
f 4817 1070 4816
f 4818 1070 4817
f 4819 1070 4818
f 4819 1126 1070
f 4820 1099 1126
f 4820 1126 4819
f 4821 1099 4820
f 4821 1125 1099
f 4822 1125 4821
f 4823 1125 4822
f 4823 1124 1125
f 4823 1123 1124
f 4824 1123 4823
f 4825 1122 1123
f 4825 1123 4824
f 4826 1122 4825
f 4826 1121 1122
f 4827 1121 4826
f 4827 1120 1121
f 4828 1120 4827
f 4828 1119 1120
f 4828 1118 1119
f 4829 1118 4828
f 4830 1118 4829
f 4830 1117 1118
f 4830 1116 1117
f 4832 1116 4830
f 4832 1100 1116
f 4832 1115 1100
f 4834 1114 1115
f 4834 1115 4832
f 4834 1113 1114
f 4834 1112 1113
f 4835 1112 4834
f 4835 1111 1112
f 4836 1110 1111
f 4836 1111 4835
f 4836 1109 1110
f 4837 1109 4836
f 4837 1108 1109
f 4837 1107 1108
f 4838 1107 4837
f 4838 1106 1107
f 4839 1106 4838
f 4839 1105 1106
f 4840 1105 4839
f 4840 1104 1105
f 4841 1104 4840
f 4841 1103 1104
f 4842 1103 4841
f 4842 1102 1103
f 4843 1102 4842
f 4843 1101 1102
f 4845 1101 4843
f 4845 1152 1101
f 4846 1152 4845
f 4846 1151 1152
f 4846 1150 1151
f 4847 1150 4846
f 4848 1150 4847
f 4848 1149 1150
f 4849 1149 4848
f 4849 1148 1149
f 4850 1147 1148
f 4850 1148 4849
f 4850 1146 1147
f 4851 1146 4850
f 4851 1145 1146
f 4853 1145 4851
f 4853 1144 1145
f 4853 1143 1144
f 4854 1143 4853
f 4854 1142 1143
f 4854 1141 1142
f 4855 1141 4854
f 4855 1140 1141
f 4855 1127 1140
f 4856 1127 4855
f 4857 1127 4856
f 4857 1139 1127
f 4858 1139 4857
f 4858 1138 1139
f 4859 1138 4858
f 4859 1137 1138
f 4859 1136 1137
f 4860 1136 4859
f 4860 4861 1136
f 4862 1135 4861
f 4862 1134 1135
f 4863 1134 4862
f 4865 1133 1134
f 4865 1134 4863
f 4865 1132 1133
f 4865 1131 1132
f 4866 1131 4865
f 4866 1130 1131
f 4867 1130 4866
f 4868 1130 4867
f 4868 1129 1130
f 4869 1128 1129
f 4869 1129 4868
f 4870 1128 4869
f 4871 1178 1128
f 4871 1128 4870
f 4872 1177 1178
f 4872 1178 4871
f 4873 1177 4872
f 4874 1153 1177
f 4874 1177 4873
f 4875 1176 1153
f 4875 1153 4874
f 4875 1175 1176
f 4876 1174 1175
f 4876 1175 4875
f 4876 1173 1174
f 4877 1173 4876
f 4877 1172 1173
f 4877 1171 1172
f 4878 1171 4877
f 4878 1170 1171
f 4878 1169 1170
f 4879 1169 4878
f 4879 1168 1169
f 4879 1167 1168
f 4880 1167 4879
f 4880 1166 1167
f 4881 1165 1166
f 4881 1166 4880
f 4881 1164 1165
f 4882 1164 4881
f 4882 1163 1164
f 4883 1163 4882
f 4884 1162 1163
f 4884 1163 4883
f 4885 1162 4884
f 4885 1161 1162
f 4885 1160 1161
f 4886 1160 4885
f 4886 1159 1160
f 4887 1159 4886
f 4887 1158 1159
f 4888 1158 4887
f 4888 1157 1158
f 4889 1157 4888
f 4889 1156 1157
f 4890 1156 4889
f 4890 1155 1156
f 4890 1154 1155
f 4891 1154 4890
f 4892 1207 1154
f 4892 1154 4891
f 4893 1206 1207
f 4893 1207 4892
f 4893 1205 1206
f 1235 1205 4893
f 4894 1205 1235
f 4894 1204 1205
f 1234 1204 4894
f 4895 1203 1204
f 4895 1204 1234
f 4895 1202 1203
f 4896 1202 4895
f 4896 1201 1202
f 4897 1201 4896
f 4897 1200 1201
f 4898 1200 4897
f 4898 1199 1200
f 4898 1198 1199
f 4899 1198 4898
f 4899 1197 1198
f 4899 1196 1197
f 4900 1196 4899
f 4900 1195 1196
f 4901 1195 4900
f 4901 1194 1195
f 4902 1194 4901
f 4902 1193 1194
f 4902 1192 1193
f 4903 1192 4902
f 4903 1191 1192
f 4903 1190 1191
f 4904 1189 1190
f 4904 1190 4903
f 4905 1188 1189
f 4905 1189 4904
f 4905 1187 1188
f 4906 1187 4905
f 4906 1186 1187
f 4907 1186 4906
f 4907 1185 1186
f 4908 1185 4907
f 4909 1185 4908
f 4909 1184 1185
f 4909 1183 1184
f 4910 1183 4909
f 4910 1182 1183
f 4911 1182 4910
f 4911 1181 1182
f 4911 1180 1181
f 4912 1180 4911
f 4913 1179 1180
f 4913 1180 4912
f 4914 1179 4913
f 4914 1237 1179
f 4914 1236 1237
f 4915 1236 4914
f 4916 1236 4915
f 4916 1234 1236
f 4916 1233 1234
f 4917 1232 1233
f 4917 1233 4916
f 4918 1231 1232
f 4918 1232 4917
f 4919 1230 1231
f 4919 1231 4918
f 4920 1229 1230
f 4920 1230 4919
f 4921 1228 1229
f 4921 1229 4920
f 4922 1228 4921
f 4922 1227 1228
f 4922 1226 1227
f 4923 1226 4922
f 4923 1225 1226
f 4924 1225 4923
f 4924 1224 1225
f 4925 1224 4924
f 4925 1208 1224
f 4926 1223 1208
f 4926 1208 4925
f 4926 1222 1223
f 4927 1222 4926
f 4927 1221 1222
f 4927 1220 1221
f 4928 1220 4927
f 4929 1220 4928
f 4929 1219 1220
f 4929 1218 1219
f 4931 1217 1218
f 4931 1218 4929
f 4931 1216 1217
f 4932 1216 4931
f 4932 1215 1216
f 4932 1214 1215
f 4933 1214 4932
f 4934 1213 1214
f 4934 1214 4933
f 4934 1212 1213
f 4935 1211 1212
f 4935 1212 4934
f 4936 1211 4935
f 4936 1209 1211
f 4937 2793 1209
f 4938 2792 2793
f 4938 2793 4937
f 4940 2792 4938
f 4940 2790 2792
f 4941 2790 4940
f 4941 2789 2790
f 4942 2789 4941
f 4942 2761 2789
f 4943 2761 4942
f 4943 2788 2761
f 4944 2788 4943
f 4944 2786 2788
f 4945 2786 4944
f 4945 2785 2786
f 4945 2784 2785
f 4945 2783 2784
f 4946 2783 4945
f 4947 2783 4946
f 4948 2781 2782
f 4948 2782 4947
f 4949 2781 4948
f 4949 2780 2781
f 4950 2779 2780
f 4950 2780 4949
f 4951 2762 2779
f 4951 2779 4950
f 4951 2777 2762
f 4952 2777 4951
f 4953 2777 4952
f 4953 2776 2777
f 4953 2775 2776
f 4954 2775 4953
f 4954 2773 2775
f 4955 2773 4954
f 4956 2773 4955
f 4956 2772 2773
f 4956 2771 2772
f 4957 2771 4956
f 4957 2770 2771
f 4957 2769 2770
f 4958 2769 4957
f 4958 2767 2769
f 4959 2767 4958
f 4959 2766 2767
f 4959 2765 2766
f 4960 2765 4959
f 4961 2765 4960
f 4961 2764 2765
f 4961 2763 2764
f 4962 2763 4961
f 4962 1238 2763
f 4962 1256 1238
f 4963 1256 4962
f 4964 1256 4963
f 4964 1255 1256
f 4965 1254 1255
f 4965 1255 4964
f 4966 1254 4965
f 4966 1253 1254
f 4967 1252 1253
f 4967 1253 4966
f 4968 1252 4967
f 4969 1251 1252
f 4969 1252 4968
f 4986 1251 4969
f 4970 1251 4986
f 4970 1250 1251
f 4971 1250 4970
f 4972 1249 1250
f 4972 1250 4971
f 4973 1249 4972
f 4974 1248 1249
f 4974 1249 4973
f 4975 1247 1248
f 4975 1248 4974
f 4975 1246 1247
f 4976 1246 4975
f 4976 1245 1246
f 4977 1245 4976
f 4977 1244 1245
f 4978 1243 1244
f 4978 1244 4977
f 4978 1242 1243
f 4979 1242 4978
f 4668 4658 4669
f 4668 4981 4980
f 4667 4982 4981
f 4666 4984 4983
f 4665 4984 4666
f 4665 4985 4984
f 4664 4985 4665
f 4664 4986 4985
f 4663 4986 4664
f 4662 4987 4663
f 4662 4988 4987
f 4661 4988 4662
f 4661 4989 4988
f 4660 4989 4661
f 4660 4990 4989
f 4660 4991 4990
f 4660 4992 4991
f 4660 4993 4992
f 4660 4994 4993
f 4659 4994 4660
f 1242 4994 4659
f 1242 4670 4994
f 986 4671 966
f 985 4671 986
f 985 4672 4671
f 985 4673 4672
f 984 4673 985
f 983 4673 984
f 983 4674 4673
f 982 4674 983
f 982 4675 4674
f 981 4675 982
f 981 4676 4675
f 981 4677 4676
f 980 4678 4677
f 980 4677 981
f 979 4679 4678
f 979 4678 980
f 979 4680 4679
f 978 977 4680
f 978 4680 979
f 978 4681 977
f 976 4681 978
f 975 4681 976
f 975 4682 4681
f 974 4682 975
f 974 4683 4682
f 973 4683 974
f 973 4684 4683
f 972 4684 973
f 972 4685 4684
f 971 4685 972
f 970 4685 971
f 970 4687 4685
f 970 4686 4687
f 969 4686 970
f 969 4687 4686
f 969 4689 4687
f 969 4688 4689
f 968 4688 969
f 968 4689 4688
f 967 4689 968
f 967 4690 4689
f 967 4691 4690
f 1014 4691 967
f 4692 4691 1014
f 1013 4693 4692
f 1013 4694 4693
f 1012 4695 4694
f 1012 4694 1013
f 1011 4695 1012
f 1011 4696 4695
f 1011 4697 4696
f 1010 4697 1011
f 1009 4697 1010
f 1010 4698 1009
f 1008 4698 1010
f 1007 4699 1008
f 1006 4699 1007
f 1006 4700 4699
f 1005 4700 1006
f 1005 4701 4700
f 1004 4702 4701
f 1004 4701 1005
f 1003 4703 4702
f 1003 4702 1004
f 1003 4704 4703
f 1002 4704 1003
f 1002 4705 4704
f 1001 4706 4705
f 1001 4705 1002
f 1001 4707 4706
f 1000 4707 1001
f 1000 4708 4707
f 987 4708 1000
f 999 4708 987
f 999 4710 4708
f 999 4709 4710
f 998 4709 999
f 998 4710 4709
f 998 4711 4710
f 997 4711 998
f 996 4711 997
f 996 4712 4711
f 995 4712 996
f 994 4713 4712
f 994 4712 995
f 993 4714 4713
f 993 4713 994
f 992 4714 993
f 992 4715 4714
f 991 4715 992
f 991 4716 4715
f 990 4716 991
f 989 4716 990
f 989 4717 4716
f 988 4717 989
f 1043 4717 988
f 1043 4718 4717
f 1042 4719 4718
f 1042 4718 1043
f 1041 4719 1042
f 1040 4719 1041
f 1040 4720 4719
f 1039 4720 1040
f 1039 4722 4720
f 4721 4722 1039
f 1038 4722 4721
f 1038 4723 4722
f 1037 4723 1038
f 1037 4724 4723
f 1036 4724 1037
f 1036 4725 4724
f 1035 4725 1036
f 1035 4726 4725
f 1034 4726 1035
f 1033 4727 4726
f 1033 4726 1034
f 1032 4727 1033
f 1032 4728 4727
f 1031 4728 1032
f 1030 4728 1031
f 1030 4729 4728
f 1029 4729 1030
f 1028 4729 1029
f 1028 4730 4729
f 1027 4730 1028
f 1027 4731 4730
f 1026 4731 1027
f 1026 4732 4731
f 1025 4732 1026
f 1025 4733 4732
f 1024 4733 1025
f 1023 4733 1024
f 1023 4734 4733
f 1022 4734 1023
f 1022 4735 4734
f 1021 4735 1022
f 1020 4735 1021
f 1020 4736 4735
f 1019 4736 1020
f 1018 4736 1019
f 1018 4737 4736
f 1017 4737 1018
f 1016 4737 1017
f 1016 4738 4737
f 1015 4738 1016
f 1068 4738 1015
f 1067 4739 1068
f 1067 4740 4739
f 1044 4740 1067
f 1044 4741 4740
f 1066 4741 1044
f 1066 4742 4741
f 1066 4743 4742
f 1066 4744 4743
f 1065 4744 1066
f 1065 4745 4744
f 1092 4745 1065
f 1045 4745 1092
f 1045 4746 4745
f 1064 4746 1045
f 1063 4746 1064
f 1063 4747 4746
f 1064 4747 1063
f 1062 1061 4747
f 1062 4747 1064
f 1062 4748 1061
f 4770 4748 1062
f 1060 4749 4748
f 1060 4748 4770
f 1059 4750 4749
f 1059 4749 1060
f 1059 4751 4750
f 1058 4751 1059
f 1058 4752 4751
f 1057 4752 1058
f 1057 4753 4752
f 1056 4753 1057
f 1056 4754 4753
f 1055 4754 1056
f 1054 4754 1055
f 1054 4755 4754
f 1053 4756 4755
f 1053 4755 1054
f 1052 1023 4756
f 1052 4756 1053
f 1051 4757 1023
f 1051 1023 1052
f 1051 4758 4757
f 1050 4758 1051
f 1050 4759 4758
f 1049 4759 1050
f 1049 4760 4759
f 1048 4760 1049
f 1047 4760 1048
f 1046 4761 4760
f 1046 4760 1047
f 1098 4761 1046
f 1098 4762 4761
f 1097 4762 1098
f 1097 4763 4762
f 1096 4763 1097
f 1096 4764 4763
f 1095 4764 1096
f 1095 4765 4764
f 1094 4765 1095
f 1094 4766 4765
f 1093 4766 1094
f 1093 4767 4766
f 4796 1092 4767
f 4796 4767 1093
f 1091 1045 1092
f 1090 1089 1045
f 1090 1045 1091
f 1088 4768 1089
f 1088 1089 1090
f 1087 4769 4768
f 1087 4768 1088
f 1086 4770 4769
f 1086 4769 1087
f 1086 4771 4770
f 1085 4771 1086
f 1084 4771 1085
f 1084 4772 4771
f 1083 4772 1084
f 1083 4773 4772
f 1082 4773 1083
f 1082 4774 4773
f 1081 4774 1082
f 1081 4775 4774
f 1080 4775 1081
f 1080 4776 4775
f 1079 4776 1080
f 1079 4777 4776
f 1078 4777 1079
f 1078 4778 4777
f 1078 4779 4778
f 1077 4779 1078
f 1077 4780 4779
f 1077 4781 4780
f 1076 4781 1077
f 1076 4782 4781
f 1076 4783 4782
f 1075 4783 1076
f 1075 4784 4783
f 1075 4785 4784
f 1074 4786 4785
f 1074 4785 1075
f 1073 4787 4786
f 1073 4786 1074
f 1072 4787 1073
f 1071 4787 1072
f 1070 4787 1071
f 1070 4788 4787
f 1070 4789 4788
f 1069 4789 1070
f 1069 4790 4789
f 1070 4790 1069
f 1126 4790 1070
f 1126 4791 4790
f 1126 4792 4791
f 1099 4792 1126
f 1099 4793 4792
f 1125 4793 1099
f 1125 4794 4793
f 1125 4795 4794
f 1124 4795 1125
f 1124 4796 4795
f 1123 4796 1124
f 1123 4797 4796
f 1122 4797 1123
f 1122 4798 4797
f 1122 4799 4798
f 1121 4800 4799
f 1121 4799 1122
f 1121 4801 4800
f 1120 4802 4801
f 1120 4801 1121
f 1119 4802 1120
f 1118 4802 1119
f 1118 4803 4802
f 1117 4804 4803
f 1117 4803 1118
f 1116 4804 1117
f 1116 4805 4804
f 1100 4805 1116
f 1115 4805 1100
f 1115 4806 4805
f 1114 4806 1115
f 1113 4806 1114
f 1112 4806 1113
f 1112 4807 4806
f 1111 4807 1112
f 1111 4808 4807
f 1110 4808 1111
f 1109 4808 1110
f 1109 4809 4808
f 1108 4809 1109
f 1107 4809 1108
f 1107 4810 4809
f 1106 4811 4810
f 1106 4810 1107
f 1106 4812 4811
f 1105 4812 1106
f 1104 4813 4812
f 1104 4812 1105
f 1103 4813 1104
f 1103 4814 4813
f 1102 4814 1103
f 1102 4815 4814
f 1101 4815 1102
f 1101 4816 4815
f 1101 4817 4816
f 1152 4817 1101
f 1152 4818 4817
f 1152 4819 4818
f 1151 4819 1152
f 1150 4820 4819
f 1150 4819 1151
f 1150 4821 4820
f 1149 4822 4821
f 1149 4821 1150
f 1149 4823 4822
f 1148 4823 1149
f 1147 4824 4823
f 1147 4823 1148
f 1146 4825 4824
f 1146 4824 1147
f 1146 4826 4825
f 1145 4826 1146
f 1145 4827 4826
f 1144 4827 1145
f 1143 4827 1144
f 1143 4828 4827
f 1142 4828 1143
f 1141 4828 1142
f 1141 4829 4828
f 1141 4830 4829
f 1140 4830 1141
f 1127 4830 1140
f 1127 4832 4830
f 1127 4831 4832
f 1139 4831 1127
f 1139 4832 4831
f 1139 4834 4832
f 1139 4833 4834
f 1138 4833 1139
f 1138 4834 4833
f 1138 4835 4834
f 1137 4835 1138
f 1136 4835 1137
f 1136 4836 4835
f 4861 4837 4836
f 4861 4836 1136
f 1135 4837 4861
f 1134 4837 1135
f 1134 4838 4837
f 1133 4838 1134
f 1132 4838 1133
f 1132 4839 4838
f 1131 4839 1132
f 1131 4840 4839
f 1130 4840 1131
f 1130 4841 4840
f 1130 4842 4841
f 1129 4842 1130
f 1129 4843 4842
f 1128 4843 1129
f 1128 4845 4843
f 1128 4844 4845
f 1178 4844 1128
f 1178 4845 4844
f 1178 4846 4845
f 1177 4846 1178
f 1153 4846 1177
f 1153 4847 4846
f 1153 4848 4847
f 1176 4848 1153
f 1176 4849 4848
f 1175 4849 1176
f 1175 4850 4849
f 1174 4850 1175
f 1173 4850 1174
f 1173 4851 4850
f 1172 4851 1173
f 1171 4851 1172
f 1171 4853 4851
f 1170 4852 4853
f 1170 4853 1171
f 1169 4853 4852
f 1169 4852 1170
f 1169 4854 4853
f 1168 4854 1169
f 1167 4855 4854
f 1167 4854 1168
f 1166 4855 1167
f 1165 4856 4855
f 1165 4855 1166
f 1164 4857 4856
f 1164 4856 1165
f 1163 4857 1164
f 1163 4858 4857
f 1162 4859 4858
f 1162 4858 1163
f 1161 4860 4859
f 1161 4859 1162
f 1160 4861 4860
f 1160 4860 1161
f 1159 4862 4861
f 1159 4861 1160
f 1159 4863 4862
f 1158 4865 4863
f 1158 4863 1159
f 1158 4864 4865
f 1157 4865 4864
f 1157 4864 1158
f 1157 4866 4865
f 1156 4866 1157
f 1156 4867 4866
f 1155 4867 1156
f 1155 4868 4867
f 1154 4868 1155
f 1154 4869 4868
f 1154 4870 4869
f 1154 4871 4870
f 1207 4872 4871
f 1207 4871 1154
f 1206 4873 4872
f 1206 4872 1207
f 1205 4874 4873
f 1205 4873 1206
f 1204 4875 4874
f 1204 4874 1205
f 1203 4875 1204
f 1203 4876 4875
f 1202 4876 1203
f 1201 4877 4876
f 1201 4876 1202
f 1200 4877 1201
f 1199 4877 1200
f 1199 4878 4877
f 1198 4878 1199
f 1197 4878 1198
f 1197 4879 4878
f 1196 4879 1197
f 1195 4879 1196
f 1195 4880 4879
f 1194 4880 1195
f 1193 4880 1194
f 1193 4881 4880
f 1192 4881 1193
f 1191 4881 1192
f 1191 4882 4881
f 1190 4882 1191
f 1190 4883 4882
f 1190 4884 4883
f 1189 4884 1190
f 1189 4885 4884
f 1188 4885 1189
f 1187 4885 1188
f 1187 4886 4885
f 1186 4886 1187
f 1185 4887 4886
f 1185 4886 1186
f 1185 4888 4887
f 1184 4888 1185
f 1183 4888 1184
f 1183 4889 4888
f 1182 4889 1183
f 1182 4890 4889
f 1181 4890 1182
f 1180 4890 1181
f 1180 4891 4890
f 1179 4891 1180
f 1179 4892 4891
f 1237 4892 1179
f 1237 4893 4892
f 1236 4893 1237
f 1235 4893 1236
f 1236 4894 1235
f 1234 4894 1236
f 1233 4895 1234
f 1232 4895 1233
f 1232 4896 4895
f 1231 4896 1232
f 1230 4897 4896
f 1230 4896 1231
f 1230 4898 4897
f 1229 4898 1230
f 1228 4899 4898
f 1228 4898 1229
f 1227 4900 4899
f 1227 4899 1228
f 1226 4901 4900
f 1226 4900 1227
f 1225 4901 1226
f 1225 4902 4901
f 1224 4902 1225
f 1208 4902 1224
f 1208 4903 4902
f 1223 4903 1208
f 1222 4904 4903
f 1222 4903 1223
f 1221 4905 4904
f 1221 4904 1222
f 1220 4906 4905
f 1220 4905 1221
f 1219 4907 4906
f 1219 4906 1220
f 1218 4907 1219
f 1217 4907 1218
f 1217 4908 4907
f 1216 4908 1217
f 1216 4909 4908
f 1215 4909 1216
f 1214 4909 1215
f 1214 4910 4909
f 1213 4910 1214
f 1213 4911 4910
f 1212 4911 1213
f 1211 4911 1212
f 1211 4912 4911
f 1211 4913 4912
f 1209 4914 4913
f 1209 4913 1211
f 1210 4914 1209
f 2793 4914 1210
f 2792 4915 4914
f 2792 4914 2793
f 2791 4915 2792
f 2790 4916 4915
f 2790 4915 2791
f 2789 4916 2790
f 2789 4917 4916
f 2761 4917 2789
f 2761 4918 4917
f 2788 4918 2761
f 2787 4918 2788
f 2786 4918 2787
f 2786 4919 4918
f 2785 4919 2786
f 2784 4919 2785
f 2784 4920 4919
f 2783 4920 2784
f 2783 4921 4920
f 4947 4921 2783
f 4947 4922 4921
f 2782 4922 4947
f 2781 4922 2782
f 2780 4922 2781
f 2780 4923 4922
f 2779 4923 2780
f 2778 4923 2779
f 2778 4924 4923
f 2779 4924 2778
f 2779 4925 4924
f 2762 4925 2779
f 2777 4925 2762
f 2777 4926 4925
f 2776 4926 2777
f 2776 4927 4926
f 2775 4927 2776
f 2774 4927 2775
f 2773 4928 4927
f 2773 4927 2774
f 2773 4929 4928
f 2772 4929 2773
f 2771 4929 2772
f 2771 4931 4929
f 2770 4931 2771
f 2770 4930 4931
f 2769 4930 2770
f 2769 4931 4930
f 2768 4931 2769
f 2768 4932 4931
f 2767 4932 2768
f 2767 4933 4932
f 2766 4933 2767
f 2766 4934 4933
f 2765 4934 2766
f 2765 4935 4934
f 2765 4936 4935
f 2764 4936 2765
f 2763 4936 2764
f 2763 1209 4936
f 1238 1209 2763
f 1238 4937 1209
f 1256 4937 1238
f 1256 4938 4937
f 1256 4940 4938
f 1255 4940 1256
f 1255 4939 4940
f 1254 4939 1255
f 1254 4940 4939
f 1254 4941 4940
f 1253 4941 1254
f 1253 4942 4941
f 1253 4943 4942
f 1252 4943 1253
f 1252 4944 4943
f 1251 4944 1252
f 1251 4945 4944
f 1250 4945 1251
f 1250 4946 4945
f 1250 4947 4946
f 1249 4947 1250
f 1249 4948 4947
f 1249 4949 4948
f 1248 4949 1249
f 1248 4950 4949
f 1247 4951 4950
f 1247 4950 1248
f 1246 4951 1247
f 1245 4952 4951
f 1245 4951 1246
f 1245 4953 4952
f 1244 4953 1245
f 1243 4954 4953
f 1243 4953 1244
f 1242 4955 4954
f 1242 4954 1243
f 1241 4955 1242
f 1241 4956 4955
f 1240 4956 1241
f 1240 4957 4956
f 1239 4957 1240
f 1239 4958 4957
f 1257 4958 1239
f 1257 4959 4958
f 4658 4959 1257
f 4658 4960 4959
f 4668 4961 4960
f 4668 4960 4658
f 4980 4961 4668
f 4980 4962 4961
f 4981 4962 4980
f 4981 4963 4962
f 4982 4964 4963
f 4982 4963 4981
f 4667 4964 4982
f 4667 4965 4964
f 4666 4966 4965
f 4666 4965 4667
f 4983 4966 4666
f 4984 4966 4983
f 4984 4967 4966
f 4985 4968 4967
f 4985 4967 4984
f 4985 4969 4968
f 4986 4969 4985
f 4663 4970 4986
f 4663 4971 4970
f 4663 4972 4971
f 4987 4972 4663
f 4988 4972 4987
f 4988 4973 4972
f 4988 4974 4973
f 4989 4974 4988
f 4989 4975 4974
f 4990 4975 4989
f 4991 4975 4990
f 4991 4976 4975
f 4992 4976 4991
f 4993 4977 4976
f 4993 4976 4992
f 4994 4977 4993
f 4994 4978 4977
f 4994 4979 4978
f 4670 4979 4994
f 307 321 306
f 4998 6008 319
f 4998 319 320
f 4998 4995 4996
f 4998 5000 5001
f 4998 6009 6008
f 4998 5001 6009
f 4998 320 321
f 4998 307 4995
f 4998 321 307
f 4998 4999 5000
f 4998 4996 4997
f 5005 5671 5006
f 5005 5008 631
f 5005 5006 5007
f 5005 5007 5008
f 5004 631 632
f 5004 632 637
f 5004 5005 631
f 5004 637 633
f 5004 5002 5003
f 5004 633 5002
f 5338 5337 5013
f 5338 5015 5016
f 5338 5016 953
f 5338 5014 5015
f 5338 5013 5014
f 5012 953 954
f 5012 954 955
f 5012 955 2824
f 5012 5338 953
f 5011 5012 2824
f 5011 5009 5010
f 5011 2824 2814
f 5011 2814 5009
f 5025 1292 648
f 5025 5026 1292
f 5139 5018 5138
f 5213 5211 5212
f 5292 5291 2806
f 5297 5296 2798
f 2821 5302 5301
f 2819 5020 5302
f 5304 5024 5303
f 5026 644 1292
f 5027 644 5026
f 5028 644 5027
f 5028 643 644
f 5028 642 643
f 5029 642 5028
f 5030 642 5029
f 5031 641 642
f 5031 642 5030
f 5031 640 641
f 5032 640 5031
f 5033 640 5032
f 5033 639 640
f 5034 639 5033
f 5034 638 639
f 5035 638 5034
f 5036 638 5035
f 5036 652 638
f 5037 652 5036
f 5037 1296 652
f 5038 645 1296
f 5038 1296 5037
f 5039 645 5038
f 5041 645 5039
f 5041 651 645
f 5042 651 5041
f 5043 650 651
f 5043 651 5042
f 5044 650 5043
f 5045 650 5044
f 5046 650 5045
f 5046 648 650
f 5047 648 5046
f 5048 648 5047
f 5049 648 5048
f 5050 648 5049
f 5050 666 648
f 5051 666 5050
f 5051 665 666
f 5051 664 665
f 5052 664 5051
f 5053 664 5052
f 5053 663 664
f 5054 663 5053
f 5055 662 663
f 5055 663 5054
f 5055 661 662
f 5057 661 5055
f 5057 660 661
f 5057 646 660
f 5058 646 5057
f 5058 659 646
f 5059 659 5058
f 5059 658 659
f 5059 657 658
f 5060 657 5059
f 5060 656 657
f 5062 656 5060
f 5062 655 656
f 5062 654 655
f 5063 654 5062
f 5063 653 654
f 5064 667 653
f 5064 653 5063
f 5064 701 667
f 5064 700 701
f 5065 699 700
f 5065 700 5064
f 5066 699 5065
f 5066 698 699
f 5067 697 698
f 5067 698 5066
f 5068 668 697
f 5068 697 5067
f 5068 696 668
f 5069 669 696
f 5069 696 5068
f 5070 669 5069
f 5070 695 669
f 5071 695 5070
f 5071 694 695
f 5072 694 5071
f 5072 693 694
f 5072 692 693
f 5072 691 692
f 5073 691 5072
f 5073 690 691
f 5073 689 690
f 5074 688 689
f 5074 689 5073
f 5074 687 688
f 5075 687 5074
f 5075 686 687
f 5075 685 686
f 5076 684 685
f 5076 685 5075
f 5077 684 5076
f 5078 684 5077
f 5078 683 684
f 5078 670 683
f 5078 682 670
f 5079 682 5078
f 5079 681 682
f 5079 680 681
f 5080 680 5079
f 5081 680 5080
f 5081 679 680
f 5081 671 679
f 5082 671 5081
f 5082 678 671
f 5082 5083 678
f 5084 677 5083
f 5085 677 5084
f 5085 676 677
f 5085 672 676
f 5085 675 672
f 5086 675 5085
f 5087 674 675
f 5087 675 5086
f 5088 673 674
f 5088 674 5087
f 5090 673 5088
f 5090 732 673
f 5090 731 732
f 5091 731 5090
f 5091 730 731
f 5092 730 5091
f 5092 729 730
f 5093 729 5092
f 5093 728 729
f 753 728 5093
f 753 727 728
f 5094 727 753
f 5094 726 727
f 5094 725 726
f 751 725 5094
f 5095 725 751
f 5095 724 725
f 5095 723 724
f 5096 723 5095
f 5096 722 723
f 5097 722 5096
f 5097 720 722
f 5098 719 720
f 5098 720 5097
f 5098 718 719
f 5099 718 5098
f 5100 717 718
f 5100 718 5099
f 5100 716 717
f 5101 716 5100
f 5102 715 716
f 5102 716 5101
f 5102 714 715
f 5103 714 5102
f 5104 713 714
f 5104 714 5103
f 5104 712 713
f 5105 712 5104
f 5105 711 712
f 5105 710 711
f 5106 710 5105
f 5106 709 710
f 5106 708 709
f 5107 708 5106
f 5108 707 708
f 5108 708 5107
f 5108 706 707
f 5109 705 706
f 5109 706 5108
f 5109 704 705
f 5110 704 5109
f 5110 703 704
f 5111 703 5110
f 5111 702 703
f 5112 702 5111
f 5113 702 5112
f 5113 757 702
f 5114 757 5113
f 5115 757 5114
f 5115 5116 757
f 5118 756 5116
f 5118 755 756
f 5119 754 755
f 5119 755 5118
f 5120 754 5119
f 5121 754 5120
f 5121 752 754
f 5122 752 5121
f 5122 750 752
f 5123 750 5122
f 5124 749 5123
f 5125 748 749
f 5125 749 5124
f 5125 747 748
f 5126 747 5125
f 5126 746 747
f 5126 745 746
f 5127 745 5126
f 5128 745 5127
f 5128 744 745
f 5128 743 744
f 5129 743 5128
f 5130 743 5129
f 5130 742 743
f 5131 742 5130
f 5131 733 742
f 5133 733 5131
f 5133 741 733
f 5134 740 741
f 5134 741 5133
f 5134 739 740
f 5135 739 5134
f 5135 738 739
f 776 738 5135
f 5136 737 738
f 5136 738 776
f 773 737 5136
f 773 736 737
f 5137 736 773
f 5018 736 5137
f 5018 735 736
f 5018 734 735
f 5139 734 5018
f 5139 770 734
f 5140 770 5139
f 5140 769 770
f 5141 769 5140
f 5141 768 769
f 5142 768 5141
f 5142 767 768
f 5143 767 5142
f 5143 766 767
f 5144 766 5143
f 5145 766 5144
f 5145 765 766
f 5145 764 765
f 5146 764 5145
f 5146 763 764
f 5147 763 5146
f 5147 762 763
f 5148 762 5147
f 5148 761 762
f 5148 760 761
f 5149 760 5148
f 5149 759 760
f 5150 759 5149
f 5150 783 759
f 5151 782 783
f 5151 783 5150
f 5152 782 5151
f 5152 781 782
f 5153 781 5152
f 811 780 5153
f 5154 758 780
f 5154 780 811
f 5155 758 5154
f 5155 779 758
f 5156 778 779
f 5156 779 5155
f 5156 777 778
f 5157 777 5156
f 5157 775 777
f 5158 775 5157
f 5159 775 5158
f 5159 774 775
f 5160 774 5159
f 5161 772 774
f 5161 774 5160
f 5161 771 772
f 798 771 5161
f 5162 797 771
f 5162 771 798
f 5163 797 5162
f 5164 796 797
f 5164 797 5163
f 5165 795 796
f 5165 796 5164
f 5166 794 795
f 5166 795 5165
f 5167 794 5166
f 5168 793 794
f 5168 794 5167
f 5169 792 793
f 5169 793 5168
f 5170 792 5169
f 791 792 5170
f 5171 790 791
f 5171 788 790
f 5172 788 5171
f 5172 787 788
f 5019 787 5172
f 5173 787 5019
f 5173 786 787
f 5173 785 786
f 5174 785 5173
f 5174 784 785
f 5174 814 784
f 5175 814 5174
f 5175 813 814
f 5176 812 813
f 5176 813 5175
f 5177 810 812
f 5177 812 5176
f 5177 809 810
f 5178 808 809
f 5178 809 5177
f 5178 807 808
f 5179 806 807
f 5179 807 5178
f 5179 805 806
f 5180 805 5179
f 5180 804 805
f 5181 804 5180
f 5181 803 804
f 5181 802 803
f 5182 802 5181
f 5182 801 802
f 5183 801 5182
f 5183 800 801
f 5183 799 800
f 5183 798 799
f 5184 798 5183
f 5184 843 798
f 5184 842 843
f 5185 842 5184
f 5186 842 5185
f 5186 841 842
f 5187 841 5186
f 5188 841 5187
f 5189 840 5188
f 5190 839 840
f 5190 840 5189
f 5190 838 839
f 5191 838 5190
f 5191 837 838
f 5192 837 5191
f 5192 836 837
f 5193 836 5192
f 5193 835 836
f 5194 835 5193
f 5194 834 835
f 5194 833 834
f 5194 832 833
f 5195 832 5194
f 5195 831 832
f 5196 831 5195
f 5196 830 831
f 5197 830 5196
f 5197 829 830
f 5197 828 829
f 5198 828 5197
f 5199 828 5198
f 5199 827 828
f 5199 815 827
f 5200 815 5199
f 5201 815 5200
f 5201 826 815
f 5202 826 5201
f 5202 825 826
f 5202 824 825
f 5202 823 824
f 5203 823 5202
f 5203 822 823
f 5204 822 5203
f 5205 821 822
f 5205 822 5204
f 5206 821 5205
f 5206 820 821
f 5207 819 820
f 5207 820 5206
f 5207 818 819
f 5208 817 818
f 5208 818 5207
f 5209 817 5208
f 5209 816 817
f 5210 816 5209
f 5211 844 816
f 5211 816 5210
f 5213 844 5211
f 5214 858 844
f 5214 844 5213
f 5214 857 858
f 5215 857 5214
f 5216 856 857
f 5216 857 5215
f 5217 855 856
f 5217 856 5216
f 5218 855 5217
f 5218 854 855
f 5219 854 5218
f 5220 853 854
f 5220 854 5219
f 5220 852 853
f 890 852 5220
f 5221 851 852
f 5221 852 890
f 5221 850 851
f 5222 850 5221
f 5222 849 850
f 887 848 849
f 887 849 5222
f 5223 848 887
f 5223 847 848
f 5224 847 5223
f 5225 846 847
f 5225 847 5224
f 5226 868 846
f 5226 846 5225
f 5227 868 5226
f 5228 867 868
f 5228 868 5227
f 5229 866 867
f 5229 867 5228
f 5230 865 866
f 5230 866 5229
f 5230 864 865
f 5231 864 5230
f 5232 864 5231
f 5232 863 864
f 5233 863 5232
f 5234 863 5233
f 5234 862 863
f 5234 861 862
f 5235 861 5234
f 5235 845 861
f 5236 845 5235
f 5236 860 845
f 5236 859 860
f 5237 859 5236
f 5237 5212 859
f 5238 5212 5237
f 5239 894 5212
f 5239 5212 5238
f 5240 894 5239
f 5241 893 894
f 5241 894 5240
f 5241 892 893
f 5242 892 5241
f 5242 891 892
f 5243 891 5242
f 5243 869 891
f 5244 869 5243
f 5245 869 5244
f 5245 889 869
f 5246 889 5245
f 5246 888 889
f 5247 888 5246
f 5248 888 5247
f 5248 886 888
f 5249 886 5248
f 5249 885 886
f 5250 885 5249
f 5250 884 885
f 5252 884 5250
f 5252 883 884
f 5252 882 883
f 5253 882 5252
f 5253 881 882
f 5254 881 5253
f 5254 880 881
f 5254 879 880
f 5255 879 5254
f 5255 878 879
f 5255 877 878
f 5256 877 5255
f 5257 877 5256
f 5257 876 877
f 5257 870 876
f 5258 870 5257
f 5260 870 5258
f 5260 875 870
f 5261 874 875
f 5261 875 5260
f 5261 5262 874
f 5263 873 5262
f 5263 872 873
f 5264 871 872
f 5264 872 5263
f 5265 871 5264
f 5265 922 871
f 5266 921 922
f 5266 922 5265
f 5267 921 5266
f 5268 920 921
f 5268 921 5267
f 5268 919 920
f 5269 918 919
f 5269 919 5268
f 5269 917 918
f 5270 916 917
f 5270 917 5269
f 5271 915 916
f 5271 916 5270
f 5271 914 915
f 5272 914 5271
f 5273 913 914
f 5273 914 5272
f 5273 912 913
f 5274 912 5273
f 5275 912 5274
f 5275 911 912
f 5276 911 5275
f 5277 911 5276
f 5277 910 911
f 5277 909 910
f 5278 909 5277
f 5278 895 909
f 5278 908 895
f 5279 908 5278
f 5279 907 908
f 5279 906 907
f 5280 906 5279
f 5280 905 906
f 5280 904 905
f 5281 904 5280
f 5281 903 904
f 5281 902 903
f 5282 902 5281
f 5283 902 5282
f 5283 896 902
f 5283 901 896
f 5284 901 5283
f 5284 900 901
f 5285 900 5284
f 5285 899 900
f 5285 898 899
f 5286 898 5285
f 5287 897 898
f 5287 898 5286
f 5288 897 5287
f 5289 937 897
f 5289 897 5288
f 5289 936 937
f 5290 936 5289
f 5290 935 936
f 5290 934 935
f 5291 934 5290
f 5291 933 934
f 5292 933 5291
f 5292 932 933
f 5292 931 932
f 5292 930 931
f 5293 930 5292
f 5294 930 5293
f 5294 929 930
f 5294 928 929
f 5295 928 5294
f 5295 927 928
f 5296 927 5295
f 5296 926 927
f 5296 925 926
f 5297 925 5296
f 5298 925 5297
f 5298 924 925
f 5298 923 924
f 5299 923 5298
f 5299 952 923
f 5299 951 952
f 5300 951 5299
f 5301 951 5300
f 5301 950 951
f 5302 950 5301
f 5302 949 950
f 5302 948 949
f 5020 948 5302
f 5020 947 948
f 5021 947 5020
f 5021 946 947
f 5022 946 5021
f 5022 945 946
f 5022 944 945
f 5023 944 5022
f 5023 943 944
f 5024 943 5023
f 5024 942 943
f 5024 941 942
f 5304 941 5024
f 5304 940 941
f 5305 940 5304
f 5305 939 940
f 5306 939 5305
f 5306 938 939
f 5307 2811 938
f 5307 938 5306
f 5308 2810 2811
f 5308 2811 5307
f 5308 2809 2810
f 5309 2809 5308
f 5310 2807 2809
f 5310 2809 5309
f 5311 2807 5310
f 5312 2807 5311
f 5312 2804 2807
f 5313 2804 5312
f 5314 2803 2804
f 5314 2804 5313
f 5314 2801 2803
f 5315 2801 5314
f 5315 2800 2801
f 5316 2799 2800
f 5316 2800 5315
f 5317 2797 2799
f 5317 2799 5316
f 5318 2797 5317
f 5318 2796 2797
f 5319 2794 2796
f 5319 2796 5318
f 5320 2823 2794
f 5320 2794 5319
f 5321 2823 5320
f 5322 2823 5321
f 5322 2822 2823
f 5323 2822 5322
f 5323 2821 2822
f 5323 2820 2821
f 5324 2820 5323
f 5324 2819 2820
f 5325 2819 5324
f 5325 2818 2819
f 5326 2818 5325
f 5327 2817 2818
f 5327 2818 5326
f 5328 2816 2817
f 5328 2817 5327
f 5329 2816 5328
f 5329 2815 2816
f 5330 2815 5329
f 5330 2814 2815
f 5017 2814 5330
f 5015 5331 5016
f 5333 5332 5014
f 5013 5333 5014
f 5335 5334 5013
f 5336 5335 5013
f 5337 5336 5013
f 5338 5012 5011
f 5339 5338 5011
f 5340 5339 5011
f 5340 5011 5010
f 5341 5340 5010
f 5341 5010 5009
f 5342 5341 5009
f 5343 5342 5009
f 5344 5343 5009
f 5345 5344 5009
f 5345 5009 2814
f 5017 5345 2814
f 666 5025 648
f 666 5026 5025
f 665 5026 666
f 665 5027 5026
f 664 5027 665
f 664 5028 5027
f 663 5029 5028
f 663 5028 664
f 662 5029 663
f 661 5029 662
f 661 5030 5029
f 660 5031 5030
f 660 5030 661
f 646 5031 660
f 659 5032 5031
f 659 5031 646
f 658 5032 659
f 657 5033 5032
f 657 5032 658
f 656 5033 657
f 655 5034 5033
f 655 5033 656
f 654 5034 655
f 654 5035 5034
f 654 5036 5035
f 653 5036 654
f 667 5036 653
f 667 5037 5036
f 701 5037 667
f 701 700 5037
f 699 5037 700
f 699 5038 5037
f 698 5038 699
f 698 5039 5038
f 697 5039 698
f 697 5041 5039
f 668 5040 5041
f 668 5041 697
f 696 5041 5040
f 696 5040 668
f 696 5042 5041
f 669 5042 696
f 669 5043 5042
f 695 5044 5043
f 695 5043 669
f 694 5045 5044
f 694 5044 695
f 694 5046 5045
f 693 5046 694
f 692 5046 693
f 691 5047 5046
f 691 5046 692
f 690 5047 691
f 689 5048 5047
f 689 5047 690
f 689 5049 5048
f 688 5049 689
f 687 5049 688
f 687 5050 5049
f 686 5050 687
f 685 5050 686
f 685 5051 5050
f 684 5051 685
f 684 5052 5051
f 683 5052 684
f 683 5053 5052
f 670 5053 683
f 682 5053 670
f 682 5054 5053
f 681 5054 682
f 681 5055 5054
f 680 5055 681
f 679 5055 680
f 679 5057 5055
f 679 5056 5057
f 671 5056 679
f 671 5057 5056
f 678 5057 671
f 678 5058 5057
f 5083 5059 5058
f 5083 5058 678
f 677 5059 5083
f 677 5060 5059
f 676 5062 5060
f 676 5060 677
f 672 5061 5062
f 672 5062 676
f 675 5062 5061
f 675 5061 672
f 674 5063 5062
f 674 5062 675
f 673 5063 674
f 732 5063 673
f 732 5064 5063
f 732 5065 5064
f 731 5065 732
f 731 5066 5065
f 730 5066 731
f 730 5067 5066
f 729 5067 730
f 729 5068 5067
f 728 5068 729
f 727 5068 728
f 727 5069 5068
f 726 5069 727
f 726 5070 5069
f 725 5070 726
f 725 5071 5070
f 724 5071 725
f 724 5072 5071
f 723 5072 724
f 723 5073 5072
f 722 5073 723
f 721 5073 722
f 720 5074 5073
f 720 5073 721
f 720 5075 5074
f 719 5076 5075
f 719 5075 720
f 718 5076 719
f 717 5077 5076
f 717 5076 718
f 716 5077 717
f 716 5078 5077
f 715 5078 716
f 714 5078 715
f 714 5079 5078
f 713 5079 714
f 712 5079 713
f 712 5080 5079
f 711 5081 5080
f 711 5080 712
f 710 5081 711
f 709 5082 5081
f 709 5081 710
f 708 5082 709
f 708 5083 5082
f 707 5084 5083
f 707 5083 708
f 706 5084 707
f 706 5085 5084
f 705 5085 706
f 704 5085 705
f 704 5086 5085
f 703 5086 704
f 703 5087 5086
f 702 5087 703
f 702 5088 5087
f 702 5090 5088
f 702 5089 5090
f 757 5089 702
f 757 5090 5089
f 757 5091 5090
f 5116 5092 5091
f 5116 5091 757
f 756 5093 5092
f 756 5092 5116
f 755 5093 756
f 754 753 5093
f 754 5093 755
f 754 5094 753
f 752 751 5094
f 752 5094 754
f 752 5095 751
f 750 5095 752
f 5123 5096 5095
f 5123 5095 750
f 749 5096 5123
f 748 5096 749
f 748 5097 5096
f 747 5097 748
f 746 5097 747
f 746 5098 5097
f 745 5098 746
f 745 5099 5098
f 745 5100 5099
f 744 5100 745
f 744 5101 5100
f 743 5101 744
f 743 5102 5101
f 743 5103 5102
f 742 5103 743
f 742 5104 5103
f 742 5105 5104
f 733 5105 742
f 741 5105 733
f 741 5106 5105
f 740 5106 741
f 739 5107 5106
f 739 5108 5107
f 739 5106 740
f 738 5109 5108
f 738 5108 739
f 737 5109 738
f 736 5109 737
f 736 5110 5109
f 736 5111 5110
f 735 5111 736
f 735 5112 5111
f 734 5112 735
f 734 5113 5112
f 770 5113 734
f 770 5114 5113
f 770 5115 5114
f 769 5115 770
f 769 5116 5115
f 769 5118 5116
f 769 5117 5118
f 768 5117 769
f 768 5118 5117
f 768 5119 5118
f 767 5119 768
f 767 5120 5119
f 767 5121 5120
f 766 5121 767
f 765 5121 766
f 765 5122 5121
f 764 5122 765
f 763 5122 764
f 763 5123 5122
f 762 5123 763
f 762 5124 5123
f 762 5125 5124
f 761 5125 762
f 760 5126 5125
f 760 5125 761
f 759 5126 760
f 783 5127 5126
f 783 5126 759
f 783 5128 5127
f 782 5128 783
f 781 5129 5128
f 781 5128 782
f 5153 5129 781
f 780 5130 5129
f 780 5129 5153
f 758 5131 5130
f 758 5130 780
f 758 5133 5131
f 758 5132 5133
f 779 5133 5132
f 779 5132 758
f 778 5134 5133
f 778 5133 779
f 777 5134 778
f 777 5135 5134
f 775 5135 777
f 776 5135 775
f 775 5136 776
f 774 5136 775
f 773 5136 774
f 774 5137 773
f 772 5137 774
f 771 5137 772
f 771 5018 5137
f 771 5138 5018
f 771 5139 5138
f 797 5139 771
f 797 5140 5139
f 797 5141 5140
f 796 5141 797
f 795 5141 796
f 795 5142 5141
f 794 5142 795
f 793 5143 5142
f 793 5142 794
f 792 5144 5143
f 792 5143 793
f 792 5145 5144
f 791 5146 5145
f 791 5145 792
f 790 5146 791
f 790 789 5146
f 788 5146 789
f 788 5147 5146
f 787 5147 788
f 787 5148 5147
f 786 5148 787
f 786 5149 5148
f 785 5149 786
f 785 5150 5149
f 784 5150 785
f 784 5151 5150
f 814 5151 784
f 814 5152 5151
f 813 5152 814
f 813 5153 5152
f 812 5153 813
f 812 811 5153
f 812 5154 811
f 812 5155 5154
f 810 5155 812
f 809 5155 810
f 808 5156 5155
f 808 5155 809
f 807 5156 808
f 806 5157 5156
f 806 5156 807
f 805 5157 806
f 805 5158 5157
f 804 5158 805
f 804 5159 5158
f 803 5159 804
f 802 5159 803
f 802 5160 5159
f 801 5160 802
f 801 5161 5160
f 800 5161 801
f 799 5161 800
f 799 798 5161
f 843 5162 798
f 842 5162 843
f 842 5163 5162
f 842 5164 5163
f 841 5164 842
f 841 5165 5164
f 841 5166 5165
f 5188 5166 841
f 5188 5167 5166
f 840 5167 5188
f 840 5168 5167
f 839 5168 840
f 838 5168 839
f 838 5169 5168
f 838 5170 5169
f 837 5170 838
f 837 791 5170
f 836 791 837
f 836 5171 791
f 835 5171 836
f 834 5172 5171
f 834 5171 835
f 833 5172 834
f 832 5019 5172
f 832 5172 833
f 831 5173 5019
f 831 5019 832
f 830 5174 5173
f 830 5173 831
f 829 5174 830
f 828 5174 829
f 828 5175 5174
f 827 5175 828
f 815 5175 827
f 815 5176 5175
f 826 5176 815
f 825 5177 5176
f 825 5176 826
f 824 5177 825
f 823 5177 824
f 823 5178 5177
f 822 5178 823
f 822 5179 5178
f 821 5179 822
f 821 5180 5179
f 820 5180 821
f 820 5181 5180
f 819 5181 820
f 818 5182 5181
f 818 5181 819
f 817 5183 5182
f 817 5182 818
f 816 5183 817
f 844 5184 5183
f 844 5183 816
f 858 5185 5184
f 858 5184 844
f 858 5186 5185
f 857 5186 858
f 857 5187 5186
f 856 5188 5187
f 856 5187 857
f 855 5189 5188
f 855 5188 856
f 855 5190 5189
f 854 5190 855
f 854 5191 5190
f 853 5191 854
f 852 5191 853
f 852 5192 5191
f 851 5192 852
f 851 5193 5192
f 850 5193 851
f 850 5194 5193
f 849 5194 850
f 848 5194 849
f 848 5195 5194
f 847 5195 848
f 847 5196 5195
f 846 5196 847
f 846 5197 5196
f 846 5198 5197
f 868 5199 5198
f 868 5198 846
f 867 5200 5199
f 867 5199 868
f 867 5201 5200
f 866 5202 5201
f 866 5201 867
f 865 5202 866
f 865 5203 5202
f 864 5203 865
f 864 5204 5203
f 863 5204 864
f 863 5205 5204
f 863 5206 5205
f 862 5206 863
f 862 5207 5206
f 861 5207 862
f 845 5207 861
f 845 5208 5207
f 860 5208 845
f 860 5209 5208
f 859 5209 860
f 859 5210 5209
f 5212 5210 859
f 5212 5211 5210
f 894 5213 5212
f 894 5214 5213
f 894 5215 5214
f 893 5215 894
f 893 5216 5215
f 892 5216 893
f 892 5217 5216
f 891 5218 5217
f 891 5217 892
f 891 5219 5218
f 869 5219 891
f 869 5220 5219
f 890 5220 869
f 869 5221 890
f 889 5221 869
f 889 5222 5221
f 888 5222 889
f 887 5222 888
f 888 5223 887
f 886 5223 888
f 885 5224 5223
f 885 5223 886
f 885 5225 5224
f 884 5225 885
f 883 5225 884
f 883 5226 5225
f 882 5227 5226
f 882 5226 883
f 881 5228 5227
f 881 5227 882
f 880 5228 881
f 879 5229 5228
f 879 5228 880
f 878 5229 879
f 878 5230 5229
f 877 5230 878
f 877 5231 5230
f 876 5231 877
f 876 5232 5231
f 870 5232 876
f 870 5233 5232
f 870 5234 5233
f 875 5234 870
f 874 5234 875
f 874 5235 5234
f 5262 5236 5235
f 5262 5235 874
f 873 5236 5262
f 872 5236 873
f 872 5237 5236
f 871 5237 872
f 922 5237 871
f 922 5238 5237
f 922 5239 5238
f 921 5239 922
f 921 5240 5239
f 921 5241 5240
f 920 5241 921
f 919 5241 920
f 918 5241 919
f 918 5242 5241
f 917 5242 918
f 917 5243 5242
f 916 5243 917
f 915 5243 916
f 915 5244 5243
f 914 5244 915
f 914 5245 5244
f 913 5245 914
f 913 5246 5245
f 912 5246 913
f 912 5247 5246
f 912 5248 5247
f 911 5248 912
f 911 5249 5248
f 911 5250 5249
f 910 5250 911
f 909 5250 910
f 909 5252 5250
f 895 5251 5252
f 895 5252 909
f 908 5252 5251
f 908 5251 895
f 907 5253 5252
f 907 5252 908
f 906 5254 5253
f 906 5253 907
f 905 5254 906
f 904 5254 905
f 904 5255 5254
f 903 5255 904
f 902 5255 903
f 902 5256 5255
f 896 5256 902
f 896 5257 5256
f 901 5257 896
f 901 5258 5257
f 901 5260 5258
f 901 5259 5260
f 900 5259 901
f 900 5260 5259
f 900 5261 5260
f 899 5261 900
f 899 5262 5261
f 898 5262 899
f 897 5262 898
f 897 5263 5262
f 897 5264 5263
f 937 5264 897
f 937 5265 5264
f 937 5266 5265
f 937 5267 5266
f 936 5267 937
f 935 5267 936
f 935 5268 5267
f 934 5268 935
f 933 5268 934
f 933 5269 5268
f 932 5269 933
f 932 5270 5269
f 931 5270 932
f 930 5270 931
f 930 5271 5270
f 929 5271 930
f 928 5272 5271
f 928 5271 929
f 928 5273 5272
f 927 5274 5273
f 927 5273 928
f 926 5275 5274
f 926 5274 927
f 925 5276 5275
f 925 5275 926
f 925 5277 5276
f 924 5277 925
f 923 5278 5277
f 923 5277 924
f 952 5278 923
f 951 5278 952
f 951 5279 5278
f 950 5279 951
f 950 5280 5279
f 949 5280 950
f 948 5280 949
f 948 5281 5280
f 947 5281 948
f 947 5282 5281
f 946 5283 5282
f 946 5282 947
f 945 5283 946
f 945 5284 5283
f 944 5284 945
f 943 5285 5284
f 943 5284 944
f 942 5285 943
f 941 5286 5285
f 941 5285 942
f 940 5286 941
f 939 5287 5286
f 939 5286 940
f 938 5287 939
f 938 5288 5287
f 938 5289 5288
f 2812 5289 938
f 2811 5289 2812
f 2810 5289 2811
f 2810 5290 5289
f 2809 5290 2810
f 2808 5290 2809
f 2808 5291 5290
f 2807 5291 2808
f 2806 5291 2807
f 2807 5292 2806
f 2805 5292 2807
f 2804 5292 2805
f 2804 5293 5292
f 2803 5293 2804
f 2803 5294 5293
f 2802 5294 2803
f 2801 5294 2802
f 2801 5295 5294
f 2800 5295 2801
f 5296 5295 2800
f 2798 5296 2799
f 2797 5298 5297
f 2797 5297 2798
f 2796 5298 2797
f 2795 5298 2796
f 2794 5299 5298
f 2794 5298 2795
f 2823 5299 2794
f 2823 5300 5299
f 2823 5301 5300
f 2822 5301 2823
f 2822 2821 5301
f 2820 5302 2821
f 2819 5302 2820
f 2818 5020 2819
f 2818 5021 5020
f 2817 5021 2818
f 2817 5022 5021
f 2817 2816 5022
f 2816 5023 5022
f 2816 2815 5023
f 2815 5024 5023
f 2814 5024 2815
f 2814 5303 5024
f 2814 5304 5303
f 2813 5304 2814
f 2813 5305 5304
f 2813 5306 5305
f 2813 5307 5306
f 2824 5307 2813
f 955 5307 2824
f 954 5307 955
f 954 5308 5307
f 954 5309 5308
f 953 5309 954
f 953 5310 5309
f 953 5311 5310
f 953 5312 5311
f 5016 5312 953
f 5016 5313 5312
f 5331 5314 5313
f 5331 5313 5016
f 5015 5314 5331
f 5014 5314 5015
f 5014 5315 5314
f 5332 5315 5014
f 5333 5316 5315
f 5333 5315 5332
f 5013 5316 5333
f 5013 5317 5316
f 5334 5318 5317
f 5334 5317 5013
f 5335 5318 5334
f 5336 5318 5335
f 5336 5319 5318
f 5337 5320 5319
f 5337 5319 5336
f 5337 5321 5320
f 5338 5321 5337
f 5338 5322 5321
f 5338 5323 5322
f 5339 5323 5338
f 5339 5324 5323
f 5340 5324 5339
f 5340 5325 5324
f 5340 5326 5325
f 5340 5327 5326
f 5341 5327 5340
f 5341 5328 5327
f 5341 5329 5328
f 5342 5329 5341
f 5343 5329 5342
f 5344 5330 5329
f 5344 5329 5343
f 5345 5017 5330
f 5345 5330 5344
f 5347 327 334
f 5346 633 5664
f 5529 5528 530
f 5347 1272 327
f 5348 1272 5347
f 5348 324 1272
f 5348 323 324
f 5349 323 5348
f 5349 322 323
f 5350 322 5349
f 5351 322 5350
f 5352 322 5351
f 5353 322 5352
f 5353 332 322
f 5354 332 5353
f 5356 332 5354
f 5356 331 332
f 5357 331 5356
f 5358 331 5357
f 5358 5359 331
f 5361 5359 5360
f 5362 5359 5361
f 5363 329 5359
f 5363 5359 5362
f 5364 329 5363
f 5364 1280 329
f 5365 1280 5364
f 5366 1280 5365
f 5366 325 1280
f 5367 328 325
f 5367 325 5366
f 5368 328 5367
f 5369 328 5368
f 5369 327 328
f 5370 327 5369
f 5372 327 5370
f 5372 334 327
f 5373 334 5372
f 5373 339 334
f 5374 339 5373
f 5374 338 339
f 5375 338 5374
f 5375 337 338
f 5377 337 5375
f 5377 336 337
f 5377 335 336
f 5378 335 5377
f 5379 326 335
f 5379 335 5378
f 343 326 5379
f 5380 371 326
f 5380 326 343
f 5381 370 371
f 5381 371 5380
f 5382 370 5381
f 369 370 5382
f 5383 5355 369
f 5383 368 5355
f 5383 367 368
f 5384 367 5383
f 5385 367 5384
f 5385 366 367
f 5385 365 366
f 5387 365 5385
f 5387 364 365
f 5387 363 364
f 5388 363 5387
f 5388 362 363
f 5389 362 5388
f 5390 362 5389
f 5390 361 362
f 5390 360 361
f 5391 360 5390
f 5391 359 360
f 5391 358 359
f 5392 358 5391
f 5393 357 358
f 5393 340 357
f 5393 358 5392
f 5393 356 340
f 5394 356 5393
f 5394 355 356
f 5394 354 355
f 5395 354 5394
f 5396 354 5395
f 5396 353 354
f 5396 352 353
f 5397 352 5396
f 5398 352 5397
f 5398 341 352
f 5398 351 341
f 5399 351 5398
f 5399 350 351
f 5399 349 350
f 5400 349 5399
f 5400 348 349
f 5400 347 348
f 5401 347 5400
f 5402 347 5401
f 5402 342 347
f 5402 346 342
f 5404 346 5402
f 5404 345 346
f 5404 344 345
f 5405 344 5404
f 5405 343 344
f 5406 343 5405
f 5406 402 343
f 5406 401 402
f 5407 401 5406
f 5408 401 5407
f 5408 400 401
f 5409 399 400
f 5409 400 5408
f 5410 399 5409
f 5410 398 399
f 5411 398 5410
f 5411 397 398
f 5412 397 5411
f 5413 396 397
f 5413 397 5412
f 5413 395 396
f 5414 394 395
f 5414 395 5413
f 5414 393 394
f 5415 393 5414
f 5417 393 5415
f 5417 391 393
f 5417 390 391
f 5418 389 390
f 5418 390 5417
f 5418 388 389
f 5419 388 5418
f 5420 387 388
f 5420 388 5419
f 5420 386 387
f 5421 386 5420
f 5422 386 5421
f 5422 385 386
f 5423 385 5422
f 5425 385 5423
f 5425 384 385
f 5425 383 384
f 5425 382 383
f 5426 382 5425
f 5426 381 382
f 5427 381 5426
f 5428 380 381
f 5428 381 5427
f 5428 379 380
f 5429 379 5428
f 5430 377 379
f 5430 379 5429
f 5431 377 5430
f 5432 377 5431
f 5432 376 377
f 5433 375 376
f 5433 376 5432
f 5434 375 5433
f 5434 374 375
f 5435 373 374
f 5435 374 5434
f 5436 373 5435
f 5436 372 373
f 5437 372 5436
f 5438 432 372
f 5438 372 5437
f 5438 431 432
f 5439 431 5438
f 5441 431 5439
f 5441 430 431
f 5441 429 430
f 5442 429 5441
f 5443 429 5442
f 5443 428 429
f 5443 427 428
f 5443 426 427
f 5444 426 5443
f 5444 425 426
f 5445 424 425
f 5445 425 5444
f 5447 424 5445
f 5447 423 424
f 5448 422 423
f 5448 423 5447
f 5448 403 422
f 5448 404 403
f 5449 421 404
f 5449 404 5448
f 5449 420 421
f 5450 420 5449
f 5451 419 420
f 5451 420 5450
f 5451 418 419
f 5452 418 5451
f 5452 417 418
f 5453 417 5452
f 5453 416 417
f 5453 415 416
f 5454 415 5453
f 5455 415 5454
f 5455 414 415
f 5456 414 5455
f 5456 413 414
f 5457 413 5456
f 5458 413 5457
f 5458 412 413
f 5459 412 5458
f 5459 411 412
f 5459 410 411
f 5460 410 5459
f 5461 410 5460
f 5461 409 410
f 5461 5462 409
f 5463 408 5462
f 5463 407 408
f 5464 407 5463
f 5465 406 407
f 5465 407 5464
f 5466 406 5465
f 5466 405 406
f 5466 459 405
f 5467 459 5466
f 5468 459 5467
f 5468 458 459
f 5468 457 458
f 5469 457 5468
f 488 457 5469
f 488 456 457
f 5470 456 488
f 5470 455 456
f 5470 454 455
f 5471 454 5470
f 5472 453 454
f 5472 454 5471
f 5472 452 453
f 5473 452 5472
f 5474 451 452
f 5474 452 5473
f 5474 450 451
f 5475 450 5474
f 5475 449 450
f 5476 448 449
f 5476 449 5475
f 5477 448 5476
f 5477 447 448
f 5478 447 5477
f 5478 433 447
f 5479 434 433
f 5480 434 5479
f 5481 434 5480
f 5481 446 434
f 5481 445 446
f 5483 445 5481
f 5483 443 445
f 5484 443 5483
f 5484 442 443
f 5485 441 442
f 5485 442 5484
f 5485 440 441
f 5486 440 5485
f 5486 439 440
f 5487 439 5486
f 5488 438 439
f 5488 439 5487
f 5489 437 438
f 5489 438 5488
f 5489 436 437
f 5490 436 5489
f 5490 435 436
f 461 435 5490
f 461 491 435
f 5491 491 461
f 5491 490 491
f 516 490 5491
f 5492 490 516
f 5492 489 490
f 5493 489 5492
f 5493 488 489
f 5493 487 488
f 5493 486 487
f 5494 486 5493
f 5495 485 486
f 5495 486 5494
f 5495 484 485
f 5496 484 5495
f 5497 483 484
f 5497 484 5496
f 5497 482 483
f 5498 482 5497
f 5499 481 482
f 5499 482 5498
f 5499 460 481
f 5500 460 5499
f 5501 480 460
f 5501 460 5500
f 5502 480 5501
f 5502 479 480
f 5502 478 479
f 5502 477 478
f 5503 477 5502
f 5504 477 5503
f 5504 476 477
f 5504 475 476
f 5505 475 5504
f 5506 475 5505
f 5506 474 475
f 5506 473 474
f 5506 472 473
f 5507 472 5506
f 5508 472 5507
f 5508 471 472
f 5509 471 5508
f 5509 470 471
f 5509 469 470
f 5509 468 469
f 5510 468 5509
f 5510 467 468
f 5510 466 467
f 5511 466 5510
f 5512 465 466
f 5512 466 5511
f 5512 464 465
f 5513 464 5512
f 5514 462 463
f 5515 462 5514
f 5516 462 5515
f 5516 461 462
f 5516 517 461
f 5517 517 5516
f 5518 517 5517
f 5519 517 5518
f 5519 515 517
f 5519 514 515
f 5520 514 5519
f 513 514 5520
f 5521 512 513
f 5522 512 5521
f 5522 511 512
f 5522 510 511
f 5523 510 5522
f 5523 509 510
f 5524 509 5523
f 5524 508 509
f 5524 507 508
f 5525 507 5524
f 5525 506 507
f 5526 506 5525
f 5527 505 506
f 5527 506 5526
f 5528 505 5527
f 5528 492 505
f 5529 492 5528
f 5531 504 492
f 5531 492 5529
f 5531 503 504
f 5532 502 503
f 5532 503 5531
f 5533 501 502
f 5533 502 5532
f 5534 500 501
f 5534 501 5533
f 5534 499 500
f 5535 499 5534
f 5535 498 499
f 5536 498 5535
f 5536 497 498
f 5537 497 5536
f 5537 496 497
f 5537 495 496
f 5538 493 495
f 5538 495 5537
f 5539 493 5538
f 5539 494 493
f 5539 545 494
f 5540 545 5539
f 5541 544 545
f 5541 545 5540
f 5542 543 544
f 5542 544 5541
f 5542 542 543
f 5543 542 5542
f 5544 541 542
f 5544 542 5543
f 5544 540 541
f 5545 540 5544
f 5545 539 540
f 5546 539 5545
f 5546 538 539
f 5547 538 5546
f 5547 537 538
f 5547 536 537
f 5548 536 5547
f 5548 535 536
f 5548 534 535
f 5549 534 5548
f 5549 5550 534
f 5551 533 5550
f 5551 532 533
f 5551 531 532
f 5552 531 5551
f 5552 529 531
f 5553 529 5552
f 5553 528 529
f 5554 528 5553
f 5554 527 528
f 5554 526 527
f 5555 526 5554
f 5555 525 526
f 552 524 525
f 552 525 5555
f 5556 524 552
f 5556 523 524
f 5556 522 523
f 5557 522 5556
f 5558 522 5557
f 5558 521 522
f 5558 520 521
f 5559 520 5558
f 5560 520 5559
f 5560 519 520
f 5561 519 5560
f 5562 519 5561
f 5562 518 519
f 5562 574 518
f 5563 574 5562
f 5563 573 574
f 5564 573 5563
f 5564 572 573
f 5565 572 5564
f 5565 571 572
f 597 571 5565
f 597 570 571
f 5566 570 597
f 5566 5567 570
f 5568 569 5567
f 5568 568 569
f 5569 568 5568
f 5569 567 568
f 5569 566 567
f 5570 566 5569
f 5571 566 5570
f 5571 565 566
f 5571 564 565
f 5571 563 564
f 5572 563 5571
f 5572 562 563
f 5573 562 5572
f 5574 562 5573
f 5574 561 562
f 5574 560 561
f 5575 559 560
f 5575 560 5574
f 5576 559 5575
f 5577 558 5576
f 5578 557 558
f 5578 558 5577
f 5579 556 557
f 5579 557 5578
f 5579 555 556
f 5580 555 5579
f 5580 554 555
f 5581 554 5580
f 5583 554 5581
f 5583 553 554
f 5583 551 553
f 5585 551 5583
f 5585 550 551
f 5586 549 550
f 5586 550 5585
f 5586 548 549
f 5587 548 5586
f 5587 547 548
f 5588 546 547
f 5588 547 5587
f 5589 546 5588
f 5590 601 546
f 5590 546 5589
f 5590 600 601
f 5591 599 600
f 5591 600 5590
f 5591 598 599
f 5592 598 5591
f 5593 598 5592
f 5593 596 598
f 5594 595 596
f 5594 596 5593
f 5594 594 595
f 5595 594 5594
f 5596 594 5595
f 5596 593 594
f 5596 592 593
f 5597 592 5596
f 5597 591 592
f 5597 590 591
f 5598 590 5597
f 5598 589 590
f 5599 589 5598
f 5599 588 589
f 5600 588 5599
f 5601 588 5600
f 5601 587 588
f 5602 587 5601
f 5602 586 587
f 5603 585 586
f 5603 586 5602
f 5603 584 585
f 612 584 5603
f 5604 583 584
f 5604 584 612
f 5605 583 5604
f 5605 582 583
f 5605 575 582
f 5606 575 5605
f 5607 575 5606
f 5607 581 575
f 5607 580 581
f 5608 580 5607
f 5608 579 580
f 5610 579 5608
f 5610 578 579
f 5610 577 578
f 5611 577 5610
f 5611 576 577
f 5612 576 5611
f 5612 630 576
f 5612 629 630
f 5613 629 5612
f 5613 628 629
f 5614 628 5613
f 5614 627 628
f 5614 626 627
f 5614 625 626
f 5615 625 5614
f 5615 624 625
f 5615 623 624
f 5616 623 5615
f 5617 623 5616
f 5617 622 623
f 5618 622 5617
f 5619 622 5618
f 5619 621 622
f 5619 620 621
f 5620 620 5619
f 5620 619 620
f 5621 619 5620
f 5621 618 619
f 5621 617 618
f 5622 617 5621
f 5623 617 5622
f 5623 602 617
f 5623 616 602
f 5624 616 5623
f 5625 616 5624
f 5625 615 616
f 5625 614 615
f 5626 614 5625
f 5626 613 614
f 5627 613 5626
f 5627 611 613
f 5628 611 5627
f 5628 610 611
f 5629 610 5628
f 5629 609 610
f 5629 608 609
f 5630 608 5629
f 5630 607 608
f 5630 606 607
f 5631 605 606
f 5631 606 5630
f 5631 604 605
f 5632 603 604
f 5632 604 5631
f 5632 5633 603
f 5634 2851 5633
f 5635 2851 5634
f 5635 2850 2851
f 5635 2849 2850
f 5636 2849 5635
f 5637 2848 2849
f 5637 2849 5636
f 5638 2847 2848
f 5638 2848 5637
f 5638 2846 2847
f 5639 2846 5638
f 5640 2845 2846
f 5640 2846 5639
f 5641 2845 5640
f 5643 2844 2845
f 5643 2845 5641
f 5643 2843 2844
f 5644 2842 2843
f 5644 2843 5643
f 5645 2842 5644
f 5646 2841 2842
f 5646 2842 5645
f 5647 2841 5646
f 5647 2840 2841
f 5648 2840 5647
f 5649 2839 2840
f 5649 2840 5648
f 5649 2838 2839
f 5650 2838 5649
f 5650 2837 2838
f 5651 2837 5650
f 5651 2836 2837
f 5651 2835 2836
f 5652 2835 5651
f 5652 2834 2835
f 5652 2833 2834
f 5653 2833 5652
f 5653 2832 2833
f 5653 2831 2832
f 5654 2831 5653
f 5654 2830 2831
f 5654 2829 2830
f 5655 2829 5654
f 5656 2828 2829
f 5656 2829 5655
f 5656 2827 2828
f 5657 2827 5656
f 5658 2827 5657
f 5658 2826 2827
f 5658 2825 2826
f 5659 2825 5658
f 5660 636 2825
f 5660 2825 5659
f 5661 635 636
f 5661 636 5660
f 5662 635 5661
f 5663 634 635
f 5663 635 5662
f 5664 634 5663
f 5664 633 634
f 5665 631 5008
f 5666 5665 5008
f 5667 5666 5008
f 5668 5667 5008
f 5669 5668 5008
f 5007 5669 5008
f 5669 5007 5006
f 5670 5669 5006
f 5671 5670 5006
f 5672 5671 5005
f 5672 5005 5004
f 5673 5672 5004
f 5674 5673 5004
f 5675 5674 5004
f 5675 5004 5676
f 5676 5004 5003
f 5677 5676 5003
f 5677 5003 5002
f 5678 5677 5002
f 5679 5678 5002
f 5680 5679 5002
f 5681 5680 5002
f 5682 5681 5002
f 5682 5002 633
f 5346 5682 633
f 339 5347 334
f 339 5348 5347
f 338 5348 339
f 337 5348 338
f 336 5349 5348
f 336 5348 337
f 335 5350 5349
f 335 5349 336
f 326 5351 5350
f 326 5350 335
f 326 5352 5351
f 371 5352 326
f 371 5353 5352
f 370 5353 371
f 370 5354 5353
f 369 5356 5354
f 369 5354 370
f 5355 5356 369
f 368 5356 5355
f 368 5357 5356
f 367 5357 368
f 367 5358 5357
f 367 5359 5358
f 366 5360 5359
f 366 5359 367
f 365 5360 366
f 365 5361 5360
f 364 5361 365
f 363 5361 364
f 363 5362 5361
f 362 5363 5362
f 362 5362 363
f 362 5364 5363
f 361 5364 362
f 360 5364 361
f 360 5365 5364
f 359 5366 5365
f 359 5365 360
f 358 5366 359
f 357 5366 358
f 340 5367 5366
f 340 5366 357
f 356 5368 5367
f 356 5367 340
f 355 5368 356
f 354 5368 355
f 354 5369 5368
f 353 5369 354
f 352 5369 353
f 341 5369 352
f 341 5370 5369
f 341 5372 5370
f 341 5371 5372
f 351 5371 341
f 351 5372 5371
f 350 5372 351
f 350 5373 5372
f 349 5373 350
f 348 5373 349
f 348 5374 5373
f 347 5374 348
f 342 5375 5374
f 342 5374 347
f 342 5377 5375
f 342 5376 5377
f 346 5377 5376
f 346 5376 342
f 345 5378 5377
f 345 5377 346
f 344 5378 345
f 344 5379 5378
f 343 5379 344
f 402 5380 343
f 402 5381 5380
f 401 5381 402
f 401 5382 5381
f 400 5382 401
f 400 369 5382
f 400 5383 369
f 399 5383 400
f 399 5384 5383
f 398 5384 399
f 397 5384 398
f 397 5385 5384
f 396 5385 397
f 396 5387 5385
f 396 5386 5387
f 395 5386 396
f 395 5387 5386
f 395 5388 5387
f 394 5388 395
f 393 5388 394
f 392 5388 393
f 392 5389 5388
f 393 5389 392
f 393 5390 5389
f 391 5390 393
f 390 5390 391
f 390 5391 5390
f 389 5391 390
f 388 5392 5391
f 388 5391 389
f 388 5393 5392
f 387 5393 388
f 387 5394 5393
f 386 5394 387
f 385 5394 386
f 385 5395 5394
f 384 5395 385
f 384 5396 5395
f 383 5396 384
f 382 5396 383
f 382 5397 5396
f 382 5398 5397
f 381 5398 382
f 380 5398 381
f 380 5399 5398
f 379 5399 380
f 378 5399 379
f 377 5400 5399
f 377 5399 378
f 377 5402 5401
f 377 5401 5400
f 376 5402 377
f 375 5402 376
f 375 5404 5402
f 374 5403 5404
f 374 5404 375
f 373 5404 5403
f 373 5403 374
f 373 5405 5404
f 372 5405 373
f 432 5405 372
f 432 5406 5405
f 431 5406 432
f 431 5407 5406
f 431 5408 5407
f 430 5409 5408
f 430 5408 431
f 429 5409 430
f 429 5410 5409
f 429 5411 5410
f 428 5411 429
f 427 5411 428
f 426 5411 427
f 426 5412 5411
f 425 5413 5412
f 425 5412 426
f 424 5413 425
f 424 5414 5413
f 423 5414 424
f 423 5415 5414
f 422 5415 423
f 422 5417 5415
f 422 5416 5417
f 403 5416 422
f 403 5417 5416
f 404 5417 403
f 404 5418 5417
f 421 5418 404
f 420 5418 421
f 420 5419 5418
f 420 5420 5419
f 419 5420 420
f 418 5420 419
f 418 5421 5420
f 417 5421 418
f 417 5422 5421
f 416 5422 417
f 416 5423 5422
f 415 5425 5423
f 415 5423 416
f 415 5424 5425
f 414 5424 415
f 414 5425 5424
f 414 5426 5425
f 413 5426 414
f 413 5427 5426
f 412 5428 5427
f 412 5427 413
f 411 5429 5428
f 411 5428 412
f 410 5430 5429
f 410 5429 411
f 409 5430 410
f 409 5431 5430
f 409 5432 5431
f 5462 5432 409
f 5462 5433 5432
f 408 5433 5462
f 408 5434 5433
f 407 5434 408
f 407 5435 5434
f 407 5436 5435
f 406 5436 407
f 405 5436 406
f 405 5437 5436
f 459 5437 405
f 459 5438 5437
f 459 5439 5438
f 459 5441 5439
f 458 5441 459
f 458 5440 5441
f 457 5440 458
f 457 5441 5440
f 457 5442 5441
f 456 5443 5442
f 456 5442 457
f 455 5443 456
f 454 5443 455
f 453 5443 454
f 453 5444 5443
f 452 5444 453
f 451 5444 452
f 451 5445 5444
f 451 5447 5445
f 451 5446 5447
f 450 5446 451
f 450 5447 5446
f 450 5448 5447
f 449 5448 450
f 448 5448 449
f 448 5449 5448
f 447 5449 448
f 447 5450 5449
f 447 5451 5450
f 433 5451 447
f 433 5452 5451
f 434 5452 433
f 434 5453 5452
f 446 5453 434
f 446 5454 5453
f 445 5454 446
f 444 5454 445
f 444 5455 5454
f 445 5456 5455
f 445 5455 444
f 443 5456 445
f 443 5457 5456
f 443 5458 5457
f 442 5459 5458
f 442 5458 443
f 441 5459 442
f 440 5459 441
f 440 5460 5459
f 440 5461 5460
f 439 5461 440
f 439 5462 5461
f 439 5463 5462
f 438 5463 439
f 438 5464 5463
f 438 5465 5464
f 437 5466 5465
f 437 5465 438
f 436 5466 437
f 435 5466 436
f 491 5467 5466
f 491 5466 435
f 491 5468 5467
f 490 5468 491
f 489 5469 5468
f 489 5468 490
f 488 5469 489
f 487 5470 488
f 486 5470 487
f 486 5471 5470
f 486 5472 5471
f 485 5472 486
f 484 5472 485
f 484 5473 5472
f 484 5474 5473
f 483 5474 484
f 482 5474 483
f 482 5475 5474
f 481 5475 482
f 460 5475 481
f 460 5476 5475
f 480 5477 5476
f 480 5476 460
f 479 5478 5477
f 479 5477 480
f 478 5478 479
f 477 433 5478
f 477 5478 478
f 477 5479 433
f 476 5479 477
f 475 5480 5479
f 475 5479 476
f 475 5481 5480
f 474 5481 475
f 473 5481 474
f 473 5483 5481
f 473 5482 5483
f 472 5482 473
f 472 5483 5482
f 472 5484 5483
f 471 5484 472
f 470 5484 471
f 470 5485 5484
f 469 5485 470
f 468 5485 469
f 468 5486 5485
f 467 5486 468
f 466 5486 467
f 466 5487 5486
f 465 5487 466
f 465 5488 5487
f 464 5488 465
f 5513 5488 464
f 5513 5489 5488
f 463 5489 5513
f 462 5489 463
f 462 5490 5489
f 461 5490 462
f 517 5491 461
f 516 5491 517
f 517 5492 516
f 515 5492 517
f 515 5493 5492
f 514 5493 515
f 514 5494 5493
f 513 5494 514
f 513 5495 5494
f 512 5495 513
f 512 5496 5495
f 512 5497 5496
f 511 5497 512
f 511 5498 5497
f 510 5498 511
f 510 5499 5498
f 509 5499 510
f 509 5500 5499
f 509 5501 5500
f 508 5501 509
f 507 5501 508
f 507 5502 5501
f 506 5502 507
f 506 5503 5502
f 505 5503 506
f 505 5504 5503
f 492 5504 505
f 492 5505 5504
f 492 5506 5505
f 504 5506 492
f 503 5507 5506
f 503 5506 504
f 503 5508 5507
f 502 5508 503
f 502 5509 5508
f 501 5509 502
f 501 5510 5509
f 500 5510 501
f 499 5511 5510
f 499 5510 500
f 499 5512 5511
f 498 5512 499
f 497 5512 498
f 497 5513 5512
f 496 463 5513
f 496 5513 497
f 495 463 496
f 493 463 495
f 493 5514 463
f 494 5514 493
f 494 5515 5514
f 545 5516 5515
f 545 5515 494
f 545 5517 5516
f 544 5517 545
f 544 5518 5517
f 543 5518 544
f 543 5519 5518
f 542 5519 543
f 542 5520 5519
f 541 5520 542
f 541 513 5520
f 540 513 541
f 540 5521 513
f 540 5522 5521
f 539 5522 540
f 538 5523 5522
f 538 5522 539
f 537 5523 538
f 536 5524 5523
f 536 5523 537
f 535 5524 536
f 535 5525 5524
f 534 5526 5525
f 534 5525 535
f 5550 5527 5526
f 5550 5526 534
f 533 5528 5527
f 533 5527 5550
f 532 5528 533
f 531 5528 532
f 531 530 5528
f 531 5529 530
f 531 5531 5529
f 529 5531 531
f 529 5530 5531
f 528 5530 529
f 528 5531 5530
f 528 5532 5531
f 527 5532 528
f 526 5532 527
f 526 5533 5532
f 525 5533 526
f 524 5533 525
f 524 5534 5533
f 523 5534 524
f 523 5535 5534
f 522 5535 523
f 522 5536 5535
f 522 5537 5536
f 521 5537 522
f 520 5537 521
f 520 5538 5537
f 519 5538 520
f 519 5539 5538
f 518 5539 519
f 574 5539 518
f 574 5540 5539
f 574 5541 5540
f 573 5541 574
f 573 5542 5541
f 572 5542 573
f 571 5542 572
f 571 5543 5542
f 570 5543 571
f 570 5544 5543
f 5567 5544 570
f 5567 5545 5544
f 569 5545 5567
f 568 5545 569
f 568 5546 5545
f 567 5546 568
f 566 5546 567
f 566 5547 5546
f 565 5547 566
f 564 5547 565
f 564 5548 5547
f 563 5548 564
f 562 5548 563
f 562 5549 5548
f 562 5550 5549
f 561 5550 562
f 561 5551 5550
f 560 5551 561
f 559 5552 5551
f 559 5551 560
f 5576 5552 559
f 558 5552 5576
f 557 5553 5552
f 557 5552 558
f 556 5554 5553
f 556 5553 557
f 555 5554 556
f 555 5555 5554
f 554 5555 555
f 553 552 5555
f 553 5555 554
f 551 5556 552
f 550 5557 5556
f 550 5556 551
f 549 5557 550
f 549 5558 5557
f 548 5559 5558
f 548 5558 549
f 547 5560 5559
f 547 5559 548
f 547 5561 5560
f 546 5562 5561
f 546 5561 547
f 601 5562 546
f 600 5562 601
f 600 5563 5562
f 599 5563 600
f 599 5564 5563
f 599 5565 5564
f 598 5565 599
f 597 5565 598
f 598 5566 597
f 596 5566 598
f 596 5567 5566
f 595 5568 5567
f 595 5567 596
f 594 5568 595
f 594 5569 5568
f 593 5569 594
f 592 5570 5569
f 592 5569 593
f 592 5571 5570
f 591 5571 592
f 590 5571 591
f 590 5572 5571
f 589 5572 590
f 589 5573 5572
f 589 5574 5573
f 588 5574 589
f 587 5574 588
f 587 5575 5574
f 587 5576 5575
f 586 5576 587
f 586 5577 5576
f 586 5578 5577
f 585 5578 586
f 585 5579 5578
f 584 5579 585
f 584 5580 5579
f 583 5580 584
f 582 5580 583
f 582 5581 5580
f 582 5583 5581
f 582 5582 5583
f 575 5582 582
f 575 5583 5582
f 575 5585 5583
f 575 5584 5585
f 581 5585 5584
f 581 5584 575
f 580 5586 5585
f 580 5585 581
f 579 5586 580
f 578 5587 5586
f 578 5586 579
f 577 5587 578
f 577 5588 5587
f 577 5589 5588
f 576 5590 5589
f 576 5589 577
f 630 5590 576
f 629 5590 630
f 629 5591 5590
f 628 5591 629
f 627 5591 628
f 627 5592 5591
f 626 5592 627
f 626 5593 5592
f 625 5593 626
f 624 5593 625
f 624 5594 5593
f 623 5594 624
f 623 5595 5594
f 622 5595 623
f 622 5596 5595
f 621 5596 622
f 621 5597 5596
f 620 5597 621
f 620 5598 5597
f 619 5598 620
f 619 5599 5598
f 618 5599 619
f 617 5599 618
f 602 5599 617
f 602 5600 5599
f 602 5601 5600
f 602 5602 5601
f 616 5602 602
f 615 5602 616
f 614 5603 5602
f 614 5602 615
f 613 612 5603
f 613 5603 614
f 613 5604 612
f 611 5605 5604
f 611 5604 613
f 610 5605 611
f 610 5606 5605
f 609 5606 610
f 608 5606 609
f 608 5607 5606
f 607 5607 608
f 606 5607 607
f 606 5608 5607
f 605 5610 5608
f 605 5608 606
f 604 5609 5610
f 604 5610 605
f 603 5610 5609
f 603 5609 604
f 603 5611 5610
f 5633 5611 603
f 5633 5612 5611
f 2851 5612 5633
f 2851 5613 5612
f 2850 5613 2851
f 2849 5613 2850
f 2849 5614 5613
f 2848 5614 2849
f 2847 5615 5614
f 2847 5614 2848
f 2846 5615 2847
f 2846 5616 5615
f 2846 5617 5616
f 2845 5617 2846
f 2845 5618 5617
f 2845 5619 5618
f 2844 5619 2845
f 2843 5619 2844
f 2843 5620 5619
f 2842 5620 2843
f 2842 5621 5620
f 2841 5621 2842
f 2841 5622 5621
f 2840 5622 2841
f 2840 5623 5622
f 2840 5624 5623
f 2839 5624 2840
f 2839 5625 5624
f 2838 5625 2839
f 2837 5625 2838
f 2837 5626 5625
f 2836 5626 2837
f 2836 5627 5626
f 2835 5627 2836
f 2834 5627 2835
f 2834 5628 5627
f 2833 5628 2834
f 2833 5629 5628
f 2832 5629 2833
f 2831 5629 2832
f 2831 5630 5629
f 2830 5630 2831
f 2829 5630 2830
f 2829 5631 5630
f 2828 5631 2829
f 2827 5631 2828
f 2827 5632 5631
f 2826 5632 2827
f 2825 5632 2826
f 636 5632 2825
f 636 5633 5632
f 636 5634 5633
f 636 5635 5634
f 635 5635 636
f 634 5635 635
f 634 5636 5635
f 634 5637 5636
f 634 5638 5637
f 633 5638 634
f 637 5638 633
f 637 5639 5638
f 637 5640 5639
f 637 5641 5640
f 632 5641 637
f 632 5643 5641
f 632 5642 5643
f 631 5642 632
f 631 5643 5642
f 631 5644 5643
f 631 5645 5644
f 631 5646 5645
f 631 5647 5646
f 5665 5647 631
f 5666 5647 5665
f 5667 5648 5647
f 5667 5647 5666
f 5667 5649 5648
f 5668 5649 5667
f 5669 5649 5668
f 5669 5650 5649
f 5669 5651 5650
f 5670 5651 5669
f 5671 5652 5651
f 5671 5651 5670
f 5671 5653 5652
f 5672 5653 5671
f 5673 5653 5672
f 5674 5654 5653
f 5674 5653 5673
f 5675 5654 5674
f 5675 5655 5654
f 5676 5656 5655
f 5676 5655 5675
f 5676 5657 5656
f 5677 5657 5676
f 5677 5658 5657
f 5677 5659 5658
f 5677 5660 5659
f 5678 5660 5677
f 5678 5661 5660
f 5678 5662 5661
f 5678 5663 5662
f 5679 5663 5678
f 5680 5664 5663
f 5680 5663 5679
f 5681 5664 5680
f 5682 5346 5664
f 5682 5664 5681
f 5683 1268 5
f 5683 5689 1268
f 5724 5723 54
f 5821 5820 177
f 5873 5871 5872
f 5887 5687 5886
f 5689 1 1268
f 5690 13 1
f 5690 1 5689
f 5691 13 5690
f 5691 12 13
f 5692 12 5691
f 5693 12 5692
f 5693 11 12
f 5694 11 5693
f 5695 11 5694
f 5695 2 11
f 5696 2 5695
f 5697 2 5696
f 5697 1264 2
f 5698 1264 5697
f 5698 3 1264
f 5698 4 3
f 5699 4 5698
f 5699 10 4
f 24 10 5699
f 5700 10 24
f 5701 10 5700
f 5701 9 10
f 5702 9 5701
f 5703 9 5702
f 5703 8 9
f 5704 8 5703
f 5704 7 8
f 5705 7 5704
f 5706 7 5705
f 5707 7 5706
f 5708 7 5707
f 5708 6 7
f 5709 6 5708
f 5710 6 5709
f 5710 5 6
f 5711 5 5710
f 5685 5 5711
f 5712 5 5685
f 5712 41 5
f 5712 40 41
f 5712 39 40
f 5713 39 5712
f 5713 38 39
f 5714 38 5713
f 5714 37 38
f 5714 36 37
f 5715 36 5714
f 5715 35 36
f 5716 35 5715
f 5716 34 35
f 5716 33 34
f 5717 33 5716
f 5717 32 33
f 5718 31 32
f 5718 32 5717
f 5719 31 5718
f 5719 30 31
f 5719 29 30
f 5720 29 5719
f 5721 29 5720
f 5721 28 29
f 5722 28 5721
f 5722 27 28
f 5722 26 27
f 5723 26 5722
f 5723 25 26
f 5724 25 5723
f 5725 25 5724
f 5725 23 25
f 52 23 5725
f 52 21 23
f 5726 21 52
f 5726 5727 21
f 5728 20 5727
f 5728 19 20
f 5729 19 5728
f 5729 18 19
f 5730 18 5729
f 5731 18 5730
f 5731 17 18
f 5732 16 17
f 5732 17 5731
f 5732 15 16
f 5686 15 5732
f 5733 15 5686
f 5733 14 15
f 5734 14 5733
f 5735 69 14
f 5735 14 5734
f 5736 68 69
f 5736 69 5735
f 5736 67 68
f 5737 66 67
f 5737 67 5736
f 5739 66 5737
f 5739 65 66
f 5740 64 65
f 5740 65 5739
f 5741 63 64
f 5741 64 5740
f 5741 62 63
f 5742 62 5741
f 61 62 5742
f 5743 60 61
f 5744 60 5743
f 5744 59 60
f 5745 59 5744
f 5745 58 59
f 5746 58 5745
f 5746 57 58
f 5747 57 5746
f 5747 56 57
f 5748 55 56
f 5748 56 5747
f 5749 55 5748
f 5750 53 55
f 5750 55 5749
f 5751 53 5750
f 5753 53 5751
f 5753 51 53
f 5754 50 51
f 5754 51 5753
f 5755 49 50
f 5755 50 5754
f 5756 48 49
f 5756 49 5755
f 5757 48 5756
f 5757 47 48
f 5757 46 47
f 5758 46 5757
f 5758 45 46
f 5758 44 45
f 5759 44 5758
f 5759 43 44
f 5760 43 5759
f 5760 42 43
f 5761 42 5760
f 5761 86 42
f 5762 86 5761
f 5762 85 86
f 5763 84 85
f 5763 85 5762
f 5764 84 5763
f 5764 83 84
f 5765 82 83
f 5765 83 5764
f 5766 82 5765
f 5766 81 82
f 5767 80 81
f 5767 81 5766
f 5768 80 5767
f 5768 79 80
f 5768 78 79
f 5769 78 5768
f 5770 78 5769
f 5770 77 78
f 5771 77 5770
f 5771 76 77
f 5771 75 76
f 5772 75 5771
f 5772 5745 75
f 5774 5745 5772
f 5774 74 5745
f 73 74 5774
f 5775 72 73
f 5775 70 72
f 5776 70 5775
f 5776 101 70
f 5777 101 5776
f 5777 100 101
f 5778 100 5777
f 5778 99 100
f 5779 99 5778
f 5780 99 5779
f 5780 98 99
f 5780 97 98
f 5781 97 5780
f 5781 96 97
f 5781 95 96
f 5781 94 95
f 5782 94 5781
f 5782 93 94
f 5783 93 5782
f 5783 92 93
f 5783 91 92
f 5783 90 91
f 5784 90 5783
f 5784 89 90
f 5784 88 89
f 5785 88 5784
f 5785 71 88
f 5786 71 5785
f 5787 87 71
f 5787 71 5786
f 5787 129 87
f 5788 128 129
f 5788 129 5787
f 5789 128 5788
f 156 127 5789
f 5790 127 156
f 5791 126 5790
f 5792 125 126
f 5792 126 5791
f 5792 124 125
f 5793 124 5792
f 5793 123 124
f 5794 122 123
f 5794 123 5793
f 5795 122 5794
f 5795 121 122
f 5796 120 121
f 5796 121 5795
f 5796 119 120
f 5797 119 5796
f 5798 102 119
f 5798 119 5797
f 5799 102 5798
f 5799 103 102
f 5800 103 5799
f 5801 118 103
f 5801 103 5800
f 5801 117 118
f 5802 117 5801
f 5803 117 5802
f 5803 116 117
f 5804 115 116
f 5804 116 5803
f 5804 114 115
f 5804 113 114
f 5805 113 5804
f 5805 112 113
f 5805 111 112
f 5806 111 5805
f 5806 110 111
f 5806 109 110
f 5807 109 5806
f 5808 109 5807
f 5808 108 109
f 5808 107 108
f 5809 106 107
f 5809 107 5808
f 5809 105 106
f 5810 105 5809
f 5810 104 105
f 5811 159 104
f 5811 104 5810
f 5812 159 5811
f 5812 158 159
f 5813 158 5812
f 5814 157 158
f 5814 158 5813
f 5815 157 5814
f 5815 155 157
f 5815 154 155
f 5816 154 5815
f 5817 154 5816
f 5817 153 154
f 5818 153 5817
f 5818 152 153
f 5819 152 5818
f 5819 151 152
f 5820 151 5819
f 5820 150 151
f 5821 150 5820
f 5821 149 150
f 5823 149 5821
f 5823 148 149
f 5824 148 5823
f 5824 147 148
f 5825 146 147
f 5825 147 5824
f 5825 145 146
f 5826 144 145
f 5826 145 5825
f 5826 143 144
f 5827 142 143
f 5827 143 5826
f 5828 142 5827
f 5828 5829 142
f 5830 141 5829
f 5830 140 141
f 5831 140 5830
f 5831 139 140
f 5831 138 139
f 5832 138 5831
f 5832 137 138
f 5832 136 137
f 5833 136 5832
f 5834 136 5833
f 5834 135 136
f 5834 134 135
f 5835 134 5834
f 5835 133 134
f 5836 133 5835
f 5836 131 133
f 5837 131 5836
f 5837 132 131
f 5838 132 5837
f 5838 130 132
f 5838 185 130
f 5839 185 5838
f 5840 184 185
f 5840 185 5839
f 5841 184 5840
f 5841 183 184
f 5842 183 5841
f 5842 182 183
f 5842 181 182
f 5843 180 181
f 5843 181 5842
f 5843 179 180
f 5844 179 5843
f 5845 179 5844
f 5845 178 179
f 5845 186 178
f 5846 186 5845
f 5846 176 186
f 5848 175 176
f 5848 176 5846
f 5848 174 175
f 5849 174 5848
f 5850 173 5849
f 5851 172 173
f 5851 173 5850
f 5852 172 5851
f 5852 171 172
f 5852 170 171
f 5854 170 5852
f 5854 169 170
f 5854 168 169
f 5855 168 5854
f 5856 167 5855
f 5857 166 167
f 5857 167 5856
f 5857 165 166
f 5858 187 165
f 5858 165 5857
f 5858 164 187
f 5859 163 164
f 5859 164 5858
f 5859 162 163
f 5860 162 5859
f 5861 161 162
f 5861 162 5860
f 5862 160 161
f 5862 161 5861
f 5863 217 160
f 5863 160 5862
f 5863 216 217
f 5864 216 5863
f 5864 215 216
f 5865 215 5864
f 5865 214 215
f 5865 213 214
f 5866 213 5865
f 5866 212 213
f 5866 211 212
f 5867 211 5866
f 5868 210 211
f 5868 211 5867
f 5868 209 210
f 5869 209 5868
f 5870 208 209
f 5870 209 5869
f 5870 207 208
f 5871 206 207
f 5871 207 5870
f 5873 205 206
f 5873 206 5871
f 5874 205 5873
f 5874 204 205
f 5875 203 204
f 5875 204 5874
f 5877 202 203
f 5877 203 5875
f 5877 201 202
f 5878 201 5877
f 5878 200 201
f 5878 199 200
f 5879 199 5878
f 5879 188 199
f 5880 188 5879
f 5880 198 188
f 5882 198 5880
f 5882 196 198
f 5883 196 5882
f 5883 195 196
f 5883 194 195
f 5884 194 5883
f 5884 193 194
f 5885 193 5884
f 5885 192 193
f 5687 192 5885
f 5687 191 192
f 5887 191 5687
f 5888 190 5887
f 5889 190 5888
f 5889 189 190
f 5890 189 5889
f 5890 249 189
f 5890 248 249
f 5891 248 5890
f 5891 218 248
f 5891 247 218
f 5892 247 5891
f 5892 246 247
f 5892 245 246
f 5893 245 5892
f 5894 245 5893
f 5894 244 245
f 5895 244 5894
f 5896 244 5895
f 5896 243 244
f 5896 242 243
f 5897 242 5896
f 5898 242 5897
f 5898 241 242
f 5898 219 241
f 5899 219 5898
f 5899 240 219
f 5899 239 240
f 5900 239 5899
f 5901 239 5900
f 5901 238 239
f 5901 237 238
f 5901 236 237
f 5902 236 5901
f 5902 5903 236
f 5904 235 5903
f 5904 234 235
f 5904 233 234
f 5905 233 5904
f 5905 232 233
f 5906 231 232
f 5906 232 5905
f 5907 230 231
f 5907 231 5906
f 5907 229 230
f 5908 229 5907
f 5909 228 229
f 5909 229 5908
f 5909 227 228
f 5910 220 227
f 5910 227 5909
f 5910 226 220
f 5911 226 5910
f 5912 225 226
f 5912 226 5911
f 5912 224 225
f 5912 223 224
f 5913 223 5912
f 5913 222 223
f 5914 222 5913
f 5915 222 5914
f 5915 221 222
f 5916 221 5915
f 5916 275 221
f 5917 274 275
f 5917 275 5916
f 5918 273 274
f 5918 274 5917
f 5919 273 5918
f 5919 272 273
f 5920 271 272
f 5920 272 5919
f 5921 271 5920
f 5921 270 271
f 5922 269 270
f 5922 270 5921
f 296 268 269
f 296 269 5922
f 296 267 268
f 5923 267 296
f 5924 267 5923
f 5924 266 267
f 5924 265 266
f 5925 265 5924
f 5925 264 265
f 5926 264 5925
f 5927 264 5926
f 5927 263 264
f 5928 263 5927
f 5928 262 263
f 5928 261 262
f 5929 261 5928
f 5930 261 5929
f 5930 260 261
f 5931 259 260
f 5931 260 5930
f 5932 258 259
f 5932 259 5931
f 5933 258 5932
f 5934 257 258
f 5934 258 5933
f 5934 256 257
f 5935 256 5934
f 5935 255 256
f 5936 255 5935
f 5936 254 255
f 5937 254 5936
f 5938 254 5937
f 5938 253 254
f 5938 252 253
f 5939 252 5938
f 5939 251 252
f 5940 251 5939
f 5942 251 5940
f 5942 305 251
f 5942 304 305
f 5943 304 5942
f 5943 303 304
f 5944 303 5943
f 276 303 5944
f 5945 302 276
f 5946 302 5945
f 5946 301 302
f 300 301 5946
f 5947 299 300
f 5947 297 299
f 5948 297 5947
f 5948 295 297
f 5949 295 5948
f 5950 295 5949
f 5950 294 295
f 5950 293 294
f 5950 292 293
f 5951 292 5950
f 5951 291 292
f 5952 291 5951
f 5952 277 291
f 5953 277 5952
f 5954 277 5953
f 5954 290 277
f 2863 290 5954
f 5955 289 290
f 5955 290 2863
f 5956 288 289
f 5956 289 5955
f 5957 287 288
f 5957 288 5956
f 5957 286 287
f 5958 286 5957
f 5959 285 286
f 5959 286 5958
f 5959 284 285
f 5960 283 284
f 5960 284 5959
f 5961 283 5960
f 5961 282 283
f 5961 281 282
f 5962 281 5961
f 5962 5963 281
f 5964 280 5963
f 5964 279 280
f 5688 279 5964
f 5965 278 279
f 5965 279 5688
f 5966 278 5965
f 5966 2883 278
f 5966 2882 2883
f 5967 2882 5966
f 5968 2881 2882
f 5968 2882 5967
f 5969 2879 2881
f 5969 2881 5968
f 5970 2879 5969
f 5970 2878 2879
f 5971 2878 5970
f 5972 2877 2878
f 5972 2878 5971
f 5972 2876 2877
f 5973 2876 5972
f 5974 2875 2876
f 5974 2876 5973
f 5974 2873 2875
f 5975 2873 5974
f 5976 2873 5975
f 5976 2872 2873
f 5977 2872 5976
f 5977 2870 2872
f 5979 2870 5977
f 5979 2868 2870
f 5980 2868 5979
f 5980 2867 2868
f 5981 2867 5980
f 5982 2867 5981
f 5982 2866 2867
f 5982 2865 2866
f 5983 2865 5982
f 5985 2865 5983
f 5985 2864 2865
f 5985 2863 2864
f 5985 2862 2863
f 5986 2861 2862
f 5986 2862 5985
f 5987 2861 5986
f 5988 2859 2861
f 5988 2861 5987
f 5989 2859 5988
f 5990 2858 2859
f 5990 2859 5989
f 5991 2857 2858
f 5991 2858 5990
f 5992 2857 5991
f 5992 2856 2857
f 5992 2855 2856
f 5993 2855 5992
f 5993 2854 2855
f 5993 2853 2854
f 5994 2853 5993
f 5995 2853 5994
f 5995 2852 2853
f 5996 2852 5995
f 5996 318 2852
f 5997 318 5996
f 5998 316 318
f 5998 318 5997
f 5999 315 316
f 5999 316 5998
f 5999 314 315
f 6000 314 5999
f 6000 313 314
f 6001 313 6000
f 6002 312 313
f 6002 313 6001
f 6003 311 312
f 6003 312 6002
f 6003 310 311
f 6004 310 6003
f 6004 309 310
f 6005 309 6004
f 6005 308 309
f 6006 308 6005
f 6006 307 308
f 6007 307 6006
f 5684 307 6007
f 6010 6009 5001
f 5000 6010 5001
f 6011 6010 5000
f 6012 6011 5000
f 6013 6012 5000
f 6014 6013 5000
f 4999 6014 5000
f 6014 4999 4998
f 6015 6014 4998
f 6016 6015 4998
f 6017 6016 4998
f 6018 4998 4997
f 6018 6017 4998
f 6019 6018 4997
f 6020 4997 4996
f 6020 6019 4997
f 6021 6020 4996
f 6022 6021 4996
f 6022 4996 4995
f 6022 4995 307
f 5684 6022 307
f 41 5689 5683
f 41 5683 5
f 40 5689 41
f 39 5690 5689
f 39 5689 40
f 38 5690 39
f 38 5691 5690
f 37 5691 38
f 36 5691 37
f 36 5692 5691
f 35 5693 5692
f 35 5692 36
f 34 5693 35
f 34 5694 5693
f 33 5695 5694
f 33 5694 34
f 32 5695 33
f 31 5695 32
f 31 5696 5695
f 31 5697 5696
f 30 5697 31
f 29 5698 5697
f 29 5697 30
f 28 5698 29
f 27 5699 5698
f 27 5698 28
f 26 5699 27
f 25 24 5699
f 25 5699 26
f 25 5700 24
f 25 5701 5700
f 23 5701 25
f 22 5701 23
f 21 5702 5701
f 21 5701 22
f 5727 5703 5702
f 5727 5702 21
f 20 5703 5727
f 19 5703 20
f 19 5704 5703
f 18 5704 19
f 18 5705 5704
f 18 5706 5705
f 17 5706 18
f 17 5707 5706
f 17 5708 5707
f 16 5708 17
f 16 5709 5708
f 15 5709 16
f 15 5710 5709
f 14 5710 15
f 14 5711 5710
f 14 5685 5711
f 69 5685 14
f 69 5712 5685
f 68 5713 5712
f 68 5712 69
f 67 5713 68
f 67 5714 5713
f 66 5715 5714
f 66 5714 67
f 65 5716 5715
f 65 5715 66
f 64 5716 65
f 63 5717 5716
f 63 5716 64
f 62 5717 63
f 62 5718 5717
f 61 5718 62
f 61 5719 5718
f 60 5719 61
f 59 5719 60
f 59 5720 5719
f 59 5721 5720
f 58 5721 59
f 57 5721 58
f 57 5722 5721
f 57 5723 5722
f 56 5723 57
f 55 5723 56
f 55 54 5723
f 55 5724 54
f 55 5725 5724
f 53 5725 55
f 52 5725 53
f 53 5726 52
f 51 5727 5726
f 51 5726 53
f 51 5728 5727
f 50 5728 51
f 50 5729 5728
f 49 5729 50
f 48 5729 49
f 48 5730 5729
f 48 5731 5730
f 47 5731 48
f 46 5731 47
f 46 5732 5731
f 45 5732 46
f 44 5732 45
f 43 5686 5732
f 43 5732 44
f 43 5733 5686
f 42 5734 5733
f 42 5733 43
f 86 5735 5734
f 86 5734 42
f 86 5736 5735
f 85 5736 86
f 84 5737 5736
f 84 5736 85
f 83 5739 5737
f 83 5737 84
f 83 5738 5739
f 82 5739 5738
f 82 5738 83
f 81 5740 5739
f 81 5739 82
f 81 5741 5740
f 80 5741 81
f 79 5741 80
f 79 5742 5741
f 78 5742 79
f 77 5742 78
f 77 61 5742
f 76 5743 61
f 76 61 77
f 76 5744 5743
f 75 5744 76
f 5745 5744 75
f 74 5746 5745
f 73 5747 5746
f 73 5746 74
f 72 5747 73
f 70 5747 72
f 70 5748 5747
f 101 5748 70
f 101 5749 5748
f 100 5750 5749
f 100 5749 101
f 99 5750 100
f 99 5751 5750
f 99 5753 5751
f 98 5753 99
f 97 5753 98
f 97 5752 5753
f 96 5752 97
f 96 5753 5752
f 95 5753 96
f 95 5754 5753
f 94 5754 95
f 94 5755 5754
f 93 5755 94
f 93 5756 5755
f 93 5757 5756
f 92 5757 93
f 91 5757 92
f 90 5757 91
f 90 5758 5757
f 89 5758 90
f 88 5758 89
f 88 5759 5758
f 71 5760 5759
f 71 5759 88
f 87 5760 71
f 87 5761 5760
f 129 5762 5761
f 129 5761 87
f 128 5762 129
f 5789 5763 5762
f 5789 5762 128
f 127 5764 5763
f 127 5763 5789
f 5790 5764 127
f 5790 5765 5764
f 126 5765 5790
f 126 5766 5765
f 126 5767 5766
f 125 5767 126
f 125 5768 5767
f 124 5768 125
f 124 5769 5768
f 124 5770 5769
f 123 5770 124
f 122 5770 123
f 122 5771 5770
f 121 5771 122
f 121 5772 5771
f 120 5772 121
f 120 5774 5772
f 120 5773 5774
f 119 5773 120
f 119 5774 5773
f 119 73 5774
f 102 73 119
f 102 5775 73
f 103 5775 102
f 103 5776 5775
f 118 5777 5776
f 118 5776 103
f 118 5778 5777
f 117 5778 118
f 117 5779 5778
f 117 5780 5779
f 116 5780 117
f 116 5781 5780
f 115 5781 116
f 114 5781 115
f 113 5781 114
f 113 5782 5781
f 112 5782 113
f 111 5782 112
f 111 5783 5782
f 110 5783 111
f 109 5783 110
f 109 5784 5783
f 108 5784 109
f 107 5784 108
f 107 5785 5784
f 106 5785 107
f 105 5785 106
f 105 5786 5785
f 104 5787 5786
f 104 5786 105
f 159 5788 5787
f 159 5787 104
f 158 5788 159
f 158 5789 5788
f 157 156 5789
f 157 5789 158
f 157 5790 156
f 157 5791 5790
f 155 5791 157
f 154 5792 5791
f 154 5791 155
f 153 5793 5792
f 153 5792 154
f 152 5793 153
f 151 5794 5793
f 151 5793 152
f 151 5795 5794
f 150 5795 151
f 149 5796 5795
f 149 5795 150
f 148 5797 5796
f 148 5796 149
f 148 5798 5797
f 147 5798 148
f 147 5799 5798
f 146 5799 147
f 145 5799 146
f 145 5800 5799
f 144 5800 145
f 144 5801 5800
f 143 5801 144
f 143 5802 5801
f 142 5802 143
f 142 5803 5802
f 5829 5803 142
f 5829 5804 5803
f 141 5804 5829
f 140 5804 141
f 140 5805 5804
f 139 5805 140
f 138 5805 139
f 138 5806 5805
f 137 5806 138
f 136 5807 5806
f 136 5806 137
f 136 5808 5807
f 135 5808 136
f 134 5808 135
f 133 5809 5808
f 133 5808 134
f 131 5810 5809
f 131 5809 133
f 132 5810 131
f 130 5811 5810
f 130 5810 132
f 130 5812 5811
f 185 5812 130
f 185 5813 5812
f 184 5813 185
f 184 5814 5813
f 183 5814 184
f 183 5815 5814
f 182 5815 183
f 182 5816 5815
f 181 5816 182
f 181 5817 5816
f 180 5817 181
f 180 5818 5817
f 179 5818 180
f 179 5819 5818
f 179 5820 5819
f 178 5820 179
f 178 177 5820
f 186 5821 177
f 186 5823 5821
f 186 5822 5823
f 176 5822 186
f 176 5823 5822
f 175 5823 176
f 175 5824 5823
f 174 5824 175
f 5849 5825 5824
f 5849 5824 174
f 173 5825 5849
f 173 5826 5825
f 172 5826 173
f 172 5827 5826
f 171 5827 172
f 171 5828 5827
f 170 5828 171
f 170 5829 5828
f 169 5829 170
f 169 5830 5829
f 168 5830 169
f 5855 5830 168
f 5855 5831 5830
f 167 5831 5855
f 167 5832 5831
f 166 5832 167
f 165 5832 166
f 165 5833 5832
f 187 5834 5833
f 187 5833 165
f 164 5834 187
f 163 5835 5834
f 163 5834 164
f 162 5835 163
f 162 5836 5835
f 161 5837 5836
f 161 5836 162
f 160 5837 161
f 217 5838 5837
f 217 5837 160
f 216 5838 217
f 216 5839 5838
f 216 5840 5839
f 215 5840 216
f 214 5841 5840
f 214 5840 215
f 213 5842 5841
f 213 5841 214
f 212 5842 213
f 211 5842 212
f 211 5843 5842
f 210 5843 211
f 209 5843 210
f 209 5844 5843
f 208 5845 5844
f 208 5844 209
f 207 5845 208
f 207 5846 5845
f 206 5846 207
f 205 5846 206
f 205 5848 5846
f 204 5847 5848
f 204 5848 205
f 203 5848 5847
f 203 5847 204
f 203 5849 5848
f 202 5850 5849
f 202 5849 203
f 201 5850 202
f 201 5851 5850
f 200 5851 201
f 199 5851 200
f 188 5851 199
f 188 5852 5851
f 188 198 5852
f 197 5852 198
f 197 5854 5852
f 197 5853 5854
f 196 5853 197
f 196 5854 5853
f 196 5855 5854
f 195 5855 196
f 195 5856 5855
f 194 5857 5856
f 194 5856 195
f 193 5857 194
f 193 5858 5857
f 192 5859 5858
f 192 5858 193
f 191 5859 192
f 5887 5860 5859
f 5887 5859 191
f 190 5861 5860
f 190 5860 5887
f 189 5862 5861
f 189 5861 190
f 189 5863 5862
f 189 249 5863
f 248 5863 249
f 248 5864 5863
f 218 5864 248
f 247 5864 218
f 247 5865 5864
f 246 5865 247
f 245 5865 246
f 245 5866 5865
f 244 5866 245
f 244 5867 5866
f 243 5867 244
f 243 5868 5867
f 242 5868 243
f 242 5869 5868
f 242 5870 5869
f 241 5870 242
f 219 5870 241
f 240 5871 5870
f 240 5870 219
f 239 5872 5871
f 239 5871 240
f 239 5873 5872
f 238 5873 239
f 238 5874 5873
f 237 5874 238
f 237 5875 5874
f 236 5875 237
f 236 5877 5875
f 236 5876 5877
f 235 5876 236
f 235 5877 5876
f 235 5878 5877
f 234 5878 235
f 233 5878 234
f 232 5878 233
f 232 5879 5878
f 232 5880 5879
f 231 5880 232
f 231 5882 5880
f 231 5881 5882
f 230 5881 231
f 230 5882 5881
f 230 5883 5882
f 229 5883 230
f 228 5883 229
f 228 5884 5883
f 227 5884 228
f 220 5885 5884
f 220 5884 227
f 226 5885 220
f 226 5687 5885
f 225 5687 226
f 224 5886 5687
f 224 5687 225
f 223 5887 5886
f 223 5886 224
f 223 5888 5887
f 222 5888 223
f 222 5889 5888
f 222 5890 5889
f 221 5890 222
f 275 5890 221
f 275 5891 5890
f 274 5891 275
f 274 5892 5891
f 273 5892 274
f 273 5893 5892
f 273 5894 5893
f 272 5894 273
f 272 5895 5894
f 272 5896 5895
f 271 5896 272
f 271 5897 5896
f 270 5897 271
f 270 5898 5897
f 269 5898 270
f 268 5898 269
f 268 5899 5898
f 267 5899 268
f 267 5900 5899
f 267 5901 5900
f 266 5901 267
f 265 5901 266
f 265 5902 5901
f 264 5903 5902
f 264 5902 265
f 263 5904 5903
f 263 5903 264
f 262 5904 263
f 262 5905 5904
f 261 5905 262
f 261 5906 5905
f 260 5906 261
f 259 5907 5906
f 259 5906 260
f 258 5907 259
f 258 5908 5907
f 258 5909 5908
f 257 5909 258
f 256 5909 257
f 256 5910 5909
f 255 5910 256
f 255 5911 5910
f 254 5911 255
f 254 5912 5911
f 253 5912 254
f 253 5913 5912
f 252 5913 253
f 252 5914 5913
f 252 5915 5914
f 251 5915 252
f 250 5915 251
f 250 5916 5915
f 251 5916 250
f 305 5916 251
f 304 5917 5916
f 304 5916 305
f 303 5918 5917
f 303 5917 304
f 276 5919 5918
f 276 5918 303
f 302 5919 276
f 301 5919 302
f 301 5920 5919
f 300 5920 301
f 300 5921 5920
f 299 5921 300
f 298 5921 299
f 297 5921 298
f 297 5922 5921
f 297 296 5922
f 297 5923 296
f 295 5923 297
f 295 5924 5923
f 294 5924 295
f 293 5924 294
f 293 5925 5924
f 292 5925 293
f 292 5926 5925
f 291 5926 292
f 291 5927 5926
f 277 5927 291
f 277 5928 5927
f 290 5928 277
f 290 5929 5928
f 289 5929 290
f 289 5930 5929
f 289 5931 5930
f 288 5931 289
f 288 5932 5931
f 287 5932 288
f 286 5932 287
f 286 5933 5932
f 285 5933 286
f 285 5934 5933
f 284 5934 285
f 283 5934 284
f 283 5935 5934
f 282 5935 283
f 281 5935 282
f 281 5936 5935
f 5963 5937 5936
f 5963 5936 281
f 280 5937 5963
f 280 5938 5937
f 279 5938 280
f 278 5938 279
f 278 5939 5938
f 278 5940 5939
f 2883 5942 5940
f 2883 5940 278
f 2883 5941 5942
f 2882 5942 5941
f 2882 5941 2883
f 2882 5943 5942
f 2881 5943 2882
f 2881 5944 5943
f 2880 5944 2881
f 2880 276 5944
f 2879 276 2880
f 2879 5945 276
f 2878 5945 2879
f 2878 5946 5945
f 2877 5946 2878
f 2877 300 5946
f 2876 5947 300
f 2876 300 2877
f 2875 5947 2876
f 2874 5947 2875
f 2873 5948 5947
f 2873 5947 2874
f 2872 5948 2873
f 2871 5949 5948
f 2871 5948 2872
f 2870 5950 5949
f 2870 5949 2871
f 2869 5950 2870
f 2868 5950 2869
f 2868 5951 5950
f 2867 5951 2868
f 2867 5952 5951
f 2866 5952 2867
f 2865 5953 5952
f 2865 5952 2866
f 2865 5954 5953
f 2864 5954 2865
f 2864 2863 5954
f 2862 5955 2863
f 2861 5955 2862
f 2860 5955 2861
f 2860 5956 5955
f 2861 5956 2860
f 2861 5957 5956
f 2859 5957 2861
f 2859 5958 5957
f 2859 5959 5958
f 2858 5959 2859
f 2858 5960 5959
f 2858 5961 5960
f 2857 5961 2858
f 2856 5961 2857
f 2856 5962 5961
f 2855 5962 2856
f 2854 5963 5962
f 2854 5962 2855
f 2854 5964 5963
f 2853 5964 2854
f 2853 5688 5964
f 2852 5688 2853
f 2852 5965 5688
f 318 5966 5965
f 318 5965 2852
f 317 5966 318
f 316 5966 317
f 316 5967 5966
f 315 5967 316
f 315 5968 5967
f 315 5969 5968
f 314 5969 315
f 314 5970 5969
f 313 5970 314
f 313 5971 5970
f 313 5972 5971
f 312 5972 313
f 312 5973 5972
f 311 5973 312
f 311 5974 5973
f 310 5974 311
f 310 5975 5974
f 310 5976 5975
f 309 5976 310
f 309 5977 5976
f 308 5977 309
f 308 5979 5977
f 308 5978 5979
f 307 5979 5978
f 307 5978 308
f 306 5980 5979
f 306 5979 307
f 306 5981 5980
f 306 5982 5981
f 321 5982 306
f 320 5982 321
f 320 5983 5982
f 320 5985 5983
f 320 5984 5985
f 319 5984 320
f 319 5985 5984
f 319 5986 5985
f 6008 5986 319
f 6008 5987 5986
f 6008 5988 5987
f 6008 5989 5988
f 6009 5990 5989
f 6009 5989 6008
f 6010 5990 6009
f 6010 5991 5990
f 6010 5992 5991
f 6011 5992 6010
f 6011 5993 5992
f 6012 5993 6011
f 6013 5994 5993
f 6013 5993 6012
f 6014 5995 5994
f 6014 5994 6013
f 6014 5996 5995
f 6014 5997 5996
f 6014 5998 5997
f 6015 5998 6014
f 6016 5998 6015
f 6016 5999 5998
f 6017 5999 6016
f 6017 6000 5999
f 6018 6000 6017
f 6018 6001 6000
f 6018 6002 6001
f 6019 6002 6018
f 6019 6003 6002
f 6020 6003 6019
f 6021 6004 6003
f 6021 6003 6020
f 6021 6005 6004
f 6022 6006 6005
f 6022 6005 6021
f 6022 6007 6006
f 6022 5684 6007

