# https://github.com/mikedh/trimesh
mtllib wheel.mtl

o p0000
usemtl mat_33
v -0.00000100 -0.00651912 -0.00925312
v 0.00899900 -0.00651912 -0.00925312
v 0.00899900 -0.00673672 -0.00930705
v 0.00899900 -0.00695994 -0.00932796
v 0.00899900 -0.00718377 -0.00931536
v 0.00899900 -0.00740323 -0.00926954
v 0.00899900 -0.00761341 -0.00919152
v 0.00899900 -0.00780961 -0.00908305
v 0.00899900 -0.00798745 -0.00894655
v 0.00899900 -0.00814297 -0.00878507
v 0.00899900 -0.00827268 -0.00860221
v 0.00899900 -0.00837368 -0.00840206
v 0.00899900 -0.00844373 -0.00818910
v 0.00899900 -0.00848126 -0.00796807
v 0.00899900 -0.00848542 -0.00774392
v 0.00899900 -0.00845613 -0.00752165
v 0.00899900 -0.00839404 -0.00730623
v 0.00899900 -0.00830053 -0.00710247
v 0.00899900 -0.00817770 -0.00691492
v 0.00899900 -0.00802829 -0.00674777
v 0.00899900 -0.00785564 -0.00660476
v 0.00899900 -0.00766360 -0.00648908
v 0.00899900 -0.00745646 -0.00640331
v 0.00899900 -0.00723886 -0.00634938
v 0.00899900 -0.00701564 -0.00632847
v 0.00899900 -0.00679181 -0.00634107
v 0.00899900 -0.00657235 -0.00638689
v 0.00899900 -0.00636217 -0.00646491
v 0.00899900 -0.00616597 -0.00657338
v 0.00899900 -0.00598813 -0.00670988
v 0.00899900 -0.00583261 -0.00687137
v 0.00899900 -0.00570290 -0.00705422
v 0.00899900 -0.00560190 -0.00725437
v 0.00899900 -0.00553185 -0.00746734
v 0.00899900 -0.00549432 -0.00768836
v 0.00899900 -0.00549016 -0.00791251
v 0.00899900 -0.00551945 -0.00813478
v 0.00899900 -0.00558154 -0.00835020
v 0.00899900 -0.00567505 -0.00855396
v 0.00899900 -0.00579788 -0.00874151
v 0.00899900 -0.00594729 -0.00890866
v 0.00899900 -0.00611994 -0.00905167
v 0.00899900 -0.00631198 -0.00916735
v -0.00000100 -0.00631198 -0.00916735
v -0.00000100 -0.00611994 -0.00905167
v -0.00000100 -0.00594729 -0.00890866
v -0.00000100 -0.00579788 -0.00874151
v -0.00000100 -0.00567505 -0.00855396
v -0.00000100 -0.00558154 -0.00835020
v -0.00000100 -0.00551945 -0.00813478
v -0.00000100 -0.00549016 -0.00791251
v -0.00000100 -0.00549432 -0.00768836
v -0.00000100 -0.00553185 -0.00746734
v -0.00000100 -0.00560190 -0.00725437
v -0.00000100 -0.00570290 -0.00705422
v -0.00000100 -0.00583261 -0.00687137
v -0.00000100 -0.00598813 -0.00670988
v -0.00000100 -0.00616597 -0.00657338
v -0.00000100 -0.00636217 -0.00646491
v -0.00000100 -0.00657235 -0.00638689
v -0.00000100 -0.00679181 -0.00634107
v -0.00000100 -0.00701564 -0.00632847
v -0.00000100 -0.00723886 -0.00634938
v -0.00000100 -0.00745646 -0.00640331
v -0.00000100 -0.00766360 -0.00648908
v -0.00000100 -0.00785564 -0.00660476
v -0.00000100 -0.00802829 -0.00674777
v -0.00000100 -0.00817770 -0.00691492
v -0.00000100 -0.00830053 -0.00710247
v -0.00000100 -0.00839404 -0.00730623
v -0.00000100 -0.00845613 -0.00752165
v -0.00000100 -0.00848542 -0.00774392
v -0.00000100 -0.00848126 -0.00796807
v -0.00000100 -0.00844373 -0.00818910
v -0.00000100 -0.00837368 -0.00840206
v -0.00000100 -0.00827268 -0.00860221
v -0.00000100 -0.00814297 -0.00878507
v -0.00000100 -0.00798745 -0.00894655
v -0.00000100 -0.00780961 -0.00908305
v -0.00000100 -0.00761341 -0.00919152
v -0.00000100 -0.00740323 -0.00926954
v -0.00000100 -0.00718377 -0.00931536
v -0.00000100 -0.00695994 -0.00932796
v -0.00000100 -0.00673672 -0.00930705
v -0.00000100 0.00747619 0.00640356
v 0.00899900 0.00747619 0.00640356
v 0.00899900 0.00725858 0.00634962
v 0.00899900 0.00703537 0.00632872
v 0.00899900 0.00681153 0.00634132
v 0.00899900 0.00659207 0.00638714
v 0.00899900 0.00638190 0.00646515
v 0.00899900 0.00618569 0.00657362
v 0.00899900 0.00600785 0.00671013
v 0.00899900 0.00585234 0.00687161
v 0.00899900 0.00572263 0.00705447
v 0.00899900 0.00562162 0.00725461
v 0.00899900 0.00555157 0.00746758
v 0.00899900 0.00551405 0.00768861
v 0.00899900 0.00550988 0.00791276
v 0.00899900 0.00553918 0.00813503
v 0.00899900 0.00560127 0.00835045
v 0.00899900 0.00569477 0.00855421
v 0.00899900 0.00581760 0.00874176
v 0.00899900 0.00596701 0.00890890
v 0.00899900 0.00613966 0.00905191
v 0.00899900 0.00633170 0.00916759
v 0.00899900 0.00653884 0.00925336
v 0.00899900 0.00675645 0.00930730
v 0.00899900 0.00697966 0.00932820
v 0.00899900 0.00720350 0.00931560
v 0.00899900 0.00742295 0.00926978
v 0.00899900 0.00763313 0.00919177
v 0.00899900 0.00782933 0.00908330
v 0.00899900 0.00800718 0.00894679
v 0.00899900 0.00816269 0.00878531
v 0.00899900 0.00829240 0.00860245
v 0.00899900 0.00839341 0.00840231
v 0.00899900 0.00846346 0.00818934
v 0.00899900 0.00850098 0.00796831
v 0.00899900 0.00850514 0.00774416
v 0.00899900 0.00847585 0.00752189
v 0.00899900 0.00841376 0.00730647
v 0.00899900 0.00832026 0.00710271
v 0.00899900 0.00819743 0.00691516
v 0.00899900 0.00804802 0.00674802
v 0.00899900 0.00787536 0.00660501
v 0.00899900 0.00768332 0.00648932
v -0.00000100 0.00768332 0.00648932
v -0.00000100 0.00787536 0.00660501
v -0.00000100 0.00804802 0.00674802
v -0.00000100 0.00819743 0.00691516
v -0.00000100 0.00832026 0.00710271
v -0.00000100 0.00841376 0.00730647
v -0.00000100 0.00847585 0.00752189
v -0.00000100 0.00850514 0.00774416
v -0.00000100 0.00850098 0.00796831
v -0.00000100 0.00846346 0.00818934
v -0.00000100 0.00839341 0.00840231
v -0.00000100 0.00829240 0.00860245
v -0.00000100 0.00816269 0.00878531
v -0.00000100 0.00800718 0.00894679
v -0.00000100 0.00782933 0.00908330
v -0.00000100 0.00763313 0.00919177
v -0.00000100 0.00742295 0.00926978
v -0.00000100 0.00720350 0.00931560
v -0.00000100 0.00697966 0.00932820
v -0.00000100 0.00675645 0.00930730
v -0.00000100 0.00653884 0.00925336
v -0.00000100 0.00633170 0.00916759
v -0.00000100 0.00613966 0.00905191
v -0.00000100 0.00596701 0.00890890
v -0.00000100 0.00581760 0.00874176
v -0.00000100 0.00569477 0.00855421
v -0.00000100 0.00560127 0.00835045
v -0.00000100 0.00553918 0.00813503
v -0.00000100 0.00550988 0.00791276
v -0.00000100 0.00551405 0.00768861
v -0.00000100 0.00555157 0.00746758
v -0.00000100 0.00562162 0.00725461
v -0.00000100 0.00572263 0.00705447
v -0.00000100 0.00585234 0.00687161
v -0.00000100 0.00600785 0.00671013
v -0.00000100 0.00618569 0.00657362
v -0.00000100 0.00638190 0.00646515
v -0.00000100 0.00659207 0.00638714
v -0.00000100 0.00681153 0.00634132
v -0.00000100 0.00703537 0.00632872
v -0.00000100 0.00725858 0.00634962
v -0.00000100 -0.00979983 0.00072120
v 0.00899900 -0.00979983 0.00072120
v 0.00899900 -0.01001744 0.00066726
v 0.00899900 -0.01024065 0.00064636
v 0.00899900 -0.01046448 0.00065896
v 0.00899900 -0.01068394 0.00070478
v 0.00899900 -0.01089412 0.00078279
v 0.00899900 -0.01109032 0.00089126
v 0.00899900 -0.01126817 0.00102776
v 0.00899900 -0.01142368 0.00118925
v 0.00899900 -0.01155339 0.00137210
v 0.00899900 -0.01165440 0.00157225
v 0.00899900 -0.01172445 0.00178522
v 0.00899900 -0.01176197 0.00200625
v 0.00899900 -0.01176613 0.00223040
v 0.00899900 -0.01173684 0.00245267
v 0.00899900 -0.01167475 0.00266809
v 0.00899900 -0.01158124 0.00287185
v 0.00899900 -0.01145842 0.00305939
v 0.00899900 -0.01130901 0.00322654
v 0.00899900 -0.01113635 0.00336955
v 0.00899900 -0.01094431 0.00348523
v 0.00899900 -0.01073718 0.00357100
v 0.00899900 -0.01051957 0.00362494
v 0.00899900 -0.01029636 0.00364584
v 0.00899900 -0.01007252 0.00363324
v 0.00899900 -0.00985306 0.00358742
v 0.00899900 -0.00964289 0.00350940
v 0.00899900 -0.00944668 0.00340093
v 0.00899900 -0.00926884 0.00326443
v 0.00899900 -0.00911332 0.00310295
v 0.00899900 -0.00898362 0.00292009
v 0.00899900 -0.00888261 0.00271994
v 0.00899900 -0.00881256 0.00250698
v 0.00899900 -0.00877504 0.00228595
v 0.00899900 -0.00877087 0.00206180
v 0.00899900 -0.00880017 0.00183953
v 0.00899900 -0.00886226 0.00162411
v 0.00899900 -0.00895576 0.00142035
v 0.00899900 -0.00907859 0.00123280
v 0.00899900 -0.00922800 0.00106565
v 0.00899900 -0.00940065 0.00092264
v 0.00899900 -0.00959269 0.00080696
v -0.00000100 -0.00959269 0.00080696
v -0.00000100 -0.00940065 0.00092264
v -0.00000100 -0.00922800 0.00106565
v -0.00000100 -0.00907859 0.00123280
v -0.00000100 -0.00895576 0.00142035
v -0.00000100 -0.00886226 0.00162411
v -0.00000100 -0.00880017 0.00183953
v -0.00000100 -0.00877087 0.00206180
v -0.00000100 -0.00877504 0.00228595
v -0.00000100 -0.00881256 0.00250698
v -0.00000100 -0.00888261 0.00271994
v -0.00000100 -0.00898362 0.00292009
v -0.00000100 -0.00911332 0.00310295
v -0.00000100 -0.00926884 0.00326443
v -0.00000100 -0.00944668 0.00340093
v -0.00000100 -0.00964289 0.00350940
v -0.00000100 -0.00985306 0.00358742
v -0.00000100 -0.01007252 0.00363324
v -0.00000100 -0.01029636 0.00364584
v -0.00000100 -0.01051957 0.00362494
v -0.00000100 -0.01073718 0.00357100
v -0.00000100 -0.01094431 0.00348523
v -0.00000100 -0.01113635 0.00336955
v -0.00000100 -0.01130901 0.00322654
v -0.00000100 -0.01145842 0.00305939
v -0.00000100 -0.01158124 0.00287185
v -0.00000100 -0.01167475 0.00266809
v -0.00000100 -0.01173684 0.00245267
v -0.00000100 -0.01176613 0.00223040
v -0.00000100 -0.01176197 0.00200625
v -0.00000100 -0.01172445 0.00178522
v -0.00000100 -0.01165440 0.00157225
v -0.00000100 -0.01155339 0.00137210
v -0.00000100 -0.01142368 0.00118925
v -0.00000100 -0.01126817 0.00102776
v -0.00000100 -0.01109032 0.00089126
v -0.00000100 -0.01089412 0.00078279
v -0.00000100 -0.01068394 0.00070478
v -0.00000100 -0.01046448 0.00065896
v -0.00000100 -0.01024065 0.00064636
v -0.00000100 -0.01001744 0.00066726
v -0.00000100 -0.00280218 0.00854953
v 0.00899900 -0.00280218 0.00854953
v 0.00899900 -0.00301978 0.00849560
v 0.00899900 -0.00324300 0.00847469
v 0.00899900 -0.00346683 0.00848729
v 0.00899900 -0.00368629 0.00853311
v 0.00899900 -0.00389647 0.00861113
v 0.00899900 -0.00409267 0.00871960
v 0.00899900 -0.00427052 0.00885610
v 0.00899900 -0.00442603 0.00901758
v 0.00899900 -0.00455574 0.00920044
v 0.00899900 -0.00465675 0.00940059
v 0.00899900 -0.00472679 0.00961355
v 0.00899900 -0.00476432 0.00983458
v 0.00899900 -0.00476848 0.01005873
v 0.00899900 -0.00473919 0.01028100
v 0.00899900 -0.00467710 0.01049642
v 0.00899900 -0.00458359 0.01070018
v 0.00899900 -0.00446076 0.01088773
v 0.00899900 -0.00431135 0.01105488
v 0.00899900 -0.00413870 0.01119789
v 0.00899900 -0.00394666 0.01131357
v 0.00899900 -0.00373952 0.01139934
v 0.00899900 -0.00352192 0.01145327
v 0.00899900 -0.00329871 0.01147418
v 0.00899900 -0.00307487 0.01146158
v 0.00899900 -0.00285541 0.01141576
v 0.00899900 -0.00264523 0.01133774
v 0.00899900 -0.00244903 0.01122927
v 0.00899900 -0.00227119 0.01109277
v 0.00899900 -0.00211567 0.01093129
v 0.00899900 -0.00198596 0.01074843
v 0.00899900 -0.00188496 0.01054828
v 0.00899900 -0.00181491 0.01033531
v 0.00899900 -0.00177739 0.01011429
v 0.00899900 -0.00177322 0.00989014
v 0.00899900 -0.00180251 0.00966787
v 0.00899900 -0.00186461 0.00945245
v 0.00899900 -0.00195811 0.00924869
v 0.00899900 -0.00208094 0.00906114
v 0.00899900 -0.00223035 0.00889399
v 0.00899900 -0.00240300 0.00875098
v 0.00899900 -0.00259504 0.00863530
v -0.00000100 -0.00259504 0.00863530
v -0.00000100 -0.00240300 0.00875098
v -0.00000100 -0.00223035 0.00889399
v -0.00000100 -0.00208094 0.00906114
v -0.00000100 -0.00195811 0.00924869
v -0.00000100 -0.00186461 0.00945245
v -0.00000100 -0.00180251 0.00966787
v -0.00000100 -0.00177322 0.00989014
v -0.00000100 -0.00177739 0.01011429
v -0.00000100 -0.00181491 0.01033531
v -0.00000100 -0.00188496 0.01054828
v -0.00000100 -0.00198596 0.01074843
v -0.00000100 -0.00211567 0.01093129
v -0.00000100 -0.00227119 0.01109277
v -0.00000100 -0.00244903 0.01122927
v -0.00000100 -0.00264523 0.01133774
v -0.00000100 -0.00285541 0.01141576
v -0.00000100 -0.00307487 0.01146158
v -0.00000100 -0.00329871 0.01147418
v -0.00000100 -0.00352192 0.01145327
v -0.00000100 -0.00373952 0.01139934
v -0.00000100 -0.00394666 0.01131357
v -0.00000100 -0.00413870 0.01119789
v -0.00000100 -0.00431135 0.01105488
v -0.00000100 -0.00446076 0.01088773
v -0.00000100 -0.00458359 0.01070018
v -0.00000100 -0.00467710 0.01049642
v -0.00000100 -0.00473919 0.01028100
v -0.00000100 -0.00476848 0.01005873
v -0.00000100 -0.00476432 0.00983458
v -0.00000100 -0.00472679 0.00961355
v -0.00000100 -0.00465675 0.00940059
v -0.00000100 -0.00455574 0.00920044
v -0.00000100 -0.00442603 0.00901758
v -0.00000100 -0.00427052 0.00885610
v -0.00000100 -0.00409267 0.00871960
v -0.00000100 -0.00389647 0.00861113
v -0.00000100 -0.00368629 0.00853311
v -0.00000100 -0.00346683 0.00848729
v -0.00000100 -0.00324300 0.00847469
v -0.00000100 -0.00301978 0.00849560
v -0.00000100 0.01075690 -0.00357076
v 0.00899900 0.01075690 -0.00357076
v 0.00899900 0.01053930 -0.00362469
v 0.00899900 0.01031608 -0.00364559
v 0.00899900 0.01009225 -0.00363300
v 0.00899900 0.00987279 -0.00358718
v 0.00899900 0.00966261 -0.00350916
v 0.00899900 0.00946641 -0.00340069
v 0.00899900 0.00928856 -0.00326419
v 0.00899900 0.00913305 -0.00310270
v 0.00899900 0.00900334 -0.00291985
v 0.00899900 0.00890233 -0.00271970
v 0.00899900 0.00883229 -0.00250673
v 0.00899900 0.00879476 -0.00228571
v 0.00899900 0.00879060 -0.00206155
v 0.00899900 0.00881989 -0.00183929
v 0.00899900 0.00888198 -0.00162387
v 0.00899900 0.00897549 -0.00142011
v 0.00899900 0.00909831 -0.00123256
v 0.00899900 0.00924772 -0.00106541
v 0.00899900 0.00942038 -0.00092240
v 0.00899900 0.00961242 -0.00080672
v 0.00899900 0.00981955 -0.00072095
v 0.00899900 0.01003716 -0.00066701
v 0.00899900 0.01026037 -0.00064611
v 0.00899900 0.01048421 -0.00065871
v 0.00899900 0.01070367 -0.00070453
v 0.00899900 0.01091384 -0.00078255
v 0.00899900 0.01111005 -0.00089102
v 0.00899900 0.01128789 -0.00102752
v 0.00899900 0.01144341 -0.00118900
v 0.00899900 0.01157311 -0.00137186
v 0.00899900 0.01167412 -0.00157201
v 0.00899900 0.01174417 -0.00178497
v 0.00899900 0.01178169 -0.00200600
v 0.00899900 0.01178586 -0.00223015
v 0.00899900 0.01175656 -0.00245242
v 0.00899900 0.01169447 -0.00266784
v 0.00899900 0.01160097 -0.00287160
v 0.00899900 0.01147814 -0.00305915
v 0.00899900 0.01132873 -0.00322630
v 0.00899900 0.01115608 -0.00336931
v 0.00899900 0.01096404 -0.00348499
v -0.00000100 0.01096404 -0.00348499
v -0.00000100 0.01115608 -0.00336931
v -0.00000100 0.01132873 -0.00322630
v -0.00000100 0.01147814 -0.00305915
v -0.00000100 0.01160097 -0.00287160
v -0.00000100 0.01169447 -0.00266784
v -0.00000100 0.01175656 -0.00245242
v -0.00000100 0.01178586 -0.00223015
v -0.00000100 0.01178169 -0.00200600
v -0.00000100 0.01174417 -0.00178497
v -0.00000100 0.01167412 -0.00157201
v -0.00000100 0.01157311 -0.00137186
v -0.00000100 0.01144341 -0.00118900
v -0.00000100 0.01128789 -0.00102752
v -0.00000100 0.01111005 -0.00089102
v -0.00000100 0.01091384 -0.00078255
v -0.00000100 0.01070367 -0.00070453
v -0.00000100 0.01048421 -0.00065871
v -0.00000100 0.01026037 -0.00064611
v -0.00000100 0.01003716 -0.00066701
v -0.00000100 0.00981955 -0.00072095
v -0.00000100 0.00961242 -0.00080672
v -0.00000100 0.00942038 -0.00092240
v -0.00000100 0.00924772 -0.00106541
v -0.00000100 0.00909831 -0.00123256
v -0.00000100 0.00897549 -0.00142011
v -0.00000100 0.00888198 -0.00162387
v -0.00000100 0.00881989 -0.00183929
v -0.00000100 0.00879060 -0.00206155
v -0.00000100 0.00879476 -0.00228571
v -0.00000100 0.00883229 -0.00250673
v -0.00000100 0.00890233 -0.00271970
v -0.00000100 0.00900334 -0.00291985
v -0.00000100 0.00913305 -0.00310270
v -0.00000100 0.00928856 -0.00326419
v -0.00000100 0.00946641 -0.00340069
v -0.00000100 0.00966261 -0.00350916
v -0.00000100 0.00987279 -0.00358718
v -0.00000100 0.01009225 -0.00363300
v -0.00000100 0.01031608 -0.00364559
v -0.00000100 0.01053930 -0.00362469
v -0.00000100 0.00375925 -0.01139909
v 0.00899900 0.00375925 -0.01139909
v 0.00899900 0.00354164 -0.01145303
v 0.00899900 0.00331843 -0.01147393
v 0.00899900 0.00309459 -0.01146133
v 0.00899900 0.00287514 -0.01141551
v 0.00899900 0.00266496 -0.01133750
v 0.00899900 0.00246875 -0.01122903
v 0.00899900 0.00229091 -0.01109253
v 0.00899900 0.00213540 -0.01093104
v 0.00899900 0.00200569 -0.01074818
v 0.00899900 0.00190468 -0.01054804
v 0.00899900 0.00183463 -0.01033507
v 0.00899900 0.00179711 -0.01011404
v 0.00899900 0.00179295 -0.00988989
v 0.00899900 0.00182224 -0.00966762
v 0.00899900 0.00188433 -0.00945220
v 0.00899900 0.00197783 -0.00924844
v 0.00899900 0.00210066 -0.00906090
v 0.00899900 0.00225007 -0.00889375
v 0.00899900 0.00242273 -0.00875074
v 0.00899900 0.00261477 -0.00863506
v 0.00899900 0.00282190 -0.00854929
v 0.00899900 0.00303951 -0.00849535
v 0.00899900 0.00326272 -0.00847445
v 0.00899900 0.00348656 -0.00848705
v 0.00899900 0.00370601 -0.00853287
v 0.00899900 0.00391619 -0.00861089
v 0.00899900 0.00411239 -0.00871936
v 0.00899900 0.00429024 -0.00885586
v 0.00899900 0.00444575 -0.00901734
v 0.00899900 0.00457546 -0.00920020
v 0.00899900 0.00467647 -0.00940035
v 0.00899900 0.00474652 -0.00961331
v 0.00899900 0.00478404 -0.00983434
v 0.00899900 0.00478820 -0.01005849
v 0.00899900 0.00475891 -0.01028076
v 0.00899900 0.00469682 -0.01049618
v 0.00899900 0.00460332 -0.01069994
v 0.00899900 0.00448049 -0.01088749
v 0.00899900 0.00433108 -0.01105463
v 0.00899900 0.00415842 -0.01119764
v 0.00899900 0.00396638 -0.01131333
v -0.00000100 0.00396638 -0.01131333
v -0.00000100 0.00415842 -0.01119764
v -0.00000100 0.00433108 -0.01105463
v -0.00000100 0.00448049 -0.01088749
v -0.00000100 0.00460332 -0.01069994
v -0.00000100 0.00469682 -0.01049618
v -0.00000100 0.00475891 -0.01028076
v -0.00000100 0.00478820 -0.01005849
v -0.00000100 0.00478404 -0.00983434
v -0.00000100 0.00474652 -0.00961331
v -0.00000100 0.00467647 -0.00940035
v -0.00000100 0.00457546 -0.00920020
v -0.00000100 0.00444575 -0.00901734
v -0.00000100 0.00429024 -0.00885586
v -0.00000100 0.00411239 -0.00871936
v -0.00000100 0.00391619 -0.00861089
v -0.00000100 0.00370601 -0.00853287
v -0.00000100 0.00348656 -0.00848705
v -0.00000100 0.00326272 -0.00847445
v -0.00000100 0.00303951 -0.00849535
v -0.00000100 0.00282190 -0.00854929
v -0.00000100 0.00261477 -0.00863506
v -0.00000100 0.00242273 -0.00875074
v -0.00000100 0.00225007 -0.00889375
v -0.00000100 0.00210066 -0.00906090
v -0.00000100 0.00197783 -0.00924844
v -0.00000100 0.00188433 -0.00945220
v -0.00000100 0.00182224 -0.00966762
v -0.00000100 0.00179295 -0.00988989
v -0.00000100 0.00179711 -0.01011404
v -0.00000100 0.00183463 -0.01033507
v -0.00000100 0.00190468 -0.01054804
v -0.00000100 0.00200569 -0.01074818
v -0.00000100 0.00213540 -0.01093104
v -0.00000100 0.00229091 -0.01109253
v -0.00000100 0.00246875 -0.01122903
v -0.00000100 0.00266496 -0.01133750
v -0.00000100 0.00287514 -0.01141551
v -0.00000100 0.00309459 -0.01146133
v -0.00000100 0.00331843 -0.01147393
v -0.00000100 0.00354164 -0.01145303
v -0.00000100 0.00000986 0.01400012
v -0.00000100 0.00209645 0.01384375
v -0.00000100 0.00413643 0.01337814
v -0.00000100 0.00608423 0.01261369
v -0.00000100 0.00789634 0.01156746
v -0.00000100 0.00953228 0.01026285
v -0.00000100 0.01095550 0.00872898
v -0.00000100 0.01213422 0.00700012
v -0.00000100 0.01304209 0.00511490
v -0.00000100 0.01365885 0.00311542
v -0.00000100 0.01397071 0.00104634
v -0.00000100 0.01397071 -0.00104610
v -0.00000100 0.01365885 -0.00311517
v -0.00000100 0.01304209 -0.00511465
v -0.00000100 0.01213422 -0.00699988
v -0.00000100 0.01095550 -0.00872874
v -0.00000100 0.00953228 -0.01026260
v -0.00000100 0.00789634 -0.01156722
v -0.00000100 0.00608423 -0.01261344
v -0.00000100 0.00413643 -0.01337790
v -0.00000100 0.00209645 -0.01384351
v -0.00000100 0.00000986 -0.01399988
v -0.00000100 -0.00207673 -0.01384351
v -0.00000100 -0.00411671 -0.01337790
v -0.00000100 -0.00606451 -0.01261344
v -0.00000100 -0.00787662 -0.01156722
v -0.00000100 -0.00951256 -0.01026260
v -0.00000100 -0.01093578 -0.00872874
v -0.00000100 -0.01211449 -0.00699988
v -0.00000100 -0.01302237 -0.00511465
v -0.00000100 -0.01363913 -0.00311517
v -0.00000100 -0.01395099 -0.00104610
v -0.00000100 -0.01395099 0.00104634
v -0.00000100 -0.01363913 0.00311542
v -0.00000100 -0.01302237 0.00511490
v -0.00000100 -0.01211449 0.00700012
v -0.00000100 -0.01093578 0.00872898
v -0.00000100 -0.00951256 0.01026285
v -0.00000100 -0.00787662 0.01156746
v -0.00000100 -0.00606451 0.01261369
v -0.00000100 -0.00411671 0.01337814
v -0.00000100 -0.00207673 0.01384375
v 0.00399900 0.00000986 0.01400012
v 0.00399900 -0.00207673 0.01384375
v 0.00399900 -0.00411671 0.01337814
v 0.00399900 -0.00606451 0.01261369
v 0.00399900 -0.00787662 0.01156746
v 0.00399900 -0.00951256 0.01026285
v 0.00399900 -0.01093578 0.00872898
v 0.00399900 -0.01211449 0.00700012
v 0.00399900 -0.01302237 0.00511490
v 0.00399900 -0.01363913 0.00311542
v 0.00399900 -0.01395099 0.00104634
v 0.00399900 -0.01395099 -0.00104610
v 0.00399900 -0.01363913 -0.00311517
v 0.00399900 -0.01302237 -0.00511465
v 0.00399900 -0.01211449 -0.00699988
v 0.00399900 -0.01093578 -0.00872874
v 0.00399900 -0.00951256 -0.01026260
v 0.00399900 -0.00787662 -0.01156722
v 0.00399900 -0.00606451 -0.01261344
v 0.00399900 -0.00411671 -0.01337790
v 0.00399900 -0.00207673 -0.01384351
v 0.00399900 0.00000986 -0.01399988
v 0.00399900 0.00209645 -0.01384351
v 0.00399900 0.00413643 -0.01337790
v 0.00399900 0.00608423 -0.01261344
v 0.00399900 0.00789634 -0.01156722
v 0.00399900 0.00953228 -0.01026260
v 0.00399900 0.01095550 -0.00872874
v 0.00399900 0.01213422 -0.00699988
v 0.00399900 0.01304209 -0.00511465
v 0.00399900 0.01365885 -0.00311517
v 0.00399900 0.01397071 -0.00104610
v 0.00399900 0.01397071 0.00104634
v 0.00399900 0.01365885 0.00311542
v 0.00399900 0.01304209 0.00511490
v 0.00399900 0.01213422 0.00700012
v 0.00399900 0.01095550 0.00872898
v 0.00399900 0.00953228 0.01026285
v 0.00399900 0.00789634 0.01156746
v 0.00399900 0.00608423 0.01261369
v 0.00399900 0.00413643 0.01337814
v 0.00399900 0.00209645 0.01384375
v -0.00000100 0.00000986 -0.00599988
v -0.00000100 0.00090412 -0.00593286
v -0.00000100 0.00177839 -0.00573331
v -0.00000100 0.00261316 -0.00540569
v -0.00000100 0.00338978 -0.00495731
v -0.00000100 0.00409090 -0.00439819
v -0.00000100 0.00470085 -0.00374082
v -0.00000100 0.00520601 -0.00299988
v -0.00000100 0.00559510 -0.00219192
v -0.00000100 0.00585943 -0.00133500
v -0.00000100 0.00599308 -0.00044826
v -0.00000100 0.00599308 0.00044850
v -0.00000100 0.00585943 0.00133525
v -0.00000100 0.00559510 0.00219217
v -0.00000100 0.00520601 0.00300012
v -0.00000100 0.00470085 0.00374106
v -0.00000100 0.00409090 0.00439843
v -0.00000100 0.00338978 0.00495755
v -0.00000100 0.00261316 0.00540593
v -0.00000100 0.00177839 0.00573356
v -0.00000100 0.00090412 0.00593311
v -0.00000100 0.00000986 0.00600012
v -0.00000100 -0.00088439 0.00593311
v -0.00000100 -0.00175867 0.00573356
v -0.00000100 -0.00259344 0.00540593
v -0.00000100 -0.00337006 0.00495755
v -0.00000100 -0.00407117 0.00439843
v -0.00000100 -0.00468113 0.00374106
v -0.00000100 -0.00518629 0.00300012
v -0.00000100 -0.00557538 0.00219217
v -0.00000100 -0.00583971 0.00133525
v -0.00000100 -0.00597336 0.00044850
v -0.00000100 -0.00597336 -0.00044826
v -0.00000100 -0.00583971 -0.00133500
v -0.00000100 -0.00557538 -0.00219192
v -0.00000100 -0.00518629 -0.00299988
v -0.00000100 -0.00468113 -0.00374082
v -0.00000100 -0.00407117 -0.00439819
v -0.00000100 -0.00337006 -0.00495731
v -0.00000100 -0.00259344 -0.00540569
v -0.00000100 -0.00175867 -0.00573331
v -0.00000100 -0.00088439 -0.00593286
v 0.00949900 -0.00880277 -0.02336005
v 0.00399900 -0.00880277 -0.02336005
v 0.00399900 -0.00871208 -0.02358132
v 0.00399900 -0.00858943 -0.02378661
v 0.00399900 -0.00843755 -0.02397132
v 0.00399900 -0.00825984 -0.02413133
v 0.00399900 -0.00806026 -0.02426307
v 0.00399900 -0.00784328 -0.02436360
v 0.00399900 -0.00761374 -0.02443066
v 0.00399900 -0.00737677 -0.02446276
v 0.00399900 -0.00713766 -0.02445918
v 0.00399900 -0.00690175 -0.02442001
v 0.00399900 -0.00667432 -0.02434611
v 0.00399900 -0.00646044 -0.02423914
v 0.00399900 -0.00626489 -0.02410149
v 0.00399900 -0.00609205 -0.02393623
v 0.00399900 -0.00594576 -0.02374706
v 0.00399900 -0.00582931 -0.02353819
v 0.00399900 -0.00574528 -0.02331430
v 0.00399900 -0.00569556 -0.02308039
v 0.00399900 -0.00568126 -0.02284169
v 0.00399900 -0.00570269 -0.02260351
v 0.00399900 -0.00575939 -0.02237119
v 0.00399900 -0.00585008 -0.02214992
v 0.00399900 -0.00597273 -0.02194463
v 0.00399900 -0.00612461 -0.02175992
v 0.00399900 -0.00630232 -0.02159991
v 0.00399900 -0.00650190 -0.02146817
v 0.00399900 -0.00671888 -0.02136764
v 0.00399900 -0.00694842 -0.02130059
v 0.00399900 -0.00718539 -0.02126848
v 0.00399900 -0.00742450 -0.02127206
v 0.00399900 -0.00766041 -0.02131124
v 0.00399900 -0.00788784 -0.02138513
v 0.00399900 -0.00810172 -0.02149210
v 0.00399900 -0.00829726 -0.02162975
v 0.00399900 -0.00847011 -0.02179501
v 0.00399900 -0.00861640 -0.02198419
v 0.00399900 -0.00873285 -0.02219305
v 0.00399900 -0.00881688 -0.02241694
v 0.00399900 -0.00886660 -0.02265085
v 0.00399900 -0.00888090 -0.02288956
v 0.00399900 -0.00885946 -0.02312773
v 0.00949900 -0.00885946 -0.02312773
v 0.00949900 -0.00888090 -0.02288956
v 0.00949900 -0.00886660 -0.02265085
v 0.00949900 -0.00881688 -0.02241694
v 0.00949900 -0.00873285 -0.02219305
v 0.00949900 -0.00861640 -0.02198419
v 0.00949900 -0.00847011 -0.02179501
v 0.00949900 -0.00829726 -0.02162975
v 0.00949900 -0.00810172 -0.02149210
v 0.00949900 -0.00788784 -0.02138513
v 0.00949900 -0.00766041 -0.02131124
v 0.00949900 -0.00742450 -0.02127206
v 0.00949900 -0.00718539 -0.02126848
v 0.00949900 -0.00694842 -0.02130059
v 0.00949900 -0.00671888 -0.02136764
v 0.00949900 -0.00650190 -0.02146817
v 0.00949900 -0.00630232 -0.02159991
v 0.00949900 -0.00612461 -0.02175992
v 0.00949900 -0.00597273 -0.02194463
v 0.00949900 -0.00585008 -0.02214992
v 0.00949900 -0.00575939 -0.02237119
v 0.00949900 -0.00570269 -0.02260351
v 0.00949900 -0.00568126 -0.02284169
v 0.00949900 -0.00569556 -0.02308039
v 0.00949900 -0.00574528 -0.02331430
v 0.00949900 -0.00582931 -0.02353819
v 0.00949900 -0.00594576 -0.02374706
v 0.00949900 -0.00609205 -0.02393623
v 0.00949900 -0.00626489 -0.02410149
v 0.00949900 -0.00646044 -0.02423914
v 0.00949900 -0.00667432 -0.02434611
v 0.00949900 -0.00690175 -0.02442001
v 0.00949900 -0.00713766 -0.02445918
v 0.00949900 -0.00737677 -0.02446276
v 0.00949900 -0.00761374 -0.02443066
v 0.00949900 -0.00784328 -0.02436360
v 0.00949900 -0.00806026 -0.02426307
v 0.00949900 -0.00825984 -0.02413133
v 0.00949900 -0.00843755 -0.02397132
v 0.00949900 -0.00858943 -0.02378661
v 0.00949900 -0.00871208 -0.02358132
v 0.00949900 -0.02493023 0.00116274
v 0.00399900 -0.02493023 0.00116274
v 0.00399900 -0.02511265 0.00100812
v 0.00399900 -0.02526999 0.00082803
v 0.00399900 -0.02539873 0.00062651
v 0.00399900 -0.02549599 0.00040804
v 0.00399900 -0.02555961 0.00017753
v 0.00399900 -0.02558817 -0.00005990
v 0.00399900 -0.02558101 -0.00029893
v 0.00399900 -0.02553831 -0.00053422
v 0.00399900 -0.02546102 -0.00076052
v 0.00399900 -0.02535086 -0.00097278
v 0.00399900 -0.02521030 -0.00116624
v 0.00399900 -0.02504248 -0.00133660
v 0.00399900 -0.02485114 -0.00148004
v 0.00399900 -0.02464056 -0.00159336
v 0.00399900 -0.02441543 -0.00167402
v 0.00399900 -0.02418081 -0.00172024
v 0.00399900 -0.02394191 -0.00173097
v 0.00399900 -0.02370408 -0.00170597
v 0.00399900 -0.02347264 -0.00164581
v 0.00399900 -0.02325275 -0.00155182
v 0.00399900 -0.02304932 -0.00142611
v 0.00399900 -0.02286690 -0.00127149
v 0.00399900 -0.02270956 -0.00109140
v 0.00399900 -0.02258082 -0.00088987
v 0.00399900 -0.02248356 -0.00067141
v 0.00399900 -0.02241994 -0.00044089
v 0.00399900 -0.02239139 -0.00020347
v 0.00399900 -0.02239854 0.00003556
v 0.00399900 -0.02244124 0.00027085
v 0.00399900 -0.02251853 0.00049716
v 0.00399900 -0.02262869 0.00070941
v 0.00399900 -0.02276925 0.00090288
v 0.00399900 -0.02293708 0.00107323
v 0.00399900 -0.02312842 0.00121667
v 0.00399900 -0.02333900 0.00132999
v 0.00399900 -0.02356412 0.00141066
v 0.00399900 -0.02379875 0.00145687
v 0.00399900 -0.02403764 0.00146760
v 0.00399900 -0.02427547 0.00144260
v 0.00399900 -0.02450691 0.00138244
v 0.00399900 -0.02472680 0.00128845
v 0.00949900 -0.02472680 0.00128845
v 0.00949900 -0.02450691 0.00138244
v 0.00949900 -0.02427547 0.00144260
v 0.00949900 -0.02403764 0.00146760
v 0.00949900 -0.02379875 0.00145687
v 0.00949900 -0.02356412 0.00141066
v 0.00949900 -0.02333900 0.00132999
v 0.00949900 -0.02312842 0.00121667
v 0.00949900 -0.02293708 0.00107323
v 0.00949900 -0.02276925 0.00090288
v 0.00949900 -0.02262869 0.00070941
v 0.00949900 -0.02251853 0.00049716
v 0.00949900 -0.02244124 0.00027085
v 0.00949900 -0.02239854 0.00003556
v 0.00949900 -0.02239139 -0.00020347
v 0.00949900 -0.02241994 -0.00044089
v 0.00949900 -0.02248356 -0.00067141
v 0.00949900 -0.02258082 -0.00088987
v 0.00949900 -0.02270956 -0.00109140
v 0.00949900 -0.02286690 -0.00127149
v 0.00949900 -0.02304932 -0.00142611
v 0.00949900 -0.02325275 -0.00155182
v 0.00949900 -0.02347264 -0.00164581
v 0.00949900 -0.02370408 -0.00170597
v 0.00949900 -0.02394191 -0.00173097
v 0.00949900 -0.02418081 -0.00172024
v 0.00949900 -0.02441543 -0.00167402
v 0.00949900 -0.02464056 -0.00159336
v 0.00949900 -0.02485114 -0.00148004
v 0.00949900 -0.02504248 -0.00133660
v 0.00949900 -0.02521030 -0.00116624
v 0.00949900 -0.02535086 -0.00097278
v 0.00949900 -0.02546102 -0.00076052
v 0.00949900 -0.02553831 -0.00053422
v 0.00949900 -0.02558101 -0.00029893
v 0.00949900 -0.02558817 -0.00005990
v 0.00949900 -0.02555961 0.00017753
v 0.00949900 -0.02549599 0.00040804
v 0.00949900 -0.02539873 0.00062651
v 0.00949900 -0.02526999 0.00082803
v 0.00949900 -0.02511265 0.00100812
v 0.00949900 -0.00659133 0.02407883
v 0.00399900 -0.00659133 0.02407883
v 0.00399900 -0.00679476 0.02420454
v 0.00399900 -0.00701465 0.02429853
v 0.00399900 -0.00724610 0.02435869
v 0.00399900 -0.00748392 0.02438369
v 0.00399900 -0.00772282 0.02437296
v 0.00399900 -0.00795745 0.02432674
v 0.00399900 -0.00818257 0.02424608
v 0.00399900 -0.00839315 0.02413276
v 0.00399900 -0.00858449 0.02398932
v 0.00399900 -0.00875232 0.02381896
v 0.00399900 -0.00889288 0.02362550
v 0.00399900 -0.00900303 0.02341324
v 0.00399900 -0.00908033 0.02318694
v 0.00399900 -0.00912302 0.02295165
v 0.00399900 -0.00913018 0.02271262
v 0.00399900 -0.00910163 0.02247520
v 0.00399900 -0.00903801 0.02224468
v 0.00399900 -0.00894074 0.02202621
v 0.00399900 -0.00881200 0.02182469
v 0.00399900 -0.00865467 0.02164460
v 0.00399900 -0.00847225 0.02148998
v 0.00399900 -0.00826882 0.02136427
v 0.00399900 -0.00804892 0.02127028
v 0.00399900 -0.00781748 0.02121012
v 0.00399900 -0.00757965 0.02118512
v 0.00399900 -0.00734076 0.02119585
v 0.00399900 -0.00710613 0.02124206
v 0.00399900 -0.00688101 0.02132273
v 0.00399900 -0.00667043 0.02143605
v 0.00399900 -0.00647909 0.02157949
v 0.00399900 -0.00631126 0.02174984
v 0.00399900 -0.00617070 0.02194331
v 0.00399900 -0.00606054 0.02215556
v 0.00399900 -0.00598325 0.02238187
v 0.00399900 -0.00594055 0.02261716
v 0.00399900 -0.00593340 0.02285619
v 0.00399900 -0.00596195 0.02309361
v 0.00399900 -0.00602557 0.02332413
v 0.00399900 -0.00612284 0.02354259
v 0.00399900 -0.00625158 0.02374412
v 0.00399900 -0.00640891 0.02392421
v 0.00949900 -0.00640891 0.02392421
v 0.00949900 -0.00625158 0.02374412
v 0.00949900 -0.00612284 0.02354259
v 0.00949900 -0.00602557 0.02332413
v 0.00949900 -0.00596195 0.02309361
v 0.00949900 -0.00593340 0.02285619
v 0.00949900 -0.00594055 0.02261716
v 0.00949900 -0.00598325 0.02238187
v 0.00949900 -0.00606054 0.02215556
v 0.00949900 -0.00617070 0.02194331
v 0.00949900 -0.00631126 0.02174984
v 0.00949900 -0.00647909 0.02157949
v 0.00949900 -0.00667043 0.02143605
v 0.00949900 -0.00688101 0.02132273
v 0.00949900 -0.00710613 0.02124206
v 0.00949900 -0.00734076 0.02119585
v 0.00949900 -0.00757965 0.02118512
v 0.00949900 -0.00781748 0.02121012
v 0.00949900 -0.00804892 0.02127028
v 0.00949900 -0.00826882 0.02136427
v 0.00949900 -0.00847225 0.02148998
v 0.00949900 -0.00865467 0.02164460
v 0.00949900 -0.00881200 0.02182469
v 0.00949900 -0.00894074 0.02202621
v 0.00949900 -0.00903801 0.02224468
v 0.00949900 -0.00910163 0.02247520
v 0.00949900 -0.00913018 0.02271262
v 0.00949900 -0.00912302 0.02295165
v 0.00949900 -0.00908033 0.02318694
v 0.00949900 -0.00900303 0.02341324
v 0.00949900 -0.00889288 0.02362550
v 0.00949900 -0.00875232 0.02381896
v 0.00949900 -0.00858449 0.02398932
v 0.00949900 -0.00839315 0.02413276
v 0.00949900 -0.00818257 0.02424608
v 0.00949900 -0.00795745 0.02432674
v 0.00949900 -0.00772282 0.02437296
v 0.00949900 -0.00748392 0.02438369
v 0.00949900 -0.00724610 0.02435869
v 0.00949900 -0.00701465 0.02429853
v 0.00949900 -0.00679476 0.02420454
v 0.00949900 0.02087019 0.01371896
v 0.00399900 0.02087019 0.01371896
v 0.00399900 0.02092689 0.01395128
v 0.00399900 0.02094832 0.01418945
v 0.00399900 0.02093402 0.01442816
v 0.00399900 0.02088430 0.01466207
v 0.00399900 0.02080028 0.01488596
v 0.00399900 0.02068382 0.01509482
v 0.00399900 0.02053754 0.01528400
v 0.00399900 0.02036469 0.01544926
v 0.00399900 0.02016914 0.01558691
v 0.00399900 0.01995526 0.01569388
v 0.00399900 0.01972783 0.01576777
v 0.00399900 0.01949193 0.01580695
v 0.00399900 0.01925282 0.01581052
v 0.00399900 0.01901584 0.01577843
v 0.00399900 0.01878630 0.01571136
v 0.00399900 0.01856932 0.01561084
v 0.00399900 0.01836974 0.01547910
v 0.00399900 0.01819203 0.01531909
v 0.00399900 0.01804015 0.01513438
v 0.00399900 0.01791750 0.01492909
v 0.00399900 0.01782681 0.01470782
v 0.00399900 0.01777012 0.01447550
v 0.00399900 0.01774868 0.01423732
v 0.00399900 0.01776298 0.01399862
v 0.00399900 0.01781270 0.01376470
v 0.00399900 0.01789673 0.01354082
v 0.00399900 0.01801319 0.01333195
v 0.00399900 0.01815947 0.01314278
v 0.00399900 0.01833232 0.01297752
v 0.00399900 0.01852786 0.01283987
v 0.00399900 0.01874174 0.01273290
v 0.00399900 0.01896918 0.01265900
v 0.00399900 0.01920508 0.01261983
v 0.00399900 0.01944419 0.01261625
v 0.00399900 0.01968116 0.01264835
v 0.00399900 0.01991070 0.01271541
v 0.00399900 0.02012768 0.01281594
v 0.00399900 0.02032726 0.01294767
v 0.00399900 0.02050497 0.01310769
v 0.00399900 0.02065685 0.01329240
v 0.00399900 0.02077951 0.01349769
v 0.00949900 0.02077951 0.01349769
v 0.00949900 0.02065685 0.01329240
v 0.00949900 0.02050497 0.01310769
v 0.00949900 0.02032726 0.01294767
v 0.00949900 0.02012768 0.01281594
v 0.00949900 0.01991070 0.01271541
v 0.00949900 0.01968116 0.01264835
v 0.00949900 0.01944419 0.01261625
v 0.00949900 0.01920508 0.01261983
v 0.00949900 0.01896918 0.01265900
v 0.00949900 0.01874174 0.01273290
v 0.00949900 0.01852786 0.01283987
v 0.00949900 0.01833232 0.01297752
v 0.00949900 0.01815947 0.01314278
v 0.00949900 0.01801319 0.01333195
v 0.00949900 0.01789673 0.01354082
v 0.00949900 0.01781270 0.01376470
v 0.00949900 0.01776298 0.01399862
v 0.00949900 0.01774868 0.01423732
v 0.00949900 0.01777012 0.01447550
v 0.00949900 0.01782681 0.01470782
v 0.00949900 0.01791750 0.01492909
v 0.00949900 0.01804015 0.01513438
v 0.00949900 0.01819203 0.01531909
v 0.00949900 0.01836974 0.01547910
v 0.00949900 0.01856932 0.01561084
v 0.00949900 0.01878630 0.01571136
v 0.00949900 0.01901584 0.01577843
v 0.00949900 0.01925282 0.01581052
v 0.00949900 0.01949193 0.01580695
v 0.00949900 0.01972783 0.01576777
v 0.00949900 0.01995526 0.01569388
v 0.00949900 0.02016914 0.01558691
v 0.00949900 0.02036469 0.01544926
v 0.00949900 0.02053754 0.01528400
v 0.00949900 0.02068382 0.01509482
v 0.00949900 0.02080028 0.01488596
v 0.00949900 0.02088430 0.01466207
v 0.00949900 0.02093402 0.01442816
v 0.00949900 0.02094832 0.01418945
v 0.00949900 0.02092689 0.01395128
v 0.00949900 0.01950345 -0.01559988
v 0.00399900 0.01950345 -0.01559988
v 0.00399900 0.01974192 -0.01558201
v 0.00399900 0.01997506 -0.01552879
v 0.00399900 0.02019766 -0.01544143
v 0.00399900 0.02040476 -0.01532186
v 0.00399900 0.02059173 -0.01517276
v 0.00399900 0.02075438 -0.01499746
v 0.00399900 0.02088909 -0.01479988
v 0.00399900 0.02099285 -0.01458442
v 0.00399900 0.02106333 -0.01435591
v 0.00399900 0.02109898 -0.01411945
v 0.00399900 0.02109898 -0.01388031
v 0.00399900 0.02106333 -0.01364384
v 0.00399900 0.02099285 -0.01341533
v 0.00399900 0.02088909 -0.01319988
v 0.00399900 0.02075438 -0.01300229
v 0.00399900 0.02059173 -0.01282700
v 0.00399900 0.02040476 -0.01267790
v 0.00399900 0.02019766 -0.01255833
v 0.00399900 0.01997506 -0.01247096
v 0.00399900 0.01974192 -0.01241775
v 0.00399900 0.01950345 -0.01239988
v 0.00399900 0.01926498 -0.01241775
v 0.00399900 0.01903184 -0.01247096
v 0.00399900 0.01880924 -0.01255833
v 0.00399900 0.01860214 -0.01267790
v 0.00399900 0.01841517 -0.01282700
v 0.00399900 0.01825252 -0.01300229
v 0.00399900 0.01811781 -0.01319988
v 0.00399900 0.01801405 -0.01341533
v 0.00399900 0.01794357 -0.01364384
v 0.00399900 0.01790792 -0.01388031
v 0.00399900 0.01790792 -0.01411945
v 0.00399900 0.01794357 -0.01435591
v 0.00399900 0.01801405 -0.01458442
v 0.00399900 0.01811781 -0.01479988
v 0.00399900 0.01825252 -0.01499746
v 0.00399900 0.01841517 -0.01517276
v 0.00399900 0.01860214 -0.01532186
v 0.00399900 0.01880924 -0.01544143
v 0.00399900 0.01903184 -0.01552879
v 0.00399900 0.01926498 -0.01558201
v 0.00949900 0.01926498 -0.01558201
v 0.00949900 0.01903184 -0.01552879
v 0.00949900 0.01880924 -0.01544143
v 0.00949900 0.01860214 -0.01532186
v 0.00949900 0.01841517 -0.01517276
v 0.00949900 0.01825252 -0.01499746
v 0.00949900 0.01811781 -0.01479988
v 0.00949900 0.01801405 -0.01458442
v 0.00949900 0.01794357 -0.01435591
v 0.00949900 0.01790792 -0.01411945
v 0.00949900 0.01790792 -0.01388031
v 0.00949900 0.01794357 -0.01364384
v 0.00949900 0.01801405 -0.01341533
v 0.00949900 0.01811781 -0.01319988
v 0.00949900 0.01825252 -0.01300229
v 0.00949900 0.01841517 -0.01282700
v 0.00949900 0.01860214 -0.01267790
v 0.00949900 0.01880924 -0.01255833
v 0.00949900 0.01903184 -0.01247096
v 0.00949900 0.01926498 -0.01241775
v 0.00949900 0.01950345 -0.01239988
v 0.00949900 0.01974192 -0.01241775
v 0.00949900 0.01997506 -0.01247096
v 0.00949900 0.02019766 -0.01255833
v 0.00949900 0.02040476 -0.01267790
v 0.00949900 0.02059173 -0.01282700
v 0.00949900 0.02075438 -0.01300229
v 0.00949900 0.02088909 -0.01319988
v 0.00949900 0.02099285 -0.01341533
v 0.00949900 0.02106333 -0.01364384
v 0.00949900 0.02109898 -0.01388031
v 0.00949900 0.02109898 -0.01411945
v 0.00949900 0.02106333 -0.01435591
v 0.00949900 0.02099285 -0.01458442
v 0.00949900 0.02088909 -0.01479988
v 0.00949900 0.02075438 -0.01499746
v 0.00949900 0.02059173 -0.01517276
v 0.00949900 0.02040476 -0.01532186
v 0.00949900 0.02019766 -0.01544143
v 0.00949900 0.01997506 -0.01552879
v 0.00949900 0.01974192 -0.01558201
v 0.00524900 -0.00195980 -0.02381265
v 0.00526148 -0.00189946 -0.02399610
v 0.00529872 -0.00184012 -0.02417649
v 0.00536010 -0.00178278 -0.02435082
v 0.00544460 -0.00172839 -0.02451620
v 0.00555080 -0.00167784 -0.02466987
v 0.00567695 -0.00163199 -0.02480927
v 0.00582094 -0.00159159 -0.02493209
v 0.00598037 -0.00155733 -0.02503627
v 0.00615260 -0.00152976 -0.02512009
v 0.00633475 -0.00150935 -0.02518215
v 0.00652380 -0.00149643 -0.02522141
v 0.00671660 -0.00149123 -0.02523723
v 0.00690994 -0.00149382 -0.02522934
v 0.00710059 -0.00150418 -0.02519787
v 0.00728540 -0.00152211 -0.02514334
v 0.00746128 -0.00154733 -0.02506667
v 0.00762530 -0.00157941 -0.02496912
v 0.00777474 -0.00161783 -0.02485233
v 0.00790711 -0.00166193 -0.02471824
v 0.00802020 -0.00171100 -0.02456907
v 0.00811213 -0.00176420 -0.02440731
v 0.00818138 -0.00182066 -0.02423565
v 0.00822679 -0.00187944 -0.02405696
v 0.00824760 -0.00193955 -0.02387420
v 0.00824347 -0.00200000 -0.02369041
v 0.00821447 -0.00205978 -0.02350866
v 0.00816107 -0.00211790 -0.02333197
v 0.00808418 -0.00217339 -0.02316328
v 0.00798506 -0.00222532 -0.02300540
v 0.00786537 -0.00227283 -0.02286095
v 0.00772710 -0.00231513 -0.02273234
v 0.00757255 -0.00235152 -0.02262171
v 0.00740429 -0.00238138 -0.02253091
v 0.00722513 -0.00240423 -0.02246143
v 0.00703804 -0.00241969 -0.02241445
v 0.00684615 -0.00242749 -0.02239073
v 0.00665263 -0.00242750 -0.02239069
v 0.00646072 -0.00241973 -0.02241430
v 0.00627361 -0.00240431 -0.02246120
v 0.00609441 -0.00238149 -0.02253058
v 0.00592610 -0.00235165 -0.02262130
v 0.00577149 -0.00231529 -0.02273186
v 0.00563315 -0.00227301 -0.02286040
v 0.00551338 -0.00222552 -0.02300479
v 0.00541418 -0.00217360 -0.02316262
v 0.00533719 -0.00211813 -0.02333127
v 0.00528370 -0.00206002 -0.02350794
v 0.00525770 -0.00201020 -0.02365941
v 0.00524900 0.01561743 -0.01810109
v 0.00526576 0.01554834 -0.01788847
v 0.00531564 0.01548079 -0.01768060
v 0.00539755 0.01541630 -0.01748212
v 0.00550964 0.01535630 -0.01729747
v 0.00564942 0.01530213 -0.01713077
v 0.00581377 0.01525501 -0.01698575
v 0.00599900 0.01521598 -0.01686564
v 0.00620099 0.01518592 -0.01677313
v 0.00641522 0.01516550 -0.01671028
v 0.00663691 0.01515517 -0.01667850
v 0.00686110 0.01515517 -0.01667850
v 0.00708278 0.01516550 -0.01671028
v 0.00729701 0.01518592 -0.01677313
v 0.00749900 0.01521598 -0.01686564
v 0.00768424 0.01525501 -0.01698575
v 0.00784858 0.01530213 -0.01713077
v 0.00798836 0.01535630 -0.01729747
v 0.00810046 0.01541630 -0.01748212
v 0.00818236 0.01548079 -0.01768060
v 0.00823225 0.01554834 -0.01788847
v 0.00824900 0.01561743 -0.01810109
v 0.00823225 0.01568652 -0.01831371
v 0.00818236 0.01575407 -0.01852158
v 0.00810046 0.01581856 -0.01872006
v 0.00798836 0.01587856 -0.01890471
v 0.00784858 0.01593273 -0.01907141
v 0.00768424 0.01597985 -0.01921643
v 0.00749900 0.01601888 -0.01933654
v 0.00729701 0.01604894 -0.01942905
v 0.00708278 0.01606936 -0.01949190
v 0.00686110 0.01607969 -0.01952368
v 0.00663691 0.01607969 -0.01952368
v 0.00641522 0.01606936 -0.01949190
v 0.00620099 0.01604894 -0.01942905
v 0.00599900 0.01601888 -0.01933654
v 0.00581377 0.01597985 -0.01921643
v 0.00564942 0.01593273 -0.01907141
v 0.00550964 0.01587856 -0.01890471
v 0.00539755 0.01581856 -0.01872006
v 0.00531564 0.01575407 -0.01852158
v 0.00526576 0.01568652 -0.01831371
v 0.00524900 -0.02324609 -0.00548517
v 0.00526148 -0.02340191 -0.00559925
v 0.00529872 -0.02355514 -0.00571142
v 0.00536010 -0.02370322 -0.00581983
v 0.00544460 -0.02384370 -0.00592267
v 0.00555080 -0.02397423 -0.00601822
v 0.00567695 -0.02409264 -0.00610491
v 0.00582094 -0.02419696 -0.00618128
v 0.00598037 -0.02428545 -0.00624606
v 0.00615260 -0.02435665 -0.00629819
v 0.00633475 -0.02440936 -0.00633678
v 0.00652380 -0.02444271 -0.00636119
v 0.00671660 -0.02445615 -0.00637103
v 0.00690994 -0.02444945 -0.00636612
v 0.00710059 -0.02442271 -0.00634655
v 0.00728540 -0.02437640 -0.00631264
v 0.00746128 -0.02431127 -0.00626497
v 0.00762530 -0.02422842 -0.00620431
v 0.00777474 -0.02412921 -0.00613168
v 0.00790711 -0.02401531 -0.00604830
v 0.00802020 -0.02388860 -0.00595554
v 0.00811213 -0.02375120 -0.00585495
v 0.00818138 -0.02360539 -0.00574821
v 0.00822679 -0.02345361 -0.00563709
v 0.00824760 -0.02329837 -0.00552345
v 0.00824347 -0.02314226 -0.00540916
v 0.00821447 -0.02298788 -0.00529614
v 0.00816107 -0.02283779 -0.00518627
v 0.00808418 -0.02269450 -0.00508137
v 0.00798506 -0.02256039 -0.00498319
v 0.00786537 -0.02243770 -0.00489337
v 0.00772710 -0.02232845 -0.00481340
v 0.00757255 -0.02223449 -0.00474461
v 0.00740429 -0.02215735 -0.00468814
v 0.00722513 -0.02209834 -0.00464494
v 0.00703804 -0.02205843 -0.00461572
v 0.00684615 -0.02203829 -0.00460098
v 0.00665263 -0.02203825 -0.00460095
v 0.00646072 -0.02205831 -0.00461563
v 0.00627361 -0.02209814 -0.00464479
v 0.00609441 -0.02215708 -0.00468794
v 0.00592610 -0.02223414 -0.00474435
v 0.00577149 -0.02232804 -0.00481310
v 0.00563315 -0.02243723 -0.00489303
v 0.00551338 -0.02255987 -0.00498282
v 0.00541418 -0.02269394 -0.00508096
v 0.00533719 -0.02283720 -0.00518584
v 0.00528370 -0.02298726 -0.00529569
v 0.00525770 -0.02311592 -0.00538988
v 0.00524900 -0.01238241 -0.02043714
v 0.00526576 -0.01220155 -0.02030573
v 0.00531564 -0.01202472 -0.02017725
v 0.00539755 -0.01185589 -0.02005458
v 0.00550964 -0.01169882 -0.01994046
v 0.00564942 -0.01155701 -0.01983743
v 0.00581377 -0.01143365 -0.01974780
v 0.00599900 -0.01133148 -0.01967356
v 0.00620099 -0.01125279 -0.01961639
v 0.00641522 -0.01119933 -0.01957755
v 0.00663691 -0.01117229 -0.01955790
v 0.00686110 -0.01117229 -0.01955790
v 0.00708278 -0.01119933 -0.01957755
v 0.00729701 -0.01125279 -0.01961639
v 0.00749900 -0.01133148 -0.01967356
v 0.00768424 -0.01143365 -0.01974780
v 0.00784858 -0.01155701 -0.01983743
v 0.00798836 -0.01169882 -0.01994046
v 0.00810046 -0.01185589 -0.02005458
v 0.00818236 -0.01202472 -0.02017725
v 0.00823225 -0.01220155 -0.02030573
v 0.00824900 -0.01238241 -0.02043714
v 0.00823225 -0.01256327 -0.02056855
v 0.00818236 -0.01274010 -0.02069702
v 0.00810046 -0.01290893 -0.02081969
v 0.00798836 -0.01306600 -0.02093382
v 0.00784858 -0.01320781 -0.02103685
v 0.00768424 -0.01333117 -0.02112648
v 0.00749900 -0.01343334 -0.02120072
v 0.00729701 -0.01351203 -0.02125789
v 0.00708278 -0.01356549 -0.02129673
v 0.00686110 -0.01359252 -0.02131637
v 0.00663691 -0.01359252 -0.02131637
v 0.00641522 -0.01356549 -0.02129673
v 0.00620099 -0.01351203 -0.02125789
v 0.00599900 -0.01343334 -0.02120072
v 0.00581377 -0.01333117 -0.02112648
v 0.00564942 -0.01320781 -0.02103685
v 0.00550964 -0.01306600 -0.02093382
v 0.00539755 -0.01290893 -0.02081969
v 0.00531564 -0.01274010 -0.02069702
v 0.00526576 -0.01256327 -0.02056855
v 0.00524900 -0.01239345 0.02042280
v 0.00526148 -0.01255009 0.02053574
v 0.00529872 -0.01270412 0.02064680
v 0.00536010 -0.01285299 0.02075414
v 0.00544460 -0.01299420 0.02085596
v 0.00555080 -0.01312542 0.02095057
v 0.00567695 -0.01324445 0.02103640
v 0.00582094 -0.01334932 0.02111202
v 0.00598037 -0.01343828 0.02117616
v 0.00615260 -0.01350985 0.02122777
v 0.00633475 -0.01356284 0.02126598
v 0.00652380 -0.01359637 0.02129015
v 0.00671660 -0.01360987 0.02129989
v 0.00690994 -0.01360314 0.02129503
v 0.00710059 -0.01357626 0.02127565
v 0.00728540 -0.01352970 0.02124208
v 0.00746128 -0.01346423 0.02119487
v 0.00762530 -0.01338094 0.02113482
v 0.00777474 -0.01328122 0.02106291
v 0.00790711 -0.01316671 0.02098035
v 0.00802020 -0.01303934 0.02088851
v 0.00811213 -0.01290122 0.02078892
v 0.00818138 -0.01275464 0.02068323
v 0.00822679 -0.01260206 0.02057321
v 0.00824760 -0.01244600 0.02046069
v 0.00824347 -0.01228907 0.02034753
v 0.00821447 -0.01213388 0.02023563
v 0.00816107 -0.01198300 0.02012685
v 0.00808418 -0.01183896 0.02002299
v 0.00798506 -0.01170415 0.01992578
v 0.00786537 -0.01158080 0.01983685
v 0.00772710 -0.01147099 0.01975766
v 0.00757255 -0.01137652 0.01968955
v 0.00740429 -0.01129899 0.01963364
v 0.00722513 -0.01123966 0.01959087
v 0.00703804 -0.01119954 0.01956194
v 0.00684615 -0.01117930 0.01954734
v 0.00665263 -0.01117925 0.01954731
v 0.00646072 -0.01119942 0.01956185
v 0.00627361 -0.01123946 0.01959073
v 0.00609441 -0.01129871 0.01963344
v 0.00592610 -0.01137618 0.01968930
v 0.00577149 -0.01147058 0.01975737
v 0.00563315 -0.01158033 0.01983651
v 0.00551338 -0.01170363 0.01992541
v 0.00541418 -0.01183840 0.02002258
v 0.00533719 -0.01198241 0.02012642
v 0.00528370 -0.01213326 0.02023519
v 0.00525770 -0.01226260 0.02032845
v 0.00524900 -0.02325655 0.00547041
v 0.00526576 -0.02307568 0.00533901
v 0.00531564 -0.02289885 0.00521054
v 0.00539755 -0.02273001 0.00508788
v 0.00550964 -0.02257294 0.00497376
v 0.00564942 -0.02243113 0.00487073
v 0.00581377 -0.02230777 0.00478111
v 0.00599900 -0.02220559 0.00470688
v 0.00620099 -0.02212690 0.00464970
v 0.00641522 -0.02207344 0.00461086
v 0.00663691 -0.02204640 0.00459122
v 0.00686110 -0.02204640 0.00459122
v 0.00708278 -0.02207344 0.00461086
v 0.00729701 -0.02212690 0.00464970
v 0.00749900 -0.02220559 0.00470688
v 0.00768424 -0.02230777 0.00478111
v 0.00784858 -0.02243113 0.00487073
v 0.00798836 -0.02257294 0.00497376
v 0.00810046 -0.02273001 0.00508788
v 0.00818236 -0.02289885 0.00521054
v 0.00823225 -0.02307568 0.00533901
v 0.00824900 -0.02325655 0.00547041
v 0.00823225 -0.02343742 0.00560181
v 0.00818236 -0.02361425 0.00573028
v 0.00810046 -0.02378309 0.00585295
v 0.00798836 -0.02394016 0.00596706
v 0.00784858 -0.02408197 0.00607009
v 0.00768424 -0.02420534 0.00615972
v 0.00749900 -0.02430751 0.00623395
v 0.00729701 -0.02438621 0.00629112
v 0.00708278 -0.02443967 0.00632996
v 0.00686110 -0.02446670 0.00634960
v 0.00663691 -0.02446670 0.00634960
v 0.00641522 -0.02443967 0.00632996
v 0.00620099 -0.02438621 0.00629112
v 0.00599900 -0.02430751 0.00623395
v 0.00581377 -0.02420534 0.00615972
v 0.00564942 -0.02408197 0.00607009
v 0.00550964 -0.02394016 0.00596706
v 0.00539755 -0.02378309 0.00585295
v 0.00531564 -0.02361425 0.00573028
v 0.00526576 -0.02343742 0.00560181
v 0.00524900 0.01560015 0.01810733
v 0.00526148 0.01565916 0.01829120
v 0.00529872 0.01571719 0.01847202
v 0.00536010 0.01577327 0.01864676
v 0.00544460 0.01582647 0.01881253
v 0.00555080 0.01587590 0.01896656
v 0.00567695 0.01592075 0.01910629
v 0.00582094 0.01596025 0.01922939
v 0.00598037 0.01599377 0.01933382
v 0.00615260 0.01602073 0.01941784
v 0.00633475 0.01604069 0.01948004
v 0.00652380 0.01605333 0.01951940
v 0.00671660 0.01605841 0.01953525
v 0.00690994 0.01605587 0.01952734
v 0.00710059 0.01604575 0.01949580
v 0.00728540 0.01602821 0.01944114
v 0.00746128 0.01600355 0.01936429
v 0.00762530 0.01597217 0.01926651
v 0.00777474 0.01593460 0.01914945
v 0.00790711 0.01589146 0.01901504
v 0.00802020 0.01584347 0.01886552
v 0.00811213 0.01579144 0.01870338
v 0.00818138 0.01573622 0.01853132
v 0.00822679 0.01567874 0.01835221
v 0.00824760 0.01561994 0.01816902
v 0.00824347 0.01556082 0.01798480
v 0.00821447 0.01550236 0.01780262
v 0.00816107 0.01544552 0.01762551
v 0.00808418 0.01539125 0.01745643
v 0.00798506 0.01534046 0.01729817
v 0.00786537 0.01529399 0.01715339
v 0.00772710 0.01525262 0.01702447
v 0.00757255 0.01521704 0.01691359
v 0.00740429 0.01518782 0.01682257
v 0.00722513 0.01516548 0.01675293
v 0.00703804 0.01515036 0.01670583
v 0.00684615 0.01514273 0.01668207
v 0.00665263 0.01514272 0.01668202
v 0.00646072 0.01515032 0.01670569
v 0.00627361 0.01516540 0.01675269
v 0.00609441 0.01518772 0.01682224
v 0.00592610 0.01521691 0.01691318
v 0.00577149 0.01525247 0.01702399
v 0.00563315 0.01529382 0.01715283
v 0.00551338 0.01534027 0.01729756
v 0.00541418 0.01539104 0.01745577
v 0.00533719 0.01544529 0.01762482
v 0.00528370 0.01550212 0.01780190
v 0.00525770 0.01555085 0.01795372
v 0.00524900 -0.00197730 0.02381821
v 0.00526576 -0.00204638 0.02360559
v 0.00531564 -0.00211392 0.02339771
v 0.00539755 -0.00217841 0.02319923
v 0.00550964 -0.00223840 0.02301458
v 0.00564942 -0.00229256 0.02284788
v 0.00581377 -0.00233968 0.02270285
v 0.00599900 -0.00237870 0.02258274
v 0.00620099 -0.00240876 0.02249023
v 0.00641522 -0.00242918 0.02242738
v 0.00663691 -0.00243950 0.02239560
v 0.00686110 -0.00243950 0.02239560
v 0.00708278 -0.00242918 0.02242738
v 0.00729701 -0.00240876 0.02249023
v 0.00749900 -0.00237870 0.02258274
v 0.00768424 -0.00233968 0.02270285
v 0.00784858 -0.00229256 0.02284788
v 0.00798836 -0.00223840 0.02301458
v 0.00810046 -0.00217841 0.02319923
v 0.00818236 -0.00211392 0.02339771
v 0.00823225 -0.00204638 0.02360559
v 0.00824900 -0.00197730 0.02381821
v 0.00823225 -0.00190822 0.02403083
v 0.00818236 -0.00184068 0.02423870
v 0.00810046 -0.00177620 0.02443718
v 0.00798836 -0.00171620 0.02462184
v 0.00784858 -0.00166204 0.02478854
v 0.00768424 -0.00161492 0.02493356
v 0.00749900 -0.00157590 0.02505368
v 0.00729701 -0.00154584 0.02514619
v 0.00708278 -0.00152542 0.02520903
v 0.00686110 -0.00151510 0.02524081
v 0.00663691 -0.00151510 0.02524081
v 0.00641522 -0.00152542 0.02520903
v 0.00620099 -0.00154584 0.02514619
v 0.00599900 -0.00157590 0.02505368
v 0.00581377 -0.00161492 0.02493356
v 0.00564942 -0.00166204 0.02478854
v 0.00550964 -0.00171620 0.02462184
v 0.00539755 -0.00177620 0.02443718
v 0.00531564 -0.00184068 0.02423870
v 0.00526576 -0.00190822 0.02403083
v 0.00524900 0.02204850 -0.00923169
v 0.00526148 0.02224161 -0.00923099
v 0.00529872 0.02243151 -0.00923030
v 0.00536010 0.02261503 -0.00922964
v 0.00544460 0.02278913 -0.00922901
v 0.00555080 0.02295089 -0.00922843
v 0.00567695 0.02309764 -0.00922790
v 0.00582094 0.02322693 -0.00922743
v 0.00598037 0.02333660 -0.00922703
v 0.00615260 0.02342483 -0.00922672
v 0.00633475 0.02349016 -0.00922648
v 0.00652380 0.02353150 -0.00922633
v 0.00671660 0.02354815 -0.00922627
v 0.00690994 0.02353984 -0.00922630
v 0.00710059 0.02350671 -0.00922642
v 0.00728540 0.02344931 -0.00922663
v 0.00746128 0.02336860 -0.00922692
v 0.00762530 0.02326591 -0.00922729
v 0.00777474 0.02314297 -0.00922773
v 0.00790711 0.02300180 -0.00922824
v 0.00802020 0.02284477 -0.00922881
v 0.00811213 0.02267449 -0.00922943
v 0.00818138 0.02249379 -0.00923008
v 0.00822679 0.02230568 -0.00923076
v 0.00824760 0.02211329 -0.00923145
v 0.00824347 0.02191982 -0.00923215
v 0.00821447 0.02172849 -0.00923284
v 0.00816107 0.02154248 -0.00923351
v 0.00808418 0.02136490 -0.00923415
v 0.00798506 0.02119870 -0.00923475
v 0.00786537 0.02104664 -0.00923530
v 0.00772710 0.02091125 -0.00923579
v 0.00757255 0.02079480 -0.00923621
v 0.00740429 0.02069921 -0.00923656
v 0.00722513 0.02062607 -0.00923682
v 0.00703804 0.02057661 -0.00923700
v 0.00684615 0.02055165 -0.00923709
v 0.00665263 0.02055160 -0.00923709
v 0.00646072 0.02057646 -0.00923700
v 0.00627361 0.02062583 -0.00923682
v 0.00609441 0.02069887 -0.00923656
v 0.00592610 0.02079437 -0.00923621
v 0.00577149 0.02091075 -0.00923579
v 0.00563315 0.02104606 -0.00923530
v 0.00551338 0.02119806 -0.00923476
v 0.00541418 0.02136421 -0.00923416
v 0.00533719 0.02154175 -0.00923351
v 0.00528370 0.02172773 -0.00923284
v 0.00525770 0.02188718 -0.00923227
v 0.00524900 0.02204814 0.00925022
v 0.00526576 0.02182458 0.00925022
v 0.00531564 0.02160601 0.00925021
v 0.00539755 0.02139732 0.00925021
v 0.00550964 0.02120316 0.00925020
v 0.00564942 0.02102788 0.00925020
v 0.00581377 0.02087539 0.00925020
v 0.00599900 0.02074910 0.00925019
v 0.00620099 0.02065183 0.00925019
v 0.00641522 0.02058575 0.00925019
v 0.00663691 0.02055233 0.00925019
v 0.00686110 0.02055233 0.00925019
v 0.00708278 0.02058575 0.00925019
v 0.00729701 0.02065183 0.00925019
v 0.00749900 0.02074910 0.00925019
v 0.00768424 0.02087539 0.00925020
v 0.00784858 0.02102788 0.00925020
v 0.00798836 0.02120316 0.00925020
v 0.00810046 0.02139732 0.00925021
v 0.00818236 0.02160601 0.00925021
v 0.00823225 0.02182458 0.00925022
v 0.00824900 0.02204814 0.00925022
v 0.00823225 0.02227170 0.00925022
v 0.00818236 0.02249027 0.00925023
v 0.00810046 0.02269897 0.00925023
v 0.00798836 0.02289312 0.00925024
v 0.00784858 0.02306840 0.00925024
v 0.00768424 0.02322089 0.00925024
v 0.00749900 0.02334718 0.00925025
v 0.00729701 0.02344445 0.00925025
v 0.00708278 0.02351053 0.00925025
v 0.00686110 0.02354395 0.00925025
v 0.00663691 0.02354395 0.00925025
v 0.00641522 0.02351053 0.00925025
v 0.00620099 0.02344445 0.00925025
v 0.00599900 0.02334718 0.00925025
v 0.00581377 0.02322089 0.00925024
v 0.00564942 0.02306840 0.00925024
v 0.00550964 0.02289312 0.00925024
v 0.00539755 0.02269897 0.00925023
v 0.00531564 0.02249027 0.00925023
v 0.00526576 0.02227170 0.00925022
v 0.00899900 0.00000986 -0.00599988
v 0.00899900 -0.00088439 -0.00593286
v 0.00899900 -0.00175867 -0.00573331
v 0.00899900 -0.00259344 -0.00540569
v 0.00899900 -0.00337006 -0.00495731
v 0.00899900 -0.00407117 -0.00439819
v 0.00899900 -0.00468113 -0.00374082
v 0.00899900 -0.00518629 -0.00299988
v 0.00899900 -0.00557538 -0.00219192
v 0.00899900 -0.00583971 -0.00133500
v 0.00899900 -0.00597336 -0.00044826
v 0.00899900 -0.00597336 0.00044850
v 0.00899900 -0.00583971 0.00133525
v 0.00899900 -0.00557538 0.00219217
v 0.00899900 -0.00518629 0.00300012
v 0.00899900 -0.00468113 0.00374106
v 0.00899900 -0.00407117 0.00439843
v 0.00899900 -0.00337006 0.00495755
v 0.00899900 -0.00259344 0.00540593
v 0.00899900 -0.00175867 0.00573356
v 0.00899900 -0.00088439 0.00593311
v 0.00899900 0.00000986 0.00600012
v 0.00899900 0.00090412 0.00593311
v 0.00899900 0.00177839 0.00573356
v 0.00899900 0.00261316 0.00540593
v 0.00899900 0.00338978 0.00495755
v 0.00899900 0.00409090 0.00439843
v 0.00899900 0.00470085 0.00374106
v 0.00899900 0.00520601 0.00300012
v 0.00899900 0.00559510 0.00219217
v 0.00899900 0.00585943 0.00133525
v 0.00899900 0.00599308 0.00044850
v 0.00899900 0.00599308 -0.00044826
v 0.00899900 0.00585943 -0.00133500
v 0.00899900 0.00559510 -0.00219192
v 0.00899900 0.00520601 -0.00299988
v 0.00899900 0.00470085 -0.00374082
v 0.00899900 0.00409090 -0.00439819
v 0.00899900 0.00338978 -0.00495731
v 0.00899900 0.00261316 -0.00540569
v 0.00899900 0.00177839 -0.00573331
v 0.00899900 0.00090412 -0.00593286
v 0.00949900 0.00000986 -0.01399988
v 0.00899900 0.00000986 -0.01399988
v 0.00899900 -0.00207673 -0.01384351
v 0.00899900 -0.00411671 -0.01337790
v 0.00899900 -0.00606451 -0.01261344
v 0.00899900 -0.00787662 -0.01156722
v 0.00899900 -0.00951256 -0.01026260
v 0.00899900 -0.01093578 -0.00872874
v 0.00899900 -0.01211449 -0.00699988
v 0.00899900 -0.01302237 -0.00511465
v 0.00899900 -0.01363913 -0.00311517
v 0.00899900 -0.01395099 -0.00104610
v 0.00899900 -0.01395099 0.00104634
v 0.00899900 -0.01363913 0.00311542
v 0.00899900 -0.01302237 0.00511490
v 0.00899900 -0.01211449 0.00700012
v 0.00899900 -0.01093578 0.00872898
v 0.00899900 -0.00951256 0.01026285
v 0.00899900 -0.00787662 0.01156746
v 0.00899900 -0.00606451 0.01261369
v 0.00899900 -0.00411671 0.01337814
v 0.00899900 -0.00207673 0.01384375
v 0.00899900 0.00000986 0.01400012
v 0.00899900 0.00209645 0.01384375
v 0.00899900 0.00413643 0.01337814
v 0.00899900 0.00608423 0.01261369
v 0.00899900 0.00789634 0.01156746
v 0.00899900 0.00953228 0.01026285
v 0.00899900 0.01095550 0.00872898
v 0.00899900 0.01213422 0.00700012
v 0.00899900 0.01304209 0.00511490
v 0.00899900 0.01365885 0.00311542
v 0.00899900 0.01397071 0.00104634
v 0.00899900 0.01397071 -0.00104610
v 0.00899900 0.01365885 -0.00311517
v 0.00899900 0.01304209 -0.00511465
v 0.00899900 0.01213422 -0.00699988
v 0.00899900 0.01095550 -0.00872874
v 0.00899900 0.00953228 -0.01026260
v 0.00899900 0.00789634 -0.01156722
v 0.00899900 0.00608423 -0.01261344
v 0.00899900 0.00413643 -0.01337790
v 0.00899900 0.00209645 -0.01384351
v 0.00949900 -0.00207673 -0.01384351
v 0.00949900 -0.00411671 -0.01337790
v 0.00949900 -0.00606451 -0.01261344
v 0.00949900 -0.00787662 -0.01156722
v 0.00949900 -0.00951256 -0.01026260
v 0.00949900 -0.01093578 -0.00872874
v 0.00949900 -0.01211449 -0.00699988
v 0.00949900 -0.01302237 -0.00511465
v 0.00949900 -0.01363913 -0.00311517
v 0.00949900 -0.01395099 -0.00104610
v 0.00949900 -0.01395099 0.00104634
v 0.00949900 -0.01363913 0.00311542
v 0.00949900 -0.01302237 0.00511490
v 0.00949900 -0.01211449 0.00700012
v 0.00949900 -0.01093578 0.00872898
v 0.00949900 -0.00951256 0.01026285
v 0.00949900 -0.00787662 0.01156746
v 0.00949900 -0.00606451 0.01261369
v 0.00949900 -0.00411671 0.01337814
v 0.00949900 -0.00207673 0.01384375
v 0.00949900 0.00000986 0.01400012
v 0.00949900 0.00209645 0.01384375
v 0.00949900 0.00413643 0.01337814
v 0.00949900 0.00608423 0.01261369
v 0.00949900 0.00789634 0.01156746
v 0.00949900 0.00953228 0.01026285
v 0.00949900 0.01095550 0.00872898
v 0.00949900 0.01213422 0.00700012
v 0.00949900 0.01304209 0.00511490
v 0.00949900 0.01365885 0.00311542
v 0.00949900 0.01397071 0.00104634
v 0.00949900 0.01397071 -0.00104610
v 0.00949900 0.01365885 -0.00311517
v 0.00949900 0.01304209 -0.00511465
v 0.00949900 0.01213422 -0.00699988
v 0.00949900 0.01095550 -0.00872874
v 0.00949900 0.00953228 -0.01026260
v 0.00949900 0.00789634 -0.01156722
v 0.00949900 0.00608423 -0.01261344
v 0.00949900 0.00413643 -0.01337790
v 0.00949900 0.00209645 -0.01384351
v 0.00949900 0.01762616 -0.02428292
v 0.00399900 0.01762616 -0.02428292
v 0.00399900 0.01406042 -0.01330943
v 0.00949900 0.01406042 -0.01330943
v 0.00399900 0.00950883 -0.01422295
v 0.00399900 0.00504149 -0.01548564
v 0.00399900 0.00068515 -0.01708994
v 0.00399900 -0.00353412 -0.01902625
v 0.00949900 -0.00353412 -0.01902625
v 0.00949900 0.00068515 -0.01708994
v 0.00949900 0.00504149 -0.01548564
v 0.00949900 0.00950883 -0.01422295
v 0.00399900 0.00007526 -0.02999981
v 0.00949900 0.00007526 -0.02999981
v 0.00949900 -0.01764095 -0.02425785
v 0.00399900 -0.01764095 -0.02425785
v 0.00399900 -0.00830641 -0.01747563
v 0.00949900 -0.00830641 -0.01747563
v 0.00399900 -0.01058174 -0.01342911
v 0.00399900 -0.01316311 -0.00957060
v 0.00399900 -0.01603508 -0.00592323
v 0.00399900 -0.01918044 -0.00250882
v 0.00949900 -0.01918044 -0.00250882
v 0.00949900 -0.01603508 -0.00592323
v 0.00949900 -0.01316311 -0.00957060
v 0.00949900 -0.01058174 -0.01342911
v 0.00399900 -0.02850156 -0.00933256
v 0.00949900 -0.02850156 -0.00933256
v 0.00949900 -0.02851524 0.00929091
v 0.00399900 -0.02851524 0.00929091
v 0.00399900 -0.01918044 0.00250906
v 0.00949900 -0.01918044 0.00250906
v 0.00399900 -0.01603508 0.00592347
v 0.00399900 -0.01316311 0.00957085
v 0.00399900 -0.01058174 0.01342935
v 0.00399900 -0.00830641 0.01747588
v 0.00949900 -0.00830641 0.01747588
v 0.00949900 -0.01058174 0.01342935
v 0.00949900 -0.01316311 0.00957085
v 0.00949900 -0.01603508 0.00592347
v 0.00399900 -0.01767656 0.02423213
v 0.00949900 -0.01767656 0.02423213
v 0.00949900 0.00003119 0.03000011
v 0.00399900 0.00003119 0.03000011
v 0.00399900 -0.00353412 0.01902649
v 0.00949900 -0.00353412 0.01902649
v 0.00399900 0.00068515 0.01709018
v 0.00399900 0.00504149 0.01548588
v 0.00399900 0.00950883 0.01422319
v 0.00399900 0.01406042 0.01330968
v 0.00949900 0.01406042 0.01330968
v 0.00949900 0.00950883 0.01422319
v 0.00949900 0.00504149 0.01548588
v 0.00949900 0.00068515 0.01709018
v 0.00399900 0.01759047 0.02430901
v 0.00949900 0.01759047 0.02430901
v 0.00949900 0.02007867 -0.02229882
v 0.00949900 0.02230928 -0.02006816
v 0.00949900 0.02429332 -0.01761560
v 0.00949900 0.02600885 -0.01496827
v 0.00949900 0.02743691 -0.01215542
v 0.00949900 0.02856170 -0.00920817
v 0.00949900 0.01700986 -0.00924988
v 0.00949900 0.01647215 -0.00463876
v 0.00949900 0.01629255 0.00000012
v 0.00949900 0.01647215 0.00463901
v 0.00949900 0.01700986 0.00925012
v 0.00949900 0.02854814 0.00925035
v 0.00949900 0.02741902 0.01219594
v 0.00949900 0.02598683 0.01500669
v 0.00949900 0.02426741 0.01765150
v 0.00949900 0.02227977 0.02010114
v 0.00949900 0.02004589 0.02232852
v 0.00949900 -0.00311916 0.02983650
v 0.00949900 -0.00623490 0.02934297
v 0.00949900 -0.00928160 0.02852500
v 0.00949900 -0.01222556 0.02739162
v 0.00949900 -0.01503424 0.02595537
v 0.00949900 -0.02933314 0.00624420
v 0.00949900 -0.02982659 0.00312844
v 0.00949900 -0.02999013 -0.00002191
v 0.00949900 -0.02982196 -0.00317202
v 0.00949900 -0.02932393 -0.00628705
v 0.00949900 -0.01499609 -0.02597720
v 0.00949900 -0.01218531 -0.02740932
v 0.00949900 -0.00923969 -0.02853838
v 0.00949900 -0.00619179 -0.02935187
v 0.00949900 -0.00307532 -0.02984082
v 0.00399900 0.02854814 0.00925035
v 0.00399900 0.02004589 0.02232852
v 0.00399900 0.02227977 0.02010114
v 0.00399900 0.02426741 0.01765150
v 0.00399900 0.02598683 0.01500669
v 0.00399900 0.02741902 0.01219594
v 0.00399900 -0.01503424 0.02595537
v 0.00399900 -0.01222556 0.02739162
v 0.00399900 -0.00928160 0.02852500
v 0.00399900 -0.00623490 0.02934297
v 0.00399900 -0.00311916 0.02983650
v 0.00399900 -0.02932393 -0.00628705
v 0.00399900 -0.02982196 -0.00317202
v 0.00399900 -0.02999013 -0.00002191
v 0.00399900 -0.02982659 0.00312844
v 0.00399900 -0.02933314 0.00624420
v 0.00399900 0.02856170 -0.00920817
v 0.00399900 0.02743691 -0.01215542
v 0.00399900 0.02600885 -0.01496827
v 0.00399900 0.02429332 -0.01761560
v 0.00399900 0.02230928 -0.02006816
v 0.00399900 0.02007867 -0.02229882
v 0.00399900 0.01700986 -0.00924988
v 0.00399900 0.01700986 0.00925012
v 0.00399900 0.01647215 0.00463901
v 0.00399900 0.01629255 0.00000012
v 0.00399900 0.01647215 -0.00463876
v 0.00399900 -0.00307532 -0.02984082
v 0.00399900 -0.00619179 -0.02935187
v 0.00399900 -0.00923969 -0.02853838
v 0.00399900 -0.01218531 -0.02740932
v 0.00399900 -0.01499609 -0.02597720
f 2 44 1
f 43 45 44
f 43 44 2
f 42 46 45
f 42 45 43
f 41 46 42
f 41 47 46
f 40 47 41
f 40 48 47
f 39 48 40
f 39 49 48
f 38 49 39
f 38 50 49
f 37 50 38
f 37 51 50
f 36 51 37
f 36 52 51
f 35 52 36
f 35 53 52
f 34 53 35
f 34 54 53
f 33 54 34
f 33 55 54
f 32 55 33
f 32 56 55
f 31 56 32
f 31 57 56
f 30 57 31
f 30 58 57
f 29 58 30
f 29 59 58
f 28 59 29
f 27 59 28
f 27 60 59
f 27 61 60
f 26 62 61
f 26 61 27
f 25 63 62
f 25 62 26
f 24 64 63
f 24 63 25
f 23 65 64
f 23 64 24
f 22 65 23
f 21 66 65
f 21 67 66
f 21 65 22
f 20 67 21
f 19 68 67
f 19 69 68
f 19 67 20
f 18 70 69
f 18 69 19
f 17 70 18
f 16 71 70
f 16 72 71
f 16 70 17
f 15 72 16
f 14 72 15
f 14 73 72
f 13 73 14
f 13 74 73
f 13 75 74
f 12 75 13
f 12 76 75
f 11 76 12
f 11 77 76
f 10 77 11
f 9 77 10
f 9 78 77
f 9 79 78
f 8 79 9
f 8 80 79
f 7 80 8
f 6 80 7
f 6 81 80
f 6 82 81
f 5 82 6
f 4 82 5
f 4 83 82
f 4 84 83
f 3 84 4
f 2 84 3
f 2 1 84
f 86 128 85
f 127 129 128
f 127 128 86
f 126 130 129
f 126 129 127
f 125 130 126
f 125 131 130
f 124 131 125
f 124 132 131
f 123 132 124
f 123 133 132
f 122 133 123
f 122 134 133
f 121 134 122
f 121 135 134
f 120 135 121
f 120 136 135
f 119 136 120
f 119 137 136
f 118 137 119
f 118 138 137
f 117 138 118
f 117 139 138
f 116 139 117
f 116 140 139
f 115 140 116
f 115 141 140
f 114 141 115
f 114 142 141
f 113 142 114
f 113 143 142
f 112 143 113
f 112 144 143
f 111 144 112
f 111 145 144
f 110 146 145
f 110 145 111
f 109 147 146
f 109 146 110
f 108 148 147
f 108 147 109
f 107 148 108
f 106 149 148
f 106 150 149
f 106 148 107
f 105 151 150
f 105 150 106
f 104 152 151
f 104 151 105
f 103 153 152
f 103 152 104
f 102 154 153
f 102 153 103
f 101 154 102
f 100 155 154
f 100 156 155
f 100 154 101
f 99 156 100
f 99 157 156
f 98 157 99
f 98 158 157
f 97 158 98
f 97 159 158
f 96 159 97
f 96 160 159
f 95 160 96
f 95 161 160
f 94 161 95
f 94 162 161
f 93 162 94
f 93 163 162
f 92 163 93
f 91 163 92
f 91 164 163
f 91 165 164
f 90 165 91
f 89 165 90
f 89 166 165
f 89 167 166
f 88 167 89
f 87 167 88
f 87 168 167
f 86 168 87
f 86 85 168
f 170 212 169
f 211 213 212
f 211 212 170
f 210 214 213
f 210 213 211
f 209 214 210
f 209 215 214
f 208 215 209
f 208 216 215
f 207 216 208
f 207 217 216
f 206 217 207
f 206 218 217
f 205 218 206
f 205 219 218
f 204 219 205
f 204 220 219
f 203 220 204
f 203 221 220
f 202 221 203
f 202 222 221
f 201 222 202
f 201 223 222
f 200 223 201
f 200 224 223
f 199 224 200
f 199 225 224
f 198 225 199
f 198 226 225
f 197 226 198
f 196 226 197
f 196 227 226
f 196 228 227
f 195 228 196
f 195 229 228
f 194 230 229
f 194 229 195
f 193 231 230
f 193 230 194
f 192 232 231
f 192 231 193
f 191 233 232
f 191 232 192
f 190 233 191
f 189 234 233
f 189 235 234
f 189 233 190
f 188 236 235
f 188 235 189
f 187 237 236
f 187 236 188
f 186 238 237
f 186 237 187
f 185 239 238
f 185 238 186
f 184 239 185
f 184 240 239
f 183 240 184
f 182 240 183
f 182 241 240
f 182 242 241
f 181 242 182
f 181 243 242
f 180 243 181
f 180 244 243
f 179 244 180
f 179 245 244
f 178 245 179
f 177 245 178
f 177 246 245
f 177 247 246
f 176 247 177
f 176 248 247
f 175 248 176
f 175 249 248
f 174 249 175
f 173 249 174
f 173 250 249
f 173 251 250
f 172 251 173
f 171 251 172
f 171 252 251
f 170 252 171
f 170 169 252
f 254 296 253
f 295 297 296
f 295 296 254
f 294 298 297
f 294 297 295
f 293 298 294
f 293 299 298
f 292 299 293
f 292 300 299
f 291 300 292
f 291 301 300
f 290 301 291
f 290 302 301
f 289 302 290
f 289 303 302
f 288 303 289
f 288 304 303
f 287 304 288
f 287 305 304
f 286 305 287
f 286 306 305
f 285 306 286
f 285 307 306
f 284 307 285
f 284 308 307
f 283 308 284
f 283 309 308
f 282 309 283
f 282 310 309
f 281 310 282
f 280 310 281
f 280 311 310
f 280 312 311
f 279 312 280
f 279 313 312
f 278 314 313
f 278 313 279
f 277 315 314
f 277 314 278
f 276 316 315
f 276 315 277
f 275 317 316
f 275 316 276
f 274 317 275
f 273 318 317
f 273 319 318
f 273 317 274
f 272 320 319
f 272 319 273
f 271 321 320
f 271 320 272
f 270 322 321
f 270 321 271
f 269 323 322
f 269 322 270
f 268 323 269
f 268 324 323
f 267 324 268
f 266 324 267
f 266 325 324
f 266 326 325
f 265 326 266
f 265 327 326
f 264 327 265
f 264 328 327
f 263 328 264
f 263 329 328
f 262 329 263
f 261 329 262
f 261 330 329
f 261 331 330
f 260 331 261
f 260 332 331
f 259 332 260
f 259 333 332
f 258 333 259
f 257 333 258
f 257 334 333
f 257 335 334
f 256 335 257
f 255 335 256
f 255 336 335
f 254 336 255
f 254 253 336
f 338 380 337
f 379 381 380
f 379 380 338
f 378 382 381
f 378 381 379
f 377 382 378
f 377 383 382
f 376 383 377
f 376 384 383
f 375 384 376
f 375 385 384
f 374 385 375
f 374 386 385
f 373 386 374
f 373 387 386
f 372 387 373
f 372 388 387
f 371 388 372
f 371 389 388
f 370 389 371
f 370 390 389
f 369 390 370
f 369 391 390
f 368 391 369
f 368 392 391
f 367 392 368
f 367 393 392
f 366 393 367
f 366 394 393
f 365 394 366
f 364 394 365
f 364 395 394
f 364 396 395
f 363 396 364
f 363 397 396
f 362 398 397
f 362 397 363
f 361 399 398
f 361 398 362
f 360 400 399
f 360 399 361
f 359 401 400
f 359 400 360
f 358 401 359
f 357 402 401
f 357 403 402
f 357 401 358
f 356 404 403
f 356 403 357
f 355 405 404
f 355 404 356
f 354 406 405
f 354 405 355
f 353 406 354
f 352 407 406
f 352 408 407
f 352 406 353
f 351 408 352
f 350 408 351
f 350 409 408
f 350 410 409
f 349 410 350
f 349 411 410
f 348 411 349
f 348 412 411
f 347 412 348
f 347 413 412
f 346 413 347
f 345 413 346
f 345 414 413
f 345 415 414
f 344 415 345
f 344 416 415
f 343 416 344
f 343 417 416
f 342 417 343
f 341 417 342
f 341 418 417
f 341 419 418
f 340 419 341
f 339 419 340
f 339 420 419
f 338 420 339
f 338 337 420
f 463 421 422
f 463 464 421
f 462 465 464
f 462 464 463
f 461 466 465
f 461 465 462
f 460 466 461
f 460 467 466
f 459 467 460
f 459 468 467
f 458 468 459
f 458 469 468
f 457 469 458
f 457 470 469
f 456 470 457
f 456 471 470
f 455 471 456
f 455 472 471
f 455 473 472
f 454 473 455
f 454 474 473
f 453 474 454
f 452 474 453
f 452 475 474
f 451 475 452
f 451 476 475
f 451 477 476
f 450 477 451
f 449 477 450
f 449 478 477
f 448 478 449
f 448 479 478
f 448 480 479
f 447 480 448
f 446 481 480
f 446 482 481
f 446 480 447
f 445 482 446
f 444 483 482
f 444 484 483
f 444 482 445
f 443 485 484
f 443 484 444
f 442 485 443
f 441 486 485
f 441 487 486
f 441 485 442
f 440 487 441
f 439 488 487
f 439 487 440
f 438 489 488
f 438 488 439
f 437 490 489
f 437 491 490
f 437 489 438
f 436 491 437
f 435 491 436
f 435 492 491
f 435 493 492
f 434 493 435
f 433 493 434
f 433 494 493
f 433 495 494
f 432 495 433
f 432 496 495
f 431 496 432
f 430 496 431
f 430 497 496
f 429 497 430
f 429 498 497
f 428 498 429
f 428 499 498
f 428 500 499
f 427 500 428
f 426 500 427
f 426 501 500
f 425 501 426
f 425 502 501
f 424 502 425
f 424 503 502
f 424 504 503
f 423 504 424
f 422 504 423
f 422 421 504
f 506 505 547
f 506 547 588
f 507 588 587
f 507 506 588
f 508 507 587
f 508 587 586
f 509 508 586
f 509 586 585
f 510 509 585
f 510 585 584
f 511 510 584
f 511 584 583
f 512 511 583
f 512 583 582
f 513 512 582
f 513 582 581
f 514 513 581
f 514 581 580
f 515 514 580
f 515 580 579
f 516 515 579
f 516 579 578
f 517 516 578
f 517 578 577
f 518 517 577
f 518 577 576
f 519 518 576
f 519 576 575
f 520 519 575
f 520 575 574
f 521 520 574
f 521 574 573
f 522 521 573
f 522 573 572
f 523 522 572
f 523 572 571
f 524 571 570
f 524 523 571
f 525 570 569
f 525 524 570
f 526 569 568
f 526 525 569
f 527 568 567
f 527 526 568
f 528 567 566
f 528 527 567
f 529 566 565
f 529 528 566
f 530 565 564
f 530 529 565
f 531 564 563
f 531 530 564
f 532 563 562
f 532 531 563
f 533 532 562
f 533 562 561
f 534 533 561
f 534 561 560
f 535 534 560
f 535 560 559
f 536 535 559
f 536 559 558
f 537 536 558
f 537 558 557
f 538 537 557
f 538 557 556
f 539 538 556
f 539 556 555
f 540 539 555
f 540 555 554
f 541 540 554
f 541 554 553
f 542 541 553
f 542 553 552
f 543 542 552
f 543 552 551
f 544 543 551
f 544 551 550
f 545 550 549
f 545 544 550
f 546 549 548
f 546 545 549
f 505 548 547
f 505 546 548
f 320 544 319
f 318 544 545
f 318 319 544
f 321 544 320
f 317 318 545
f 322 543 544
f 322 544 321
f 316 317 545
f 323 543 322
f 315 316 545
f 324 543 323
f 314 315 545
f 325 543 324
f 313 545 546
f 313 314 545
f 236 538 539
f 236 539 235
f 234 235 539
f 237 538 236
f 233 234 539
f 238 538 237
f 326 542 543
f 326 543 325
f 232 539 540
f 232 233 539
f 312 313 546
f 239 538 238
f 231 232 540
f 327 542 326
f 240 538 239
f 311 312 546
f 230 231 540
f 241 538 240
f 241 537 538
f 328 541 542
f 328 542 327
f 229 230 540
f 310 311 546
f 242 537 241
f 329 541 328
f 228 229 540
f 228 540 541
f 309 310 546
f 309 546 505
f 243 537 242
f 227 228 541
f 308 309 505
f 244 537 243
f 226 541 329
f 226 227 541
f 307 308 505
f 245 537 244
f 245 536 537
f 306 307 505
f 246 536 245
f 305 306 505
f 247 536 246
f 506 305 505
f 506 304 305
f 248 536 247
f 303 304 506
f 249 536 248
f 535 249 250
f 535 250 251
f 535 536 249
f 615 329 330
f 615 330 331
f 616 329 615
f 616 224 225
f 616 225 226
f 616 226 329
f 614 331 332
f 614 332 333
f 614 333 334
f 614 615 331
f 617 222 223
f 617 223 224
f 617 224 616
f 613 334 335
f 613 335 336
f 613 614 334
f 534 535 251
f 534 251 252
f 618 220 221
f 618 221 222
f 618 222 617
f 612 336 253
f 612 613 336
f 612 253 296
f 612 296 297
f 619 217 218
f 619 218 219
f 619 219 220
f 619 220 618
f 611 612 297
f 611 297 298
f 611 298 299
f 620 215 216
f 620 216 217
f 620 217 619
f 610 299 300
f 610 300 301
f 610 611 299
f 621 212 213
f 621 213 214
f 621 214 215
f 621 215 620
f 609 610 301
f 609 301 302
f 609 302 303
f 622 212 621
f 622 169 212
f 622 252 169
f 623 252 622
f 151 507 508
f 152 507 151
f 150 151 508
f 153 506 507
f 153 507 152
f 149 150 508
f 154 608 609
f 154 506 153
f 154 303 506
f 154 609 303
f 148 149 508
f 155 608 154
f 147 508 509
f 147 148 508
f 156 607 608
f 156 608 155
f 146 147 509
f 157 607 156
f 145 146 509
f 158 607 157
f 144 145 509
f 159 607 158
f 606 607 159
f 143 144 509
f 160 606 159
f 67 533 534
f 68 533 67
f 66 67 534
f 69 533 68
f 65 66 534
f 65 534 252
f 65 252 623
f 70 533 69
f 64 65 623
f 161 606 160
f 71 533 70
f 71 532 533
f 63 623 624
f 63 64 623
f 72 532 71
f 510 143 509
f 510 141 142
f 510 142 143
f 62 63 624
f 140 141 510
f 73 532 72
f 61 62 624
f 61 624 625
f 139 140 510
f 605 606 161
f 605 161 162
f 605 162 163
f 74 532 73
f 60 61 625
f 164 605 163
f 138 139 510
f 75 532 74
f 59 60 625
f 626 59 625
f 58 59 626
f 57 58 626
f 531 532 75
f 531 75 76
f 531 76 77
f 78 531 77
f 604 164 165
f 604 165 166
f 604 605 164
f 56 57 626
f 79 531 78
f 80 531 79
f 627 56 626
f 627 55 56
f 54 55 627
f 603 166 167
f 603 167 168
f 603 604 166
f 511 138 510
f 511 134 135
f 511 135 136
f 511 136 137
f 511 137 138
f 628 54 627
f 628 51 52
f 628 52 53
f 628 53 54
f 602 603 168
f 602 168 85
f 602 85 128
f 530 531 80
f 530 80 81
f 530 81 82
f 530 82 83
f 530 83 84
f 629 51 628
f 629 49 50
f 629 50 51
f 630 49 629
f 512 130 131
f 512 134 511
f 512 131 132
f 512 132 133
f 512 133 134
f 529 1 44
f 529 44 45
f 529 45 46
f 529 530 84
f 529 84 1
f 513 130 512
f 513 128 129
f 513 129 130
f 528 46 47
f 528 47 48
f 528 529 46
f 404 600 403
f 404 599 600
f 402 403 600
f 405 599 404
f 401 600 601
f 401 402 600
f 406 598 599
f 406 599 405
f 400 401 601
f 407 598 406
f 399 601 602
f 399 400 601
f 399 602 128
f 399 128 513
f 408 598 407
f 398 513 514
f 398 399 513
f 409 597 598
f 409 598 408
f 397 398 514
f 488 590 487
f 488 589 590
f 486 487 590
f 486 590 591
f 489 589 488
f 485 486 591
f 490 630 589
f 490 589 489
f 410 597 409
f 484 485 591
f 396 397 514
f 491 630 490
f 483 484 591
f 483 591 592
f 411 597 410
f 411 596 597
f 492 630 491
f 492 49 630
f 482 483 592
f 527 48 49
f 527 49 492
f 527 528 48
f 493 527 492
f 412 596 411
f 481 482 592
f 481 592 593
f 494 527 493
f 413 596 412
f 413 595 596
f 480 481 593
f 479 480 593
f 414 595 413
f 478 479 593
f 478 593 594
f 415 595 414
f 515 392 393
f 515 393 394
f 515 394 395
f 515 395 396
f 515 396 514
f 477 478 594
f 476 477 594
f 476 594 595
f 476 595 415
f 526 527 494
f 526 494 495
f 526 495 496
f 526 496 497
f 526 497 498
f 516 388 389
f 516 389 390
f 516 390 391
f 516 391 392
f 516 392 515
f 525 526 498
f 525 498 499
f 525 499 500
f 525 500 501
f 525 501 502
f 517 383 384
f 517 384 385
f 517 388 516
f 517 385 386
f 517 386 387
f 517 387 388
f 524 525 502
f 524 421 464
f 524 464 465
f 524 502 503
f 524 503 504
f 524 504 421
f 518 337 380
f 518 380 381
f 518 381 382
f 518 382 383
f 518 383 517
f 523 465 466
f 523 466 467
f 523 467 468
f 523 468 469
f 523 524 465
f 519 417 418
f 519 418 419
f 519 419 420
f 519 420 337
f 519 337 518
f 522 469 470
f 522 470 471
f 522 471 472
f 522 472 473
f 522 523 469
f 520 476 415
f 520 415 416
f 520 416 417
f 520 475 476
f 520 417 519
f 521 475 520
f 521 473 474
f 521 474 475
f 521 522 473
f 632 674 631
f 673 675 674
f 673 674 632
f 672 676 675
f 672 675 673
f 671 676 672
f 671 677 676
f 670 677 671
f 670 678 677
f 669 678 670
f 669 679 678
f 668 679 669
f 668 680 679
f 667 680 668
f 667 681 680
f 666 681 667
f 666 682 681
f 665 682 666
f 665 683 682
f 664 683 665
f 664 684 683
f 663 684 664
f 663 685 684
f 662 685 663
f 662 686 685
f 661 686 662
f 661 687 686
f 660 687 661
f 660 688 687
f 659 688 660
f 659 689 688
f 658 689 659
f 658 690 689
f 657 690 658
f 657 691 690
f 656 691 657
f 655 691 656
f 655 692 691
f 655 693 692
f 654 693 655
f 653 694 693
f 653 695 694
f 653 693 654
f 652 696 695
f 652 695 653
f 651 697 696
f 651 696 652
f 650 697 651
f 649 698 697
f 649 697 650
f 648 699 698
f 648 700 699
f 648 698 649
f 647 701 700
f 647 700 648
f 646 701 647
f 646 702 701
f 645 702 646
f 644 702 645
f 644 703 702
f 643 703 644
f 643 704 703
f 643 705 704
f 642 705 643
f 641 705 642
f 641 706 705
f 641 707 706
f 640 707 641
f 640 708 707
f 639 708 640
f 638 708 639
f 638 709 708
f 637 709 638
f 637 710 709
f 636 710 637
f 636 711 710
f 636 712 711
f 635 712 636
f 634 712 635
f 634 713 712
f 633 713 634
f 633 714 713
f 632 714 633
f 632 631 714
f 757 715 716
f 757 758 715
f 757 759 758
f 756 760 759
f 756 759 757
f 755 760 756
f 755 761 760
f 754 761 755
f 754 762 761
f 753 762 754
f 753 763 762
f 752 763 753
f 752 764 763
f 751 764 752
f 751 765 764
f 750 765 751
f 750 766 765
f 749 766 750
f 749 767 766
f 748 767 749
f 748 768 767
f 747 768 748
f 747 769 768
f 746 769 747
f 746 770 769
f 745 770 746
f 745 771 770
f 744 771 745
f 744 772 771
f 743 772 744
f 743 773 772
f 742 773 743
f 742 774 773
f 741 774 742
f 741 775 774
f 740 776 775
f 740 775 741
f 739 777 776
f 739 776 740
f 738 778 777
f 738 777 739
f 737 778 738
f 736 779 778
f 736 780 779
f 736 778 737
f 735 781 780
f 735 780 736
f 734 782 781
f 734 781 735
f 733 783 782
f 733 782 734
f 732 784 783
f 732 783 733
f 731 785 784
f 731 784 732
f 730 785 731
f 730 786 785
f 729 786 730
f 728 786 729
f 728 787 786
f 728 788 787
f 727 788 728
f 726 788 727
f 726 789 788
f 726 790 789
f 725 790 726
f 724 790 725
f 724 791 790
f 724 792 791
f 723 792 724
f 723 793 792
f 722 793 723
f 722 794 793
f 721 794 722
f 720 794 721
f 720 795 794
f 720 796 795
f 719 796 720
f 718 796 719
f 718 797 796
f 717 797 718
f 717 798 797
f 717 715 798
f 716 715 717
f 800 842 799
f 841 843 842
f 841 842 800
f 840 844 843
f 840 843 841
f 839 844 840
f 839 845 844
f 838 845 839
f 838 846 845
f 837 846 838
f 837 847 846
f 836 847 837
f 836 848 847
f 835 848 836
f 835 849 848
f 834 849 835
f 834 850 849
f 833 850 834
f 833 851 850
f 832 851 833
f 832 852 851
f 831 852 832
f 831 853 852
f 830 853 831
f 830 854 853
f 829 854 830
f 829 855 854
f 828 855 829
f 828 856 855
f 827 856 828
f 827 857 856
f 826 857 827
f 826 858 857
f 825 858 826
f 825 859 858
f 824 860 859
f 824 859 825
f 823 861 860
f 823 860 824
f 822 862 861
f 822 861 823
f 821 863 862
f 821 862 822
f 820 864 863
f 820 863 821
f 819 865 864
f 819 864 820
f 818 866 865
f 818 865 819
f 817 867 866
f 817 866 818
f 816 868 867
f 816 867 817
f 815 869 868
f 815 868 816
f 814 869 815
f 814 870 869
f 813 870 814
f 813 871 870
f 812 871 813
f 812 872 871
f 811 872 812
f 811 873 872
f 810 873 811
f 810 874 873
f 809 874 810
f 809 875 874
f 808 875 809
f 808 876 875
f 807 876 808
f 807 877 876
f 806 877 807
f 806 878 877
f 805 878 806
f 805 879 878
f 804 879 805
f 803 879 804
f 803 880 879
f 803 881 880
f 802 881 803
f 802 882 881
f 801 882 802
f 801 799 882
f 800 799 801
f 884 926 883
f 925 927 926
f 925 926 884
f 924 928 927
f 924 927 925
f 923 928 924
f 923 929 928
f 922 929 923
f 922 930 929
f 921 930 922
f 921 931 930
f 920 931 921
f 920 932 931
f 919 932 920
f 919 933 932
f 918 933 919
f 918 934 933
f 917 934 918
f 917 935 934
f 916 935 917
f 916 936 935
f 915 936 916
f 915 937 936
f 914 937 915
f 914 938 937
f 913 938 914
f 913 939 938
f 912 939 913
f 912 940 939
f 911 940 912
f 911 941 940
f 910 941 911
f 910 942 941
f 909 942 910
f 909 943 942
f 908 944 943
f 908 943 909
f 907 945 944
f 907 944 908
f 906 945 907
f 905 946 945
f 905 947 946
f 905 945 906
f 904 947 905
f 903 948 947
f 903 949 948
f 903 947 904
f 902 950 949
f 902 949 903
f 901 950 902
f 900 951 950
f 900 950 901
f 899 952 951
f 899 953 952
f 899 951 900
f 898 953 899
f 898 954 953
f 897 954 898
f 897 955 954
f 896 955 897
f 895 955 896
f 895 956 955
f 895 957 956
f 894 957 895
f 894 958 957
f 893 958 894
f 893 959 958
f 892 959 893
f 891 959 892
f 891 960 959
f 891 961 960
f 890 961 891
f 889 961 890
f 889 962 961
f 889 963 962
f 888 963 889
f 887 963 888
f 887 964 963
f 886 964 887
f 886 965 964
f 886 966 965
f 885 966 886
f 885 883 966
f 884 883 885
f 968 1010 967
f 1009 1011 1010
f 1009 1010 968
f 1008 1012 1011
f 1008 1011 1009
f 1007 1012 1008
f 1007 1013 1012
f 1006 1013 1007
f 1006 1014 1013
f 1005 1014 1006
f 1005 1015 1014
f 1004 1015 1005
f 1004 1016 1015
f 1003 1016 1004
f 1003 1017 1016
f 1002 1017 1003
f 1002 1018 1017
f 1001 1018 1002
f 1001 1019 1018
f 1000 1019 1001
f 1000 1020 1019
f 999 1020 1000
f 999 1021 1020
f 998 1021 999
f 998 1022 1021
f 997 1022 998
f 997 1023 1022
f 996 1023 997
f 996 1024 1023
f 995 1024 996
f 995 1025 1024
f 994 1025 995
f 994 1026 1025
f 993 1026 994
f 993 1027 1026
f 992 1028 1027
f 992 1027 993
f 991 1029 1028
f 991 1028 992
f 990 1029 991
f 989 1030 1029
f 989 1031 1030
f 989 1029 990
f 988 1031 989
f 987 1032 1031
f 987 1033 1032
f 987 1031 988
f 986 1034 1033
f 986 1033 987
f 985 1034 986
f 984 1035 1034
f 984 1034 985
f 983 1036 1035
f 983 1037 1036
f 983 1035 984
f 982 1037 983
f 982 1038 1037
f 981 1038 982
f 981 1039 1038
f 980 1039 981
f 979 1039 980
f 979 1040 1039
f 979 1041 1040
f 978 1041 979
f 978 1042 1041
f 977 1042 978
f 977 1043 1042
f 976 1043 977
f 975 1043 976
f 975 1044 1043
f 975 1045 1044
f 974 1045 975
f 973 1045 974
f 973 1046 1045
f 973 1047 1046
f 972 1047 973
f 971 1047 972
f 971 1048 1047
f 970 1048 971
f 970 1049 1048
f 970 1050 1049
f 969 1050 970
f 969 967 1050
f 968 967 969
f 1052 1051 1100
f 1052 1100 1141
f 1053 1052 1141
f 1053 1141 1140
f 1054 1053 1140
f 1054 1140 1139
f 1055 1054 1139
f 1055 1139 1138
f 1056 1055 1138
f 1056 1138 1137
f 1057 1056 1137
f 1057 1137 1136
f 1058 1057 1136
f 1059 1058 1136
f 1059 1136 1135
f 1060 1059 1135
f 1060 1135 1134
f 1061 1060 1134
f 1061 1134 1133
f 1062 1061 1133
f 1062 1133 1132
f 1063 1062 1132
f 1063 1132 1131
f 1064 1063 1131
f 1064 1131 1130
f 1065 1064 1130
f 1065 1130 1129
f 1066 1065 1129
f 1067 1066 1129
f 1067 1129 1128
f 1068 1067 1128
f 1068 1128 1127
f 1069 1068 1127
f 1069 1127 1126
f 1070 1069 1126
f 1070 1126 1125
f 1071 1070 1125
f 1071 1125 1124
f 1072 1124 1123
f 1072 1071 1124
f 1073 1072 1123
f 1074 1073 1123
f 1074 1123 1122
f 1075 1122 1121
f 1075 1074 1122
f 1076 1121 1120
f 1076 1075 1121
f 1077 1120 1119
f 1077 1076 1120
f 1078 1119 1118
f 1078 1077 1119
f 1079 1078 1118
f 1079 1118 1117
f 1080 1079 1117
f 1081 1117 1116
f 1081 1080 1117
f 1082 1081 1116
f 1082 1116 1115
f 1083 1082 1115
f 1083 1115 1114
f 1084 1083 1114
f 1084 1114 1113
f 1085 1084 1113
f 1085 1113 1112
f 1086 1085 1112
f 1086 1112 1111
f 1087 1086 1111
f 1088 1087 1111
f 1088 1111 1110
f 1089 1088 1110
f 1089 1110 1109
f 1090 1089 1109
f 1090 1109 1108
f 1091 1090 1108
f 1091 1108 1107
f 1092 1091 1107
f 1092 1107 1106
f 1093 1092 1106
f 1093 1106 1105
f 1094 1093 1105
f 1094 1105 1104
f 1095 1094 1104
f 1096 1104 1103
f 1096 1095 1104
f 1097 1103 1102
f 1097 1096 1103
f 1098 1102 1101
f 1098 1097 1102
f 1099 1101 1100
f 1099 1098 1101
f 1051 1099 1100
f 1143 1142 1191
f 1143 1191 1232
f 1144 1143 1232
f 1144 1232 1231
f 1145 1144 1231
f 1145 1231 1230
f 1146 1145 1230
f 1146 1230 1229
f 1147 1146 1229
f 1147 1229 1228
f 1148 1147 1228
f 1148 1228 1227
f 1149 1148 1227
f 1150 1149 1227
f 1150 1227 1226
f 1151 1150 1226
f 1151 1226 1225
f 1152 1151 1225
f 1152 1225 1224
f 1153 1152 1224
f 1153 1224 1223
f 1154 1153 1223
f 1154 1223 1222
f 1155 1154 1222
f 1155 1222 1221
f 1156 1155 1221
f 1156 1221 1220
f 1157 1156 1220
f 1158 1157 1220
f 1158 1220 1219
f 1159 1158 1219
f 1159 1219 1218
f 1160 1159 1218
f 1160 1218 1217
f 1161 1160 1217
f 1161 1217 1216
f 1162 1161 1216
f 1162 1216 1215
f 1163 1215 1214
f 1163 1162 1215
f 1164 1163 1214
f 1165 1164 1214
f 1165 1214 1213
f 1166 1213 1212
f 1166 1165 1213
f 1167 1212 1211
f 1167 1166 1212
f 1168 1211 1210
f 1168 1167 1211
f 1169 1210 1209
f 1169 1168 1210
f 1170 1169 1209
f 1170 1209 1208
f 1171 1170 1208
f 1172 1208 1207
f 1172 1171 1208
f 1173 1172 1207
f 1173 1207 1206
f 1174 1173 1206
f 1174 1206 1205
f 1175 1174 1205
f 1175 1205 1204
f 1176 1175 1204
f 1176 1204 1203
f 1177 1176 1203
f 1177 1203 1202
f 1178 1177 1202
f 1179 1178 1202
f 1179 1202 1201
f 1180 1179 1201
f 1180 1201 1200
f 1181 1180 1200
f 1181 1200 1199
f 1182 1181 1199
f 1182 1199 1198
f 1183 1182 1198
f 1183 1198 1197
f 1184 1183 1197
f 1184 1197 1196
f 1185 1184 1196
f 1185 1196 1195
f 1186 1185 1195
f 1187 1195 1194
f 1187 1186 1195
f 1188 1194 1193
f 1188 1187 1194
f 1189 1193 1192
f 1189 1188 1193
f 1190 1192 1191
f 1190 1189 1192
f 1142 1190 1191
f 1234 1233 1282
f 1234 1282 1323
f 1235 1234 1323
f 1235 1323 1322
f 1236 1235 1322
f 1236 1322 1321
f 1237 1236 1321
f 1237 1321 1320
f 1238 1237 1320
f 1238 1320 1319
f 1239 1238 1319
f 1239 1319 1318
f 1240 1239 1318
f 1241 1240 1318
f 1241 1318 1317
f 1242 1241 1317
f 1242 1317 1316
f 1243 1242 1316
f 1243 1316 1315
f 1244 1243 1315
f 1244 1315 1314
f 1245 1244 1314
f 1245 1314 1313
f 1246 1245 1313
f 1246 1313 1312
f 1247 1246 1312
f 1247 1312 1311
f 1248 1247 1311
f 1249 1248 1311
f 1249 1311 1310
f 1250 1249 1310
f 1250 1310 1309
f 1251 1250 1309
f 1251 1309 1308
f 1252 1251 1308
f 1252 1308 1307
f 1253 1252 1307
f 1253 1307 1306
f 1254 1306 1305
f 1254 1253 1306
f 1255 1254 1305
f 1256 1255 1305
f 1256 1305 1304
f 1257 1304 1303
f 1257 1256 1304
f 1258 1303 1302
f 1258 1257 1303
f 1259 1302 1301
f 1259 1258 1302
f 1260 1301 1300
f 1260 1259 1301
f 1261 1260 1300
f 1261 1300 1299
f 1262 1261 1299
f 1263 1299 1298
f 1263 1262 1299
f 1264 1263 1298
f 1264 1298 1297
f 1265 1264 1297
f 1265 1297 1296
f 1266 1265 1296
f 1266 1296 1295
f 1267 1266 1295
f 1267 1295 1294
f 1268 1267 1294
f 1268 1294 1293
f 1269 1268 1293
f 1270 1269 1293
f 1270 1293 1292
f 1271 1270 1292
f 1271 1292 1291
f 1272 1271 1291
f 1272 1291 1290
f 1273 1272 1290
f 1273 1290 1289
f 1274 1273 1289
f 1274 1289 1288
f 1275 1274 1288
f 1275 1288 1287
f 1276 1275 1287
f 1276 1287 1286
f 1277 1276 1286
f 1278 1286 1285
f 1278 1277 1286
f 1279 1285 1284
f 1279 1278 1285
f 1280 1284 1283
f 1280 1279 1284
f 1281 1283 1282
f 1281 1280 1283
f 1233 1281 1282
f 1325 1324 1373
f 1325 1373 1414
f 1326 1325 1414
f 1326 1414 1413
f 1327 1326 1413
f 1327 1413 1412
f 1328 1327 1412
f 1328 1412 1411
f 1329 1328 1411
f 1329 1411 1410
f 1330 1329 1410
f 1330 1410 1409
f 1331 1330 1409
f 1332 1331 1409
f 1332 1409 1408
f 1333 1332 1408
f 1333 1408 1407
f 1334 1333 1407
f 1334 1407 1406
f 1335 1334 1406
f 1335 1406 1405
f 1336 1335 1405
f 1336 1405 1404
f 1337 1336 1404
f 1337 1404 1403
f 1338 1337 1403
f 1338 1403 1402
f 1339 1338 1402
f 1340 1339 1402
f 1340 1402 1401
f 1341 1340 1401
f 1341 1401 1400
f 1342 1341 1400
f 1342 1400 1399
f 1343 1342 1399
f 1343 1399 1398
f 1344 1343 1398
f 1344 1398 1397
f 1345 1397 1396
f 1345 1344 1397
f 1346 1345 1396
f 1347 1346 1396
f 1347 1396 1395
f 1348 1395 1394
f 1348 1347 1395
f 1349 1394 1393
f 1349 1348 1394
f 1350 1393 1392
f 1350 1349 1393
f 1351 1392 1391
f 1351 1350 1392
f 1352 1351 1391
f 1352 1391 1390
f 1353 1352 1390
f 1354 1390 1389
f 1354 1353 1390
f 1355 1354 1389
f 1355 1389 1388
f 1356 1355 1388
f 1356 1388 1387
f 1357 1356 1387
f 1357 1387 1386
f 1358 1357 1386
f 1358 1386 1385
f 1359 1358 1385
f 1359 1385 1384
f 1360 1359 1384
f 1361 1360 1384
f 1361 1384 1383
f 1362 1361 1383
f 1362 1383 1382
f 1363 1362 1382
f 1363 1382 1381
f 1364 1363 1381
f 1364 1381 1380
f 1365 1364 1380
f 1365 1380 1379
f 1366 1365 1379
f 1366 1379 1378
f 1367 1366 1378
f 1367 1378 1377
f 1368 1367 1377
f 1369 1377 1376
f 1369 1368 1377
f 1370 1376 1375
f 1370 1369 1376
f 1371 1375 1374
f 1371 1370 1375
f 1372 1374 1373
f 1372 1371 1374
f 1324 1372 1373
f 1416 1415 1464
f 1416 1464 1505
f 1417 1416 1505
f 1417 1505 1504
f 1418 1417 1504
f 1418 1504 1503
f 1419 1418 1503
f 1419 1503 1502
f 1420 1419 1502
f 1420 1502 1501
f 1421 1420 1501
f 1421 1501 1500
f 1422 1421 1500
f 1423 1422 1500
f 1423 1500 1499
f 1424 1423 1499
f 1424 1499 1498
f 1425 1424 1498
f 1425 1498 1497
f 1426 1425 1497
f 1426 1497 1496
f 1427 1426 1496
f 1427 1496 1495
f 1428 1427 1495
f 1428 1495 1494
f 1429 1428 1494
f 1429 1494 1493
f 1430 1429 1493
f 1431 1430 1493
f 1431 1493 1492
f 1432 1431 1492
f 1432 1492 1491
f 1433 1432 1491
f 1433 1491 1490
f 1434 1433 1490
f 1434 1490 1489
f 1435 1434 1489
f 1435 1489 1488
f 1436 1488 1487
f 1436 1435 1488
f 1437 1436 1487
f 1438 1437 1487
f 1438 1487 1486
f 1439 1486 1485
f 1439 1438 1486
f 1440 1485 1484
f 1440 1439 1485
f 1441 1484 1483
f 1441 1440 1484
f 1442 1483 1482
f 1442 1441 1483
f 1443 1442 1482
f 1443 1482 1481
f 1444 1443 1481
f 1445 1481 1480
f 1445 1444 1481
f 1446 1445 1480
f 1446 1480 1479
f 1447 1446 1479
f 1447 1479 1478
f 1448 1447 1478
f 1448 1478 1477
f 1449 1448 1477
f 1449 1477 1476
f 1450 1449 1476
f 1450 1476 1475
f 1451 1450 1475
f 1452 1451 1475
f 1452 1475 1474
f 1453 1452 1474
f 1453 1474 1473
f 1454 1453 1473
f 1454 1473 1472
f 1455 1454 1472
f 1455 1472 1471
f 1456 1455 1471
f 1456 1471 1470
f 1457 1456 1470
f 1457 1470 1469
f 1458 1457 1469
f 1458 1469 1468
f 1459 1458 1468
f 1460 1468 1467
f 1460 1459 1468
f 1461 1467 1466
f 1461 1460 1467
f 1462 1466 1465
f 1462 1461 1466
f 1463 1465 1464
f 1463 1462 1465
f 1415 1463 1464
f 630 1506 589
f 630 1507 1506
f 629 1508 1507
f 629 1507 630
f 628 1509 1508
f 628 1508 629
f 627 1509 628
f 627 1510 1509
f 626 1510 627
f 626 1511 1510
f 625 1511 626
f 625 1512 1511
f 624 1512 625
f 624 1513 1512
f 623 1513 624
f 623 1514 1513
f 622 1514 623
f 622 1515 1514
f 621 1515 622
f 621 1516 1515
f 621 1517 1516
f 620 1517 621
f 620 1518 1517
f 619 1518 620
f 619 1519 1518
f 618 1519 619
f 618 1520 1519
f 617 1520 618
f 617 1521 1520
f 616 1521 617
f 616 1522 1521
f 615 1522 616
f 615 1523 1522
f 614 1523 615
f 614 1524 1523
f 613 1525 1524
f 613 1524 614
f 612 1526 1525
f 612 1525 613
f 611 1527 1526
f 611 1526 612
f 610 1528 1527
f 610 1527 611
f 609 1529 1528
f 609 1528 610
f 608 1530 1529
f 608 1529 609
f 607 1530 608
f 606 1531 1530
f 606 1532 1531
f 606 1530 607
f 605 1533 1532
f 605 1532 606
f 604 1534 1533
f 604 1533 605
f 603 1534 604
f 602 1534 603
f 602 1535 1534
f 602 1536 1535
f 601 1536 602
f 601 1537 1536
f 600 1537 601
f 599 1537 600
f 599 1538 1537
f 598 1538 599
f 598 1539 1538
f 597 1539 598
f 597 1540 1539
f 597 1541 1540
f 596 1541 597
f 596 1542 1541
f 595 1542 596
f 595 1543 1542
f 594 1543 595
f 594 1544 1543
f 593 1544 594
f 592 1544 593
f 592 1545 1544
f 592 1546 1545
f 591 1546 592
f 590 1546 591
f 590 1547 1546
f 589 1547 590
f 589 1506 1547
f 1550 1548 1549
f 1550 1591 1548
f 1551 1592 1591
f 1551 1591 1550
f 1552 1592 1551
f 1552 1593 1592
f 1553 1593 1552
f 1553 1594 1593
f 1554 1594 1553
f 1554 1595 1594
f 1555 1595 1554
f 1555 1596 1595
f 1556 1596 1555
f 1556 1597 1596
f 1557 1597 1556
f 1557 1598 1597
f 1558 1598 1557
f 1558 1599 1598
f 1559 1599 1558
f 1559 1600 1599
f 1560 1600 1559
f 1560 1601 1600
f 1561 1601 1560
f 1561 1602 1601
f 1562 1602 1561
f 1562 1603 1602
f 1563 1603 1562
f 1563 1604 1603
f 1564 1604 1563
f 1564 1605 1604
f 1565 1605 1564
f 1565 1606 1605
f 1566 1606 1565
f 1566 1607 1606
f 1567 1608 1607
f 1567 1607 1566
f 1568 1609 1608
f 1568 1608 1567
f 1569 1610 1609
f 1569 1609 1568
f 1570 1611 1610
f 1570 1610 1569
f 1571 1612 1611
f 1571 1611 1570
f 1572 1613 1612
f 1572 1612 1571
f 1573 1614 1613
f 1573 1613 1572
f 1574 1615 1614
f 1574 1614 1573
f 1575 1616 1615
f 1575 1615 1574
f 1576 1617 1616
f 1576 1616 1575
f 1577 1618 1617
f 1577 1617 1576
f 1578 1618 1577
f 1578 1619 1618
f 1579 1619 1578
f 1579 1620 1619
f 1580 1620 1579
f 1580 1621 1620
f 1581 1621 1580
f 1581 1622 1621
f 1582 1622 1581
f 1582 1623 1622
f 1582 1624 1623
f 1583 1624 1582
f 1584 1624 1583
f 1584 1625 1624
f 1585 1625 1584
f 1585 1626 1625
f 1586 1626 1585
f 1586 1627 1626
f 1587 1627 1586
f 1587 1628 1627
f 1588 1628 1587
f 1588 1629 1628
f 1588 1630 1629
f 1589 1630 1588
f 1589 1631 1630
f 1590 1631 1589
f 1549 1631 1590
f 1549 1548 1631
f 271 272 1567
f 273 1568 1567
f 273 1567 272
f 270 271 1567
f 274 1568 273
f 269 1567 1566
f 269 270 1567
f 275 1568 274
f 268 269 1566
f 276 1568 275
f 267 268 1566
f 277 1568 276
f 266 267 1566
f 278 1569 1568
f 278 1568 277
f 187 1562 1561
f 187 188 1562
f 189 1562 188
f 186 187 1561
f 190 1562 189
f 185 186 1561
f 265 1566 1565
f 265 266 1566
f 191 1563 1562
f 191 1562 190
f 279 1569 278
f 184 185 1561
f 192 1563 191
f 264 265 1565
f 183 184 1561
f 280 1569 279
f 193 1563 192
f 182 183 1561
f 182 1561 1560
f 263 1565 1564
f 263 264 1565
f 194 1563 193
f 281 1569 280
f 181 182 1560
f 262 263 1564
f 195 1564 1563
f 195 1563 194
f 282 1570 1569
f 282 1569 281
f 180 181 1560
f 196 1564 195
f 283 1570 282
f 179 180 1560
f 197 262 1564
f 197 1564 196
f 284 1570 283
f 178 1560 1559
f 178 179 1560
f 285 1570 284
f 177 178 1559
f 286 1570 285
f 176 177 1559
f 1571 1570 286
f 1571 286 287
f 175 176 1559
f 288 1571 287
f 174 175 1559
f 1558 172 173
f 1558 173 174
f 1558 174 1559
f 1522 260 261
f 1522 261 262
f 1521 1522 262
f 1521 262 197
f 1521 197 198
f 1521 198 199
f 1523 260 1522
f 1523 257 258
f 1523 258 259
f 1523 259 260
f 1520 199 200
f 1520 200 201
f 1520 1521 199
f 1524 255 256
f 1524 256 257
f 1524 257 1523
f 1557 171 172
f 1557 172 1558
f 1519 1520 201
f 1519 201 202
f 1519 202 203
f 1525 294 295
f 1525 295 254
f 1525 255 1524
f 1525 254 255
f 1518 203 204
f 1518 204 205
f 1518 205 206
f 1518 1519 203
f 1526 292 293
f 1526 293 294
f 1526 294 1525
f 1517 206 207
f 1517 207 208
f 1517 1518 206
f 1527 292 1526
f 1527 290 291
f 1527 291 292
f 1516 1517 208
f 1516 208 209
f 1516 209 210
f 1516 210 211
f 1528 288 289
f 1528 289 290
f 1528 290 1527
f 1515 170 171
f 1515 1516 211
f 1515 211 170
f 1514 1515 171
f 104 1573 1572
f 103 104 1572
f 105 1573 104
f 102 1572 1571
f 102 103 1572
f 106 1573 105
f 101 1528 1529
f 101 288 1528
f 101 102 1571
f 101 1571 288
f 107 1573 106
f 100 101 1529
f 108 1574 1573
f 108 1573 107
f 99 1529 1530
f 99 100 1529
f 109 1574 108
f 98 99 1530
f 110 1574 109
f 97 98 1530
f 111 1574 110
f 96 97 1530
f 1531 96 1530
f 112 1574 111
f 95 96 1531
f 20 1557 1556
f 19 20 1556
f 21 1557 20
f 18 19 1556
f 22 1557 21
f 22 1514 171
f 22 171 1557
f 17 18 1556
f 23 1514 22
f 94 95 1531
f 16 1556 1555
f 16 17 1556
f 24 1514 23
f 24 1513 1514
f 15 16 1555
f 1575 112 113
f 1575 113 114
f 1575 1574 112
f 25 1513 24
f 115 1575 114
f 14 15 1555
f 26 1513 25
f 26 1512 1513
f 116 1575 115
f 1532 94 1531
f 1532 92 93
f 1532 93 94
f 13 14 1555
f 27 1512 26
f 91 92 1532
f 117 1575 116
f 12 13 1555
f 28 1512 27
f 1511 1512 28
f 29 1511 28
f 30 1511 29
f 1554 10 11
f 1554 11 12
f 1554 12 1555
f 9 10 1554
f 1533 91 1532
f 1533 89 90
f 1533 90 91
f 31 1511 30
f 8 9 1554
f 7 8 1554
f 1510 31 32
f 1510 1511 31
f 33 1510 32
f 1534 89 1533
f 1534 87 88
f 1534 88 89
f 1576 1575 117
f 1576 117 118
f 1576 118 119
f 1576 119 120
f 1576 120 121
f 1509 1510 33
f 1509 33 34
f 1509 34 35
f 1509 35 36
f 1535 127 86
f 1535 87 1534
f 1535 86 87
f 1553 7 1554
f 1553 3 4
f 1553 4 5
f 1553 5 6
f 1553 6 7
f 1508 1509 36
f 1508 36 37
f 1508 37 38
f 1507 1508 38
f 1577 121 122
f 1577 122 123
f 1577 123 124
f 1577 124 125
f 1577 1576 121
f 1552 2 3
f 1552 3 1553
f 1552 41 42
f 1552 42 43
f 1552 43 2
f 1578 125 126
f 1578 126 127
f 1578 1577 125
f 1551 41 1552
f 1551 39 40
f 1551 40 41
f 355 1537 1538
f 355 356 1537
f 357 1537 356
f 354 355 1538
f 358 1537 357
f 358 1536 1537
f 353 354 1538
f 353 1538 1539
f 359 1536 358
f 352 353 1539
f 360 1578 127
f 360 1535 1536
f 360 127 1535
f 360 1536 359
f 351 352 1539
f 361 1578 360
f 361 1579 1578
f 350 351 1539
f 350 1539 1540
f 362 1579 361
f 439 1547 1506
f 439 440 1547
f 441 1546 1547
f 441 1547 440
f 438 439 1506
f 442 1546 441
f 437 438 1506
f 437 1506 1507
f 349 350 1540
f 443 1546 442
f 363 1579 362
f 436 437 1507
f 444 1545 1546
f 444 1546 443
f 348 1540 1541
f 348 349 1540
f 435 1507 38
f 435 436 1507
f 445 1545 444
f 1550 39 1551
f 1550 435 38
f 1550 38 39
f 434 435 1550
f 347 348 1541
f 446 1544 1545
f 446 1545 445
f 433 434 1550
f 346 347 1541
f 346 1541 1542
f 447 1544 446
f 448 1544 447
f 345 346 1542
f 449 1543 1544
f 449 1544 448
f 344 345 1542
f 1580 363 364
f 1580 364 365
f 1580 365 366
f 1580 366 367
f 1580 1579 363
f 450 1543 449
f 451 1542 1543
f 451 344 1542
f 451 1543 450
f 1549 429 430
f 1549 430 431
f 1549 431 432
f 1549 432 433
f 1549 433 1550
f 1581 1580 367
f 1581 367 368
f 1581 368 369
f 1581 369 370
f 1581 370 371
f 1590 429 1549
f 1590 425 426
f 1590 426 427
f 1590 427 428
f 1590 428 429
f 1582 1581 371
f 1582 371 372
f 1582 372 373
f 1582 373 374
f 1582 374 375
f 1582 375 376
f 1589 425 1590
f 1589 422 423
f 1589 423 424
f 1589 424 425
f 1589 462 463
f 1589 463 422
f 1583 1582 376
f 1583 376 377
f 1583 377 378
f 1583 378 379
f 1583 379 338
f 1588 458 459
f 1588 459 460
f 1588 460 461
f 1588 462 1589
f 1588 461 462
f 1584 338 339
f 1584 339 340
f 1584 340 341
f 1584 341 342
f 1584 1583 338
f 1587 458 1588
f 1587 454 455
f 1587 455 456
f 1587 456 457
f 1587 457 458
f 1585 1584 342
f 1585 344 451
f 1585 342 343
f 1585 343 344
f 1585 451 452
f 1586 454 1587
f 1586 452 453
f 1586 453 454
f 1586 1585 452
f 1115 1116 1635
f 1117 1635 1116
f 1114 1115 1635
f 1118 1635 1117
f 1113 1114 1635
f 1119 1635 1118
f 1112 1113 1635
f 1120 1635 1119
f 1111 1112 1635
f 1121 1635 1120
f 1110 1635 1634
f 1110 1111 1635
f 1109 1110 1634
f 1108 1109 1634
f 1107 1108 1634
f 1106 1107 1634
f 1105 1106 1634
f 1104 1105 1634
f 1103 1104 1634
f 1102 1103 1634
f 1101 1102 1634
f 1632 1121 1122
f 1632 1122 1123
f 1632 1123 1124
f 1632 1124 1125
f 1632 1125 1126
f 1632 1126 1127
f 1632 1127 1128
f 1632 1128 1129
f 1632 1129 1130
f 1632 1130 1131
f 1632 1131 1132
f 1632 1635 1121
f 1633 1132 1133
f 1633 1133 1134
f 1633 1134 1135
f 1633 1135 1136
f 1633 1136 1137
f 1633 1137 1138
f 1633 1138 1139
f 1633 1139 1140
f 1633 1632 1132
f 1633 1100 1634
f 1100 1101 1634
f 1633 1141 1100
f 1633 1140 1141
f 1638 1640 1639
f 1638 1641 1640
f 1637 1642 1641
f 1637 1641 1638
f 1636 1643 1642
f 1636 1642 1637
f 1634 1635 1643
f 1634 1643 1636
f 1070 1645 1069
f 1068 1069 1645
f 1071 1645 1070
f 1067 1068 1645
f 1072 1645 1071
f 1066 1067 1645
f 1073 1645 1072
f 1065 1066 1645
f 1074 1645 1073
f 1064 1065 1645
f 1075 1645 1074
f 1063 1645 1644
f 1063 1064 1645
f 1062 1063 1644
f 1061 1062 1644
f 1060 1061 1644
f 1059 1060 1644
f 1058 1059 1644
f 1057 1058 1644
f 1056 1057 1644
f 1055 1056 1644
f 1054 1055 1644
f 1053 1054 1644
f 1640 1075 1076
f 1640 1076 1077
f 1640 1077 1078
f 1640 1078 1079
f 1640 1079 1080
f 1640 1080 1081
f 1640 1081 1082
f 1640 1082 1083
f 1640 1083 1084
f 1640 1084 1085
f 1640 1085 1086
f 1640 1086 1087
f 1640 1087 1088
f 1640 1645 1075
f 1639 1640 1088
f 1639 1088 1089
f 1639 1089 1090
f 1639 1090 1091
f 1639 1091 1092
f 1639 1092 1093
f 1639 1093 1094
f 1639 1094 1095
f 1639 1095 1096
f 1639 1096 1097
f 1639 1097 1098
f 1639 1098 1099
f 1639 1051 1644
f 1051 1052 1644
f 1052 1053 1644
f 1639 1099 1051
f 1206 1207 1649
f 1208 1649 1207
f 1205 1206 1649
f 1209 1649 1208
f 1204 1205 1649
f 1210 1649 1209
f 1203 1204 1649
f 1211 1649 1210
f 1202 1203 1649
f 1212 1649 1211
f 1201 1649 1648
f 1201 1202 1649
f 1200 1201 1648
f 1199 1200 1648
f 1198 1199 1648
f 1197 1198 1648
f 1196 1197 1648
f 1195 1196 1648
f 1194 1195 1648
f 1193 1194 1648
f 1192 1193 1648
f 1646 1212 1213
f 1646 1213 1214
f 1646 1214 1215
f 1646 1215 1216
f 1646 1216 1217
f 1646 1217 1218
f 1646 1218 1219
f 1646 1219 1220
f 1646 1220 1221
f 1646 1221 1222
f 1646 1222 1223
f 1646 1649 1212
f 1647 1223 1224
f 1647 1224 1225
f 1647 1225 1226
f 1647 1226 1227
f 1647 1227 1228
f 1647 1228 1229
f 1647 1229 1230
f 1647 1230 1231
f 1647 1646 1223
f 1647 1191 1648
f 1191 1192 1648
f 1647 1232 1191
f 1647 1231 1232
f 1652 1654 1653
f 1652 1655 1654
f 1652 1656 1655
f 1651 1657 1656
f 1651 1656 1652
f 1650 1649 1657
f 1650 1657 1651
f 1648 1649 1650
f 1161 1659 1160
f 1159 1160 1659
f 1162 1659 1161
f 1158 1159 1659
f 1163 1659 1162
f 1157 1158 1659
f 1164 1659 1163
f 1156 1157 1659
f 1165 1659 1164
f 1155 1156 1659
f 1166 1659 1165
f 1154 1659 1658
f 1154 1155 1659
f 1153 1154 1658
f 1152 1153 1658
f 1151 1152 1658
f 1150 1151 1658
f 1149 1150 1658
f 1148 1149 1658
f 1147 1148 1658
f 1146 1147 1658
f 1145 1146 1658
f 1144 1145 1658
f 1654 1166 1167
f 1654 1167 1168
f 1654 1168 1169
f 1654 1169 1170
f 1654 1170 1171
f 1654 1171 1172
f 1654 1172 1173
f 1654 1173 1174
f 1654 1174 1175
f 1654 1175 1176
f 1654 1176 1177
f 1654 1177 1178
f 1654 1178 1179
f 1654 1659 1166
f 1653 1654 1179
f 1653 1179 1180
f 1653 1180 1181
f 1653 1181 1182
f 1653 1182 1183
f 1653 1183 1184
f 1653 1184 1185
f 1653 1185 1186
f 1653 1186 1187
f 1653 1187 1188
f 1653 1188 1189
f 1653 1189 1190
f 1653 1142 1658
f 1142 1143 1658
f 1143 1144 1658
f 1653 1190 1142
f 1297 1298 1663
f 1299 1663 1298
f 1296 1297 1663
f 1300 1663 1299
f 1295 1296 1663
f 1301 1663 1300
f 1294 1295 1663
f 1302 1663 1301
f 1293 1294 1663
f 1303 1663 1302
f 1292 1663 1662
f 1292 1293 1663
f 1291 1292 1662
f 1290 1291 1662
f 1289 1290 1662
f 1288 1289 1662
f 1287 1288 1662
f 1286 1287 1662
f 1285 1286 1662
f 1284 1285 1662
f 1283 1284 1662
f 1660 1303 1304
f 1660 1304 1305
f 1660 1305 1306
f 1660 1306 1307
f 1660 1307 1308
f 1660 1308 1309
f 1660 1309 1310
f 1660 1310 1311
f 1660 1311 1312
f 1660 1312 1313
f 1660 1663 1303
f 1661 1313 1314
f 1661 1314 1315
f 1661 1315 1316
f 1661 1316 1317
f 1661 1317 1318
f 1661 1318 1319
f 1661 1319 1320
f 1661 1320 1321
f 1661 1321 1322
f 1661 1660 1313
f 1661 1282 1662
f 1282 1283 1662
f 1661 1323 1282
f 1661 1322 1323
f 1666 1668 1667
f 1666 1669 1668
f 1665 1670 1669
f 1665 1671 1670
f 1665 1669 1666
f 1664 1663 1671
f 1664 1671 1665
f 1662 1663 1664
f 1252 1673 1251
f 1250 1251 1673
f 1253 1673 1252
f 1249 1250 1673
f 1254 1673 1253
f 1248 1249 1673
f 1255 1673 1254
f 1247 1248 1673
f 1256 1673 1255
f 1246 1247 1673
f 1257 1673 1256
f 1245 1673 1672
f 1245 1246 1673
f 1244 1245 1672
f 1243 1244 1672
f 1242 1243 1672
f 1241 1242 1672
f 1240 1241 1672
f 1239 1240 1672
f 1238 1239 1672
f 1237 1238 1672
f 1236 1237 1672
f 1235 1236 1672
f 1668 1257 1258
f 1668 1258 1259
f 1668 1259 1260
f 1668 1260 1261
f 1668 1261 1262
f 1668 1262 1263
f 1668 1263 1264
f 1668 1264 1265
f 1668 1265 1266
f 1668 1266 1267
f 1668 1267 1268
f 1668 1268 1269
f 1668 1269 1270
f 1668 1673 1257
f 1667 1668 1270
f 1667 1270 1271
f 1667 1271 1272
f 1667 1272 1273
f 1667 1273 1274
f 1667 1274 1275
f 1667 1275 1276
f 1667 1276 1277
f 1667 1277 1278
f 1667 1278 1279
f 1667 1279 1280
f 1667 1280 1281
f 1667 1233 1672
f 1233 1234 1672
f 1234 1235 1672
f 1667 1281 1233
f 1388 1389 1677
f 1390 1677 1389
f 1387 1388 1677
f 1391 1677 1390
f 1386 1387 1677
f 1392 1677 1391
f 1385 1386 1677
f 1393 1677 1392
f 1384 1385 1677
f 1394 1677 1393
f 1383 1677 1676
f 1383 1384 1677
f 1382 1383 1676
f 1381 1382 1676
f 1380 1381 1676
f 1379 1380 1676
f 1378 1379 1676
f 1377 1378 1676
f 1376 1377 1676
f 1375 1376 1676
f 1374 1375 1676
f 1674 1394 1395
f 1674 1395 1396
f 1674 1396 1397
f 1674 1397 1398
f 1674 1398 1399
f 1674 1399 1400
f 1674 1400 1401
f 1674 1401 1402
f 1674 1402 1403
f 1674 1403 1404
f 1674 1404 1405
f 1674 1677 1394
f 1675 1405 1406
f 1675 1406 1407
f 1675 1407 1408
f 1675 1408 1409
f 1675 1409 1410
f 1675 1410 1411
f 1675 1411 1412
f 1675 1412 1413
f 1675 1674 1405
f 1675 1373 1676
f 1373 1374 1676
f 1675 1414 1373
f 1675 1413 1414
f 1680 1682 1681
f 1680 1683 1682
f 1679 1684 1683
f 1679 1683 1680
f 1678 1685 1684
f 1678 1684 1679
f 1676 1677 1685
f 1676 1685 1678
f 1343 1687 1342
f 1341 1342 1687
f 1344 1687 1343
f 1340 1341 1687
f 1345 1687 1344
f 1339 1340 1687
f 1346 1687 1345
f 1338 1339 1687
f 1347 1687 1346
f 1337 1338 1687
f 1348 1687 1347
f 1336 1687 1686
f 1336 1337 1687
f 1335 1336 1686
f 1334 1335 1686
f 1333 1334 1686
f 1332 1333 1686
f 1331 1332 1686
f 1330 1331 1686
f 1329 1330 1686
f 1328 1329 1686
f 1327 1328 1686
f 1326 1327 1686
f 1682 1348 1349
f 1682 1349 1350
f 1682 1350 1351
f 1682 1351 1352
f 1682 1352 1353
f 1682 1353 1354
f 1682 1354 1355
f 1682 1355 1356
f 1682 1356 1357
f 1682 1357 1358
f 1682 1358 1359
f 1682 1359 1360
f 1682 1360 1361
f 1682 1687 1348
f 1681 1682 1361
f 1681 1361 1362
f 1681 1362 1363
f 1681 1363 1364
f 1681 1364 1365
f 1681 1365 1366
f 1681 1366 1367
f 1681 1367 1368
f 1681 1368 1369
f 1681 1369 1370
f 1681 1370 1371
f 1681 1371 1372
f 1681 1324 1686
f 1324 1325 1686
f 1325 1326 1686
f 1681 1372 1324
f 874 1707 1708
f 873 874 1708
f 875 1707 874
f 872 873 1708
f 876 1707 875
f 871 872 1708
f 877 1707 876
f 870 871 1708
f 870 1708 1709
f 878 1707 877
f 869 870 1709
f 879 1706 1707
f 879 1707 878
f 868 869 1709
f 880 1706 879
f 867 1709 1673
f 867 868 1709
f 881 1706 880
f 866 867 1673
f 882 1706 881
f 865 866 1673
f 799 1706 882
f 842 1705 1706
f 842 1706 799
f 843 1705 842
f 844 1705 843
f 845 1674 1705
f 845 1705 844
f 846 1674 845
f 797 798 1711
f 715 1711 798
f 796 797 1711
f 758 1710 1711
f 758 1711 715
f 795 796 1711
f 795 1711 1712
f 759 1710 758
f 1668 865 1673
f 1668 855 856
f 1668 856 857
f 1668 857 858
f 1668 858 859
f 1668 859 860
f 1668 860 861
f 1668 861 862
f 1668 862 863
f 1668 863 864
f 1668 864 865
f 794 795 1712
f 760 1710 759
f 793 794 1712
f 761 1710 760
f 761 1660 1710
f 792 793 1712
f 762 1660 761
f 791 792 1712
f 790 1712 1713
f 790 791 1712
f 789 790 1713
f 788 789 1713
f 787 788 1713
f 786 787 1713
f 1714 785 786
f 1714 786 1713
f 784 785 1714
f 1677 855 1668
f 1677 846 847
f 1677 847 848
f 1677 848 849
f 1677 849 850
f 1677 850 851
f 1677 851 852
f 1677 852 853
f 1677 853 854
f 1677 854 855
f 1677 1674 846
f 783 784 1714
f 1663 762 763
f 1663 763 764
f 1663 764 765
f 1663 765 766
f 1663 766 767
f 1663 767 768
f 1663 768 769
f 1663 769 770
f 1663 770 771
f 1663 1660 762
f 1606 1669 1670
f 1605 1606 1670
f 1607 1669 1606
f 1659 781 782
f 1659 782 783
f 1659 783 1714
f 1604 1605 1670
f 1604 1670 1671
f 1608 1669 1607
f 1608 1668 1669
f 1603 1604 1671
f 1609 1668 1608
f 1609 1677 1668
f 1602 1603 1671
f 1602 1671 1663
f 1654 771 772
f 1654 772 773
f 1654 773 774
f 1654 774 775
f 1654 775 776
f 1654 776 777
f 1654 777 778
f 1654 778 779
f 1654 779 780
f 1654 780 781
f 1654 781 1659
f 1654 1663 771
f 1610 1685 1677
f 1610 1677 1609
f 1601 1663 1654
f 1601 1602 1663
f 1611 1685 1610
f 1600 1601 1654
f 1612 1685 1611
f 1599 1600 1654
f 1684 1685 1612
f 1655 1599 1654
f 1613 1684 1612
f 1598 1599 1655
f 1614 1684 1613
f 1597 1598 1655
f 1683 1684 1614
f 1615 1683 1614
f 1656 1597 1655
f 1596 1597 1656
f 1616 1683 1615
f 1595 1596 1656
f 1682 1683 1616
f 1617 1682 1616
f 1657 1595 1656
f 949 1687 1682
f 950 1687 949
f 948 949 1682
f 951 1704 1687
f 951 1687 950
f 947 948 1682
f 952 1704 951
f 946 947 1682
f 953 1704 952
f 945 946 1682
f 954 1704 953
f 954 1703 1704
f 944 945 1682
f 955 1703 954
f 1594 1595 1657
f 943 944 1682
f 956 1703 955
f 942 943 1682
f 957 1703 956
f 941 942 1682
f 958 1703 957
f 940 941 1682
f 939 940 1682
f 1593 1594 1657
f 1702 958 959
f 1702 959 960
f 1702 960 961
f 1702 961 962
f 1702 1703 958
f 1702 962 963
f 1698 939 1682
f 1698 1682 1617
f 1698 930 931
f 1698 931 932
f 1698 932 933
f 1698 933 934
f 1698 934 935
f 1698 1617 1618
f 1698 935 936
f 1698 936 937
f 1698 937 938
f 1698 938 939
f 1619 1698 1618
f 1649 1593 1657
f 1592 1593 1649
f 1701 963 964
f 1701 964 965
f 1701 965 966
f 1701 1702 963
f 1701 966 883
f 1701 883 926
f 1697 1698 1619
f 1697 1619 1620
f 1621 1697 1620
f 681 1649 680
f 679 680 1649
f 682 1649 681
f 678 1649 1646
f 678 679 1649
f 683 1649 682
f 677 678 1646
f 677 1646 1715
f 684 1649 683
f 676 677 1715
f 685 1649 684
f 675 676 1715
f 686 1649 685
f 674 675 1715
f 687 1649 686
f 1700 1701 926
f 1700 926 927
f 1700 927 928
f 1700 928 929
f 1716 713 714
f 1716 714 631
f 1716 674 1715
f 1716 631 674
f 1640 1649 687
f 1640 1591 1592
f 1640 687 688
f 1640 688 689
f 1640 689 690
f 1640 1592 1649
f 712 713 1716
f 691 1640 690
f 711 712 1716
f 692 1640 691
f 1696 1697 1621
f 1696 1621 1622
f 693 1640 692
f 694 1640 693
f 695 1640 694
f 696 1640 695
f 697 1640 696
f 1641 1631 1548
f 1641 1548 1591
f 1641 1591 1640
f 1699 930 1698
f 1699 1700 929
f 1699 929 930
f 1717 711 1716
f 1717 706 707
f 1717 707 708
f 1717 708 709
f 1717 709 710
f 1717 710 711
f 1642 1629 1630
f 1642 1630 1631
f 1642 1631 1641
f 1695 1622 1623
f 1695 1623 1624
f 1695 1696 1622
f 1718 706 1717
f 1718 702 703
f 1718 703 704
f 1718 704 705
f 1718 705 706
f 1643 1627 1628
f 1643 1628 1629
f 1643 1629 1642
f 1694 1624 1625
f 1694 1625 1626
f 1694 1695 1624
f 1719 702 1718
f 1719 699 700
f 1719 700 701
f 1719 701 702
f 1635 1626 1627
f 1635 1694 1626
f 1635 1627 1643
f 1645 699 1719
f 1645 1640 697
f 1645 697 698
f 1645 698 699
f 1024 1025 1694
f 1026 1694 1025
f 1023 1694 1635
f 1023 1024 1694
f 1027 1694 1026
f 1022 1023 1635
f 1028 1694 1027
f 1021 1022 1635
f 1029 1694 1028
f 1020 1021 1635
f 1030 1694 1029
f 1019 1020 1635
f 1031 1694 1030
f 1018 1019 1635
f 1032 1694 1031
f 1017 1018 1635
f 1033 1694 1032
f 1016 1017 1635
f 1015 1016 1635
f 1014 1015 1635
f 1693 1694 1033
f 1693 1033 1034
f 1693 1034 1035
f 1692 1035 1036
f 1692 1036 1037
f 1692 1037 1038
f 1692 1693 1035
f 1691 1038 1039
f 1691 1039 1040
f 1691 1040 1041
f 1691 1041 1042
f 1691 1692 1038
f 1690 1691 1042
f 1690 1042 1043
f 1690 1043 1044
f 1690 1044 1045
f 1690 1045 1046
f 1690 1046 1047
f 1632 1013 1014
f 1632 1014 1635
f 1689 967 1010
f 1689 1047 1048
f 1689 1048 1049
f 1689 1049 1050
f 1689 1050 967
f 1689 1690 1047
f 1688 1013 1632
f 1688 1010 1011
f 1688 1011 1012
f 1688 1012 1013
f 1688 1689 1010
f 1700 1699 1720
f 1700 1720 1725
f 1701 1725 1724
f 1701 1700 1725
f 1702 1724 1723
f 1702 1701 1724
f 1703 1723 1722
f 1703 1702 1723
f 1704 1722 1721
f 1704 1703 1722
f 1687 1721 1686
f 1687 1704 1721
f 1705 1674 1675
f 1705 1675 1730
f 1706 1729 1728
f 1706 1730 1729
f 1706 1705 1730
f 1707 1706 1728
f 1708 1728 1727
f 1708 1707 1728
f 1709 1727 1726
f 1709 1708 1727
f 1673 1726 1672
f 1673 1709 1726
f 1710 1660 1661
f 1710 1661 1735
f 1711 1735 1734
f 1711 1710 1735
f 1712 1734 1733
f 1712 1711 1734
f 1713 1733 1732
f 1713 1712 1733
f 1714 1732 1731
f 1714 1713 1732
f 1659 1731 1658
f 1659 1714 1731
f 1688 1632 1633
f 1688 1633 1741
f 1689 1741 1740
f 1689 1688 1741
f 1690 1740 1739
f 1690 1689 1740
f 1691 1738 1737
f 1691 1739 1738
f 1691 1690 1739
f 1692 1691 1737
f 1693 1737 1736
f 1693 1692 1737
f 809 1727 1728
f 810 1727 809
f 808 809 1728
f 811 1727 810
f 807 808 1728
f 812 1727 811
f 806 807 1728
f 813 1726 1727
f 813 1727 812
f 805 806 1728
f 814 1726 813
f 804 1728 1729
f 804 805 1728
f 815 1726 814
f 803 804 1729
f 816 1672 1726
f 816 1726 815
f 802 803 1729
f 817 1672 816
f 801 802 1729
f 818 1672 817
f 800 801 1729
f 841 1729 1730
f 841 800 1729
f 840 841 1730
f 839 840 1730
f 838 1730 1675
f 838 839 1730
f 837 838 1675
f 718 1734 717
f 716 717 1734
f 719 1734 718
f 757 716 1734
f 757 1734 1735
f 720 1734 719
f 720 1733 1734
f 756 757 1735
f 1667 818 819
f 1667 819 820
f 1667 820 821
f 1667 821 822
f 1667 822 823
f 1667 823 824
f 1667 824 825
f 1667 825 826
f 1667 826 827
f 1667 827 828
f 1667 1672 818
f 721 1733 720
f 755 756 1735
f 722 1733 721
f 754 755 1735
f 754 1735 1661
f 723 1733 722
f 753 754 1661
f 724 1733 723
f 725 1732 1733
f 725 1733 724
f 726 1732 725
f 727 1732 726
f 728 1732 727
f 729 1732 728
f 1731 729 730
f 1731 1732 729
f 731 1731 730
f 1676 828 829
f 1676 829 830
f 1676 1667 828
f 1676 830 831
f 1676 831 832
f 1676 832 833
f 1676 833 834
f 1676 834 835
f 1676 835 836
f 1676 836 837
f 1676 837 1675
f 732 1731 731
f 1662 753 1661
f 1662 744 745
f 1662 745 746
f 1662 746 747
f 1662 747 748
f 1662 748 749
f 1662 749 750
f 1662 750 751
f 1662 751 752
f 1662 752 753
f 552 1665 1666
f 553 1665 552
f 551 552 1666
f 1658 732 733
f 1658 733 734
f 1658 1731 732
f 554 1665 553
f 554 1664 1665
f 550 551 1666
f 550 1666 1667
f 555 1664 554
f 549 550 1667
f 549 1667 1676
f 556 1662 1664
f 556 1664 555
f 1653 734 735
f 1653 735 736
f 1653 736 737
f 1653 737 738
f 1653 738 739
f 1653 739 740
f 1653 740 741
f 1653 741 742
f 1653 742 743
f 1653 743 744
f 1653 744 1662
f 1653 1658 734
f 548 549 1676
f 548 1676 1678
f 557 1662 556
f 547 548 1678
f 558 1653 1662
f 558 1662 557
f 588 547 1678
f 559 1653 558
f 1679 588 1678
f 1652 1653 559
f 587 588 1679
f 560 1652 559
f 586 587 1679
f 561 1652 560
f 1680 586 1679
f 585 586 1680
f 1651 1652 561
f 562 1651 561
f 584 585 1680
f 563 1651 562
f 1681 584 1680
f 583 584 1681
f 1650 1651 563
f 902 1681 1686
f 901 902 1686
f 903 1681 902
f 900 1686 1721
f 900 901 1686
f 904 1681 903
f 899 900 1721
f 905 1681 904
f 898 899 1721
f 906 1681 905
f 897 1721 1722
f 897 898 1721
f 907 1681 906
f 896 897 1722
f 564 1650 563
f 908 1681 907
f 895 896 1722
f 909 1681 908
f 894 895 1722
f 910 1681 909
f 893 894 1722
f 911 1681 910
f 912 1681 911
f 565 1650 564
f 1723 893 1722
f 1723 888 889
f 1723 889 890
f 1723 890 891
f 1723 891 892
f 1723 892 893
f 1743 1681 912
f 1743 912 913
f 1743 913 914
f 1743 914 915
f 1743 915 916
f 1743 916 917
f 1743 917 918
f 1743 918 919
f 1743 919 920
f 1743 920 921
f 1743 583 1681
f 1743 582 583
f 581 582 1743
f 1648 1650 565
f 566 1648 565
f 1724 884 885
f 1724 885 886
f 1724 886 887
f 1724 887 888
f 1724 888 1723
f 1724 925 884
f 1744 581 1743
f 1744 580 581
f 579 580 1744
f 666 667 1648
f 668 1648 667
f 665 666 1648
f 669 1647 1648
f 669 1648 668
f 664 665 1648
f 670 1647 669
f 670 1751 1647
f 663 664 1648
f 671 1751 670
f 662 663 1648
f 672 1751 671
f 661 662 1648
f 673 1751 672
f 660 661 1648
f 1725 922 923
f 1725 923 924
f 1725 924 925
f 1725 925 1724
f 1750 632 633
f 1750 633 634
f 1750 1751 673
f 1750 673 632
f 1639 657 658
f 1639 660 1648
f 1639 658 659
f 1639 659 660
f 1639 1648 566
f 1639 566 567
f 635 1750 634
f 656 657 1639
f 636 1750 635
f 655 656 1639
f 1745 579 1744
f 1745 578 579
f 654 655 1639
f 653 654 1639
f 652 653 1639
f 651 652 1639
f 650 651 1639
f 1638 1639 567
f 1638 567 568
f 1638 568 569
f 1720 1743 921
f 1720 922 1725
f 1720 921 922
f 1749 636 637
f 1749 637 638
f 1749 638 639
f 1749 639 640
f 1749 640 641
f 1749 1750 636
f 1637 569 570
f 1637 570 571
f 1637 1638 569
f 1746 578 1745
f 1746 576 577
f 1746 577 578
f 1748 641 642
f 1748 642 643
f 1748 643 644
f 1748 644 645
f 1748 1749 641
f 1636 1637 571
f 1636 571 572
f 1636 572 573
f 1742 576 1746
f 1742 574 575
f 1742 575 576
f 1747 1748 645
f 1747 645 646
f 1747 646 647
f 1747 647 648
f 1634 1636 573
f 1634 574 1742
f 1634 573 574
f 1644 648 649
f 1644 649 650
f 1644 1747 648
f 1644 650 1639
f 995 1742 994
f 993 994 1742
f 996 1634 1742
f 996 1742 995
f 992 993 1742
f 997 1634 996
f 991 992 1742
f 998 1634 997
f 990 991 1742
f 999 1634 998
f 989 990 1742
f 1000 1634 999
f 988 989 1742
f 1001 1634 1000
f 987 988 1742
f 1002 1634 1001
f 986 987 1742
f 1003 1634 1002
f 1004 1634 1003
f 1005 1634 1004
f 1736 986 1742
f 1736 984 985
f 1736 985 986
f 1737 984 1736
f 1737 981 982
f 1737 982 983
f 1737 983 984
f 1738 981 1737
f 1738 977 978
f 1738 978 979
f 1738 979 980
f 1738 980 981
f 1739 972 973
f 1739 973 974
f 1739 974 975
f 1739 975 976
f 1739 976 977
f 1739 977 1738
f 1633 1005 1006
f 1633 1634 1005
f 1740 1009 968
f 1740 972 1739
f 1740 968 969
f 1740 969 970
f 1740 970 971
f 1740 971 972
f 1741 1006 1007
f 1741 1007 1008
f 1741 1008 1009
f 1741 1633 1006
f 1741 1009 1740
f 1479 1480 1698
f 1481 1698 1480
f 1478 1479 1698
f 1482 1698 1481
f 1477 1478 1698
f 1483 1698 1482
f 1476 1477 1698
f 1484 1698 1483
f 1475 1476 1698
f 1485 1698 1484
f 1474 1698 1743
f 1474 1475 1698
f 1473 1474 1743
f 1472 1473 1743
f 1471 1472 1743
f 1470 1471 1743
f 1469 1470 1743
f 1468 1469 1743
f 1467 1468 1743
f 1466 1467 1743
f 1465 1466 1743
f 1699 1485 1486
f 1699 1486 1487
f 1699 1487 1488
f 1699 1488 1489
f 1699 1489 1490
f 1699 1490 1491
f 1699 1491 1492
f 1699 1492 1493
f 1699 1493 1494
f 1699 1494 1495
f 1699 1495 1496
f 1699 1698 1485
f 1720 1496 1497
f 1720 1497 1498
f 1720 1498 1499
f 1720 1499 1500
f 1720 1500 1501
f 1720 1501 1502
f 1720 1502 1503
f 1720 1503 1504
f 1720 1699 1496
f 1720 1464 1743
f 1464 1465 1743
f 1720 1505 1464
f 1720 1504 1505
f 1746 1694 1742
f 1746 1695 1694
f 1745 1696 1695
f 1745 1697 1696
f 1745 1695 1746
f 1744 1698 1697
f 1744 1697 1745
f 1743 1698 1744
f 1434 1693 1433
f 1432 1433 1693
f 1435 1693 1434
f 1431 1432 1693
f 1436 1693 1435
f 1430 1431 1693
f 1437 1693 1436
f 1429 1430 1693
f 1438 1693 1437
f 1428 1429 1693
f 1439 1693 1438
f 1427 1693 1736
f 1427 1428 1693
f 1426 1427 1736
f 1425 1426 1736
f 1424 1425 1736
f 1423 1424 1736
f 1422 1423 1736
f 1421 1422 1736
f 1420 1421 1736
f 1419 1420 1736
f 1418 1419 1736
f 1417 1418 1736
f 1694 1439 1440
f 1694 1440 1441
f 1694 1441 1442
f 1694 1442 1443
f 1694 1443 1444
f 1694 1444 1445
f 1694 1445 1446
f 1694 1446 1447
f 1694 1447 1448
f 1694 1448 1449
f 1694 1449 1450
f 1694 1450 1451
f 1694 1451 1452
f 1694 1693 1439
f 1742 1694 1452
f 1742 1452 1453
f 1742 1453 1454
f 1742 1454 1455
f 1742 1455 1456
f 1742 1456 1457
f 1742 1457 1458
f 1742 1458 1459
f 1742 1459 1460
f 1742 1460 1461
f 1742 1461 1462
f 1742 1462 1463
f 1742 1415 1736
f 1415 1416 1736
f 1416 1417 1736
f 1742 1463 1415
f 1646 1647 1751
f 1715 1751 1750
f 1715 1646 1751
f 1716 1750 1749
f 1716 1715 1750
f 1717 1749 1748
f 1717 1716 1749
f 1718 1748 1747
f 1718 1717 1748
f 1719 1747 1644
f 1719 1718 1747
f 1645 1719 1644

o p0001
usemtl mat_3
v 0.00474982 -0.00847607 -0.01707554
v 0.00304444 -0.00929540 -0.01767109
v 0.00141989 -0.01131031 -0.01913527
v 0.00141988 -0.01395183 -0.02105452
v 0.00326661 -0.01615266 -0.02265355
v 0.00631891 -0.01712601 -0.02336080
v 0.00951349 -0.01654695 -0.02294009
v 0.01151214 -0.01485603 -0.02171109
v 0.01215030 -0.01362896 -0.02081971
v 0.01151214 -0.01040650 -0.01847818
v 0.00625716 -0.01149471 -0.01926885
v 0.00565250 -0.01180818 -0.01949660
v 0.00544996 -0.01202451 -0.01965378
v 0.00535269 -0.01218792 -0.01977251
v 0.00525319 -0.01254058 -0.02002874
v 0.00525319 -0.01272195 -0.02016052
v 0.00528661 -0.01290130 -0.02029083
v 0.00540133 -0.01315632 -0.02047612
v 0.00565250 -0.01345435 -0.02069267
v 0.00590402 -0.01363391 -0.02082313
v 0.00609818 -0.01372460 -0.02088902
v 0.00652544 -0.01383122 -0.02096649
v 0.00674900 -0.01384477 -0.02097633
v 0.00697257 -0.01383122 -0.02096649
v 0.00729548 -0.01375773 -0.02091309
v 0.00759398 -0.01363391 -0.02082313
v 0.00797109 -0.01330533 -0.02058439
v 0.00823645 -0.01258643 -0.02006206
v 0.00809668 -0.01210622 -0.01971315
v 0.00776926 -0.01174170 -0.01944830
v 0.00759398 -0.01162862 -0.01936614
v 0.00713030 -0.01148123 -0.01925905
v 0.00674900 -0.00925383 -0.01407397
v 0.00674900 -0.01307296 -0.00774742
v 0.00592927 -0.01859838 -0.00262954
v 0.00404479 -0.01910984 -0.00300081
v 0.00221310 -0.02045169 -0.00397621
v 0.00162920 -0.02137262 -0.00464522
v 0.00126438 -0.02266570 -0.00558474
v 0.00198586 -0.02522298 -0.00744279
v 0.00272817 -0.02614781 -0.00812148
v 0.00837015 -0.02725006 -0.00891561
v 0.01017624 -0.02649292 -0.00836544
v 0.01104907 -0.02577245 -0.00784202
v 0.01201551 -0.02431987 -0.00678657
v 0.01223362 -0.02333073 -0.00606793
v 0.01201551 -0.02167661 -0.00486603
v 0.01104907 -0.02022398 -0.00381065
v 0.01016431 -0.01949065 -0.00327840
v 0.00798280 -0.01865140 -0.00266814
v 0.00113182 -0.02297985 -0.01199707
v 0.00143592 -0.02436707 -0.00682970
v 0.00038623 -0.02168575 -0.01040064
v 0.00044124 -0.02182438 -0.00917140
v 0.00158431 -0.02181499 -0.01552733
v 0.00798357 -0.02110308 -0.01966745
v 0.00938757 -0.01997977 -0.02016836
v 0.00830757 -0.02031207 -0.02032656
v 0.01049866 -0.01837272 -0.02073248
v 0.00085857 -0.02296706 -0.01028509
v 0.01112321 -0.01548842 -0.02215234
v 0.01016362 -0.02205403 -0.01735055
v 0.00221308 -0.02426467 -0.01209524
v 0.01058055 -0.01897726 -0.02021242
v 0.00388888 -0.02363199 -0.01571860
v 0.00199005 -0.02537134 -0.00756788
v 0.01174132 -0.02184149 -0.01578572
v 0.00334570 -0.02499058 -0.01258349
v 0.01250800 -0.01783290 -0.01831911
v 0.00291812 -0.02514880 -0.01155077
v 0.01193827 -0.01901733 -0.01842890
v 0.01251879 -0.02086644 -0.01517776
v 0.00575691 -0.02446861 -0.01540313
v 0.01269072 -0.01647855 -0.01877944
v 0.00370854 -0.02680530 -0.00860690
v 0.00519043 -0.02559201 -0.01305964
v 0.01299044 -0.01959488 -0.01556622
v 0.01235319 -0.01307427 -0.02040052
v 0.00393059 -0.02703565 -0.00881044
v 0.00782007 -0.02406518 -0.01602506
v 0.01315592 -0.01627845 -0.01740196
v 0.01328315 -0.01536998 -0.01673578
v 0.00433999 -0.02724172 -0.00893788
v 0.01347203 -0.01841612 -0.01483440
v 0.00700746 -0.02575330 -0.01315293
v 0.01296687 -0.01341945 -0.01664277
v 0.00607268 -0.02606650 -0.01248219
v 0.01328865 -0.01480433 -0.01617736
v 0.01364634 -0.01741240 -0.01415056
v 0.00830757 -0.02559201 -0.01305964
v 0.00710463 -0.02749710 -0.00910394
v 0.00891702 -0.02544523 -0.01295300
v 0.01346002 -0.01558737 -0.01505600
v 0.01352737 -0.01679996 -0.01222317
v 0.01176403 -0.01058091 -0.01859080
v 0.01292779 -0.01342743 -0.01534644
v 0.01110797 -0.02373458 -0.01354781
v 0.00805123 -0.02601900 -0.01234999
v 0.00967368 -0.02511520 -0.01292485
v 0.01333329 -0.01548588 -0.01257995
v 0.01013552 -0.00904692 -0.01748928
v 0.00983151 -0.02403891 -0.01487915
v 0.01231915 -0.01240437 -0.01458105
v 0.00860962 -0.02725941 -0.00893418
v 0.00879846 -0.00849338 -0.01708690
v 0.00870007 -0.00895757 -0.01560889
v 0.01106435 -0.02436751 -0.01237148
v 0.00819708 -0.00833133 -0.01697000
v 0.01185559 -0.01193564 -0.01400671
v 0.00998065 -0.02566049 -0.01129441
v 0.01265161 -0.01318553 -0.01398715
v 0.01251879 -0.01476304 -0.01074320
v 0.01128515 -0.01136498 -0.01382586
v 0.00802463 -0.00879200 -0.01554035
v 0.01049866 -0.02537884 -0.01108977
v 0.01204774 -0.02355403 -0.01157890
v 0.00733462 -0.00818160 -0.01685908
v 0.01137940 -0.02455909 -0.01117496
v 0.01250800 -0.02291676 -0.01132204
v 0.01267669 -0.02254410 -0.01160797
v 0.01128511 -0.02563540 -0.00776023
v 0.01339800 -0.02056923 -0.01130991
v 0.01315230 -0.02152526 -0.01010486
v 0.01245869 -0.02340523 -0.00965581
v 0.01280265 -0.02265477 -0.00973972
v 0.01328315 -0.02064992 -0.00946886
v 0.01340294 -0.01862623 -0.00978852
v 0.01328865 -0.01994406 -0.00910343
v 0.01305676 -0.02182439 -0.00917139
v 0.00952198 -0.01222097 -0.00991689
v 0.01052117 -0.01314695 -0.00956900
v 0.01233780 -0.02316377 -0.00595557
v 0.00902396 -0.01173124 -0.01030712
v 0.00922872 -0.01098938 -0.01169833
v 0.01299533 -0.01889085 -0.00819077
v 0.00885471 -0.01193338 -0.00991920
v 0.00711141 -0.01078861 -0.01108812
v 0.01283192 -0.01851453 -0.00791734
v 0.01293459 -0.02051008 -0.00755227
v 0.01236424 -0.01644610 -0.00836110
v 0.00799330 -0.01212046 -0.00926169
v 0.01263730 -0.01815490 -0.00765605
v 0.01295269 -0.01951323 -0.00773142
v 0.01204770 -0.01735535 -0.00707511
v 0.00959031 -0.01338615 -0.00839354
v 0.01194343 -0.02127113 -0.00458569
v 0.01137683 -0.01684811 -0.00648023
v 0.00877975 -0.01322307 -0.00811161
v 0.00800019 -0.01293066 -0.00817989
v 0.01202671 -0.01808506 -0.00644244
v 0.00799625 -0.01324050 -0.00778974
v 0.00839316 -0.01428577 -0.00670283
v 0.00907264 -0.01895436 -0.00289020
v 0.00880105 -0.01775877 -0.00363613
v 0.00823344 -0.01767273 -0.00348527
v 0.00802463 -0.01748052 -0.00358211
v 0.00737715 -0.01854181 -0.00259266
v 0.00517020 -0.00910937 -0.01490843
v 0.00547337 -0.00879200 -0.01554035
v 0.00588799 -0.00873043 -0.01549562
v 0.00366012 -0.01030317 -0.01365116
v 0.00420788 -0.00900800 -0.01611840
v 0.00429465 -0.00894679 -0.01624553
v 0.00312602 -0.00962830 -0.01635679
v 0.00186607 -0.01118967 -0.01516698
v 0.00322444 -0.00977499 -0.01567401
v 0.00339372 -0.00976511 -0.01536699
v 0.00520729 -0.00988676 -0.01314688
v 0.00510484 -0.01077290 -0.01153769
v 0.00311541 -0.01077302 -0.01330709
v 0.00316310 -0.01108632 -0.01269850
v 0.00220895 -0.01137962 -0.01374015
v 0.00119596 -0.01381772 -0.01147396
v 0.00336420 -0.01143974 -0.01169088
v 0.00363880 -0.01196451 -0.01061688
v 0.00422594 -0.01178042 -0.01042335
v 0.00253224 -0.01229793 -0.01142733
v 0.00229747 -0.01280450 -0.01097145
v 0.00218929 -0.01326962 -0.01039380
v 0.00297684 -0.01314695 -0.00956900
v 0.00333305 -0.01316657 -0.00915007
v 0.00382394 -0.01429002 -0.00736562
v 0.00422594 -0.01353727 -0.00800536
v 0.00231561 -0.01443660 -0.00870608
v 0.00530469 -0.01369417 -0.00728796
v 0.00520729 -0.01554242 -0.00536284
v 0.00366012 -0.01615069 -0.00560307
v 0.00279924 -0.01546973 -0.00695513
v 0.00270519 -0.01535150 -0.00721754
v 0.00517020 -0.01697758 -0.00407921
v 0.00654190 -0.01674058 -0.00399828
v 0.00547337 -0.01748052 -0.00358211
v 0.00466812 -0.01767355 -0.00372236
v 0.00220930 -0.01782412 -0.00560072
v 0.00347831 -0.01727714 -0.00476024
v 0.00406022 -0.01801988 -0.00377720
v 0.00322444 -0.01791136 -0.00447571
v 0.00328791 -0.01951909 -0.00330353
v 0.00154863 -0.01849039 -0.00608482
v 0.01037198 -0.00962830 -0.01635679
v 0.01089619 -0.01022029 -0.01579882
v 0.00980327 -0.00947270 -0.01564831
v 0.01001969 -0.00984963 -0.01498291
v 0.00833006 -0.00934751 -0.01435484
v 0.01062172 -0.01142351 -0.01238970
v 0.00908324 -0.00963258 -0.01419232
v 0.00835293 -0.01028582 -0.01238745
v 0.01167863 -0.01289760 -0.01157390
v 0.01062077 -0.01177450 -0.01179862
v 0.01137649 -0.01333977 -0.01041778
v 0.01071380 -0.01296394 -0.01005215
v 0.01071380 -0.01354991 -0.00924566
v 0.01120054 -0.01437497 -0.00880998
v 0.01096576 -0.01465202 -0.00818734
v 0.01062077 -0.01484340 -0.00757480
v 0.01093138 -0.01565781 -0.00707043
v 0.01000362 -0.01581195 -0.00603964
v 0.01001969 -0.01727714 -0.00476024
v 0.00867867 -0.01463584 -0.00639511
v 0.01027357 -0.01791136 -0.00447571
v 0.01072414 -0.01809513 -0.00473321
v 0.00980327 -0.01779352 -0.00419615
v 0.00826744 -0.01601747 -0.00491218
v 0.00833006 -0.01652466 -0.00447674
v 0.00560072 -0.00827168 -0.01692602
v 0.00481320 -0.00877465 -0.01612046
v 0.00550176 -0.01148366 -0.01020773
v 0.00549465 -0.01233100 -0.00897615
v 0.00534281 -0.01132494 -0.01047948
v 0.00433299 -0.01235654 -0.00948424
v 0.00145030 -0.01207540 -0.01434203
v 0.00081067 -0.01269479 -0.01660705
v 0.00099002 -0.01271269 -0.01459889
v 0.00056342 -0.01350397 -0.01719497
v 0.00085707 -0.01264902 -0.01570689
v 0.00512916 -0.01321953 -0.00790691
v 0.00486296 -0.01336198 -0.00787800
v 0.00081458 -0.01347182 -0.01351890
v 0.00033955 -0.01576193 -0.01146897
v 0.00038623 -0.01394374 -0.01552034
v 0.00056342 -0.01511940 -0.01836870
v 0.00020936 -0.01480434 -0.01617737
v 0.00002597 -0.01584670 -0.01296756
v 0.00033676 -0.01466663 -0.01725299
v 0.00081067 -0.01592859 -0.01895664
v 0.00003799 -0.01558737 -0.01505600
v 0.00031508 -0.01598878 -0.01732969
v -0.00014834 -0.01741239 -0.01415058
v -0.00002937 -0.01882952 -0.01369779
v 0.00057022 -0.01690113 -0.01787034
v 0.00086067 -0.01747452 -0.01826488
v 0.00220940 -0.01780546 -0.02032031
v 0.00016472 -0.01889622 -0.01505786
v 0.00105236 -0.01718206 -0.01893324
v 0.00144167 -0.01752620 -0.01942516
v 0.00299935 -0.01837272 -0.02073248
v 0.00081456 -0.01862548 -0.01726341
v 0.00097921 -0.02086644 -0.01517776
v 0.00351735 -0.01865437 -0.02093711
v 0.00530091 -0.01869779 -0.00270233
v 0.00205488 -0.01876772 -0.01935928
v 0.00164241 -0.01699325 -0.00704579
v 0.00481320 -0.01802689 -0.00338637
v 0.00146389 -0.01683054 -0.00741465
v 0.00289251 -0.01944286 -0.01971017
v 0.00046833 -0.01759310 -0.00901522
v 0.00239003 -0.02020244 -0.01840918
v 0.00066609 -0.01851453 -0.00791734
v 0.00382432 -0.02003655 -0.01991473
v 0.00003799 -0.01911950 -0.01019463
v 0.00050267 -0.01889085 -0.00819077
v 0.00440907 -0.01945698 -0.02082527
v 0.00519043 -0.02031207 -0.02032656
v 0.00093606 -0.01888008 -0.00700455
v 0.00371156 -0.02091192 -0.01892467
v 0.00031508 -0.01964069 -0.00859128
v 0.00705239 -0.01937468 -0.02146047
v 0.00544677 -0.01976907 -0.02095194
v 0.00150038 -0.02137315 -0.00466682
v 0.00627206 -0.02045045 -0.02042710
v 0.00485148 -0.02127677 -0.01918976
v 0.00010000 -0.02056923 -0.01130991
v 0.00856111 -0.01911671 -0.02137167
v 0.00022644 -0.02053591 -0.00921525
v 0.00653087 -0.01990177 -0.02100545
v 0.00056342 -0.02051008 -0.00755227
v 0.00601495 -0.02146503 -0.01932654
v 0.00115963 -0.02282299 -0.00571094
v 0.00697257 -0.02179826 -0.00495448
v 0.00719113 -0.02183862 -0.00498380
v 0.00739983 -0.02190488 -0.00503195
v 0.00759398 -0.02199556 -0.00509784
v 0.00776926 -0.02210865 -0.00518000
v 0.00804804 -0.02239146 -0.00538548
v 0.00814531 -0.02255487 -0.00550421
v 0.00821139 -0.02272818 -0.00563014
v 0.00824481 -0.02290753 -0.00576044
v 0.00824481 -0.02308890 -0.00589222
v 0.00821139 -0.02326824 -0.00602253
v 0.00814531 -0.02344156 -0.00614846
v 0.00798489 -0.02367990 -0.00632163
v 0.00776926 -0.02388778 -0.00647267
v 0.00759398 -0.02400086 -0.00655483
v 0.00739983 -0.02409155 -0.00662072
v 0.00719113 -0.02415781 -0.00666886
v 0.00697257 -0.02419817 -0.00669819
v 0.00663722 -0.02420494 -0.00670311
v 0.00630687 -0.02415781 -0.00666886
v 0.00609818 -0.02409155 -0.00662072
v 0.00590402 -0.02400086 -0.00655483
v 0.00572874 -0.02388778 -0.00647267
v 0.00557625 -0.02375482 -0.00637607
v 0.00540133 -0.02352326 -0.00620782
v 0.00525319 -0.02308890 -0.00589222
v 0.00525319 -0.02290753 -0.00576044
v 0.00528661 -0.02272818 -0.00563014
v 0.00535269 -0.02255487 -0.00550421
v 0.00544996 -0.02239146 -0.00538548
v 0.00557625 -0.02224160 -0.00527660
v 0.00572874 -0.02210865 -0.00518000
v 0.00590402 -0.02199556 -0.00509784
v 0.00609818 -0.02190488 -0.00503195
v 0.00630687 -0.02183862 -0.00498380
v 0.00652544 -0.02179826 -0.00495448
f 1771 1756 1770
f 1769 1770 1756
f 1769 1756 1755
f 1772 1756 1771
f 1773 1757 1756
f 1773 1756 1772
f 1768 1769 1755
f 1767 1768 1755
f 1774 1757 1773
f 1766 1755 1754
f 1766 1767 1755
f 1775 1757 1774
f 1776 1758 1757
f 1776 1757 1775
f 1765 1766 1754
f 1764 1765 1754
f 1777 1758 1776
f 1763 1754 1753
f 1763 1764 1754
f 1778 1758 1777
f 1812 1758 1778
f 1753 1762 1763
f 1759 1812 1778
f 1752 1762 1753
f 1760 1778 1779
f 1760 1759 1778
f 1976 1762 1752
f 1868 1762 1976
f 1868 1783 1762
f 1829 1760 1779
f 1846 1829 1779
f 1846 1779 1780
f 1859 1783 1868
f 1856 1783 1859
f 1761 1846 1780
f 1852 1783 1856
f 1852 1782 1783
f 1852 1761 1780
f 1852 1780 1781
f 1852 1781 1782
f 1803 1804 1811
f 1803 1805 1804
f 1807 1809 1808
f 1807 1853 1831
f 1812 1810 1758
f 1811 1791 1803
f 1813 1807 1808
f 1813 1853 1807
f 1813 1808 1815
f 1814 1802 1806
f 1815 1810 1812
f 1817 1811 1802
f 1817 1791 1811
f 1822 1815 1812
f 1821 1814 1806
f 1825 1759 1760
f 1825 1812 1759
f 1819 1806 1816
f 1819 1821 1806
f 1792 1802 1814
f 1792 1817 1802
f 1818 1813 1815
f 1820 1812 1825
f 1820 1822 1812
f 1830 1819 1816
f 1821 1792 1814
f 1822 1818 1815
f 1822 1823 1818
f 1829 1825 1760
f 1834 1830 1816
f 1826 1819 1830
f 1826 1792 1821
f 1826 1821 1819
f 1827 1834 1816
f 1828 1823 1822
f 1828 1820 1825
f 1828 1822 1820
f 1838 1816 1824
f 1838 1827 1816
f 1832 1825 1829
f 1837 1829 1846
f 1836 1824 1831
f 1833 1832 1829
f 1834 1827 1838
f 1835 1825 1832
f 1835 1828 1825
f 1839 1833 1829
f 1839 1829 1837
f 1849 1836 1831
f 1838 1842 1834
f 1838 1824 1836
f 1840 1835 1832
f 1840 1832 1833
f 1841 1849 1831
f 1842 1836 1849
f 1842 1838 1836
f 1843 1841 1831
f 1844 1833 1839
f 1844 1839 1837
f 1844 1845 1840
f 1844 1840 1833
f 1846 1761 1852
f 1850 1831 1853
f 1850 1843 1831
f 1847 1837 1846
f 1848 1853 1813
f 1848 1813 1818
f 1849 1793 1842
f 1849 1841 1843
f 1862 1847 1846
f 1851 1844 1837
f 1851 1837 1847
f 1851 1845 1844
f 1854 1862 1846
f 1855 1793 1849
f 1855 1843 1850
f 1855 1849 1843
f 1858 1853 1848
f 1860 1854 1846
f 1860 1846 1952
f 1857 1852 1856
f 1858 1848 1818
f 1861 1850 1853
f 1861 1855 1850
f 1861 1794 1855
f 1871 1823 1828
f 1871 1818 1823
f 1862 1863 1851
f 1862 1851 1847
f 1857 1856 1859
f 1869 1858 1818
f 1864 1860 1952
f 1865 1857 1859
f 1866 1861 1853
f 1866 1794 1861
f 1866 1853 1858
f 1867 1869 1818
f 1868 1865 1859
f 1959 1863 1862
f 1959 1862 1854
f 1959 1854 1860
f 1870 1818 1871
f 1870 1867 1818
f 1873 1828 1835
f 1873 1871 1828
f 1869 1794 1866
f 1869 1795 1794
f 1869 1866 1858
f 1872 1869 1867
f 1872 1795 1869
f 1872 1867 1870
f 1873 1835 1840
f 1876 1871 1873
f 1874 1876 1873
f 1875 1796 1872
f 1875 1870 1871
f 1875 1872 1870
f 1878 1873 1840
f 1878 1840 1845
f 1880 1874 1873
f 1876 1796 1875
f 1876 1875 1871
f 1877 1873 1878
f 1877 1880 1873
f 1878 1845 1851
f 1879 1877 1878
f 1880 1797 1796
f 1880 1876 1874
f 1880 1796 1876
f 1894 1879 1878
f 1883 1880 1877
f 1883 1797 1880
f 1883 1877 1879
f 1891 1878 1851
f 1891 1851 1863
f 1884 1885 1958
f 1886 1894 1878
f 1887 1892 1881
f 1887 1881 1884
f 1888 1884 1958
f 1889 1878 1891
f 1889 1886 1878
f 1890 1879 1894
f 1890 1798 1883
f 1890 1883 1879
f 1892 1884 1888
f 1892 1887 1884
f 1892 1888 1785
f 1893 1889 1891
f 1896 1882 1881
f 1901 1893 1891
f 1894 1798 1890
f 1894 1886 1889
f 1895 1901 1891
f 1899 1881 1892
f 1899 1896 1881
f 1897 1798 1894
f 1897 1889 1893
f 1897 1893 1901
f 1897 1894 1889
f 1898 1895 1891
f 1900 1892 1785
f 1900 1899 1892
f 1901 1799 1897
f 1902 1900 1785
f 1902 1899 1900
f 1970 1896 1899
f 1972 1895 1898
f 1972 1901 1895
f 1903 1899 1902
f 1903 1902 1785
f 1903 1970 1899
f 1905 1801 1904
f 1906 1801 1905
f 1908 1906 1907
f 1908 1801 1906
f 1909 1911 1910
f 1909 1784 1911
f 1919 1909 1912
f 1919 1784 1909
f 1915 1913 1914
f 1915 1914 1753
f 1915 1753 1916
f 1917 1915 1916
f 1917 1913 1915
f 1918 1913 1917
f 1918 1917 1916
f 1919 1888 1784
f 1919 1920 1888
f 1919 1925 1920
f 1921 1912 1909
f 1921 1918 1916
f 1921 1913 1918
f 1921 1909 1913
f 1922 1912 1921
f 1922 1919 1912
f 1922 1925 1919
f 1923 1922 1921
f 1925 1923 1924
f 1925 1922 1923
f 1926 1927 1925
f 1928 1925 1924
f 1928 1926 1925
f 1929 1926 1928
f 1929 1928 1924
f 1929 1924 1930
f 1930 1931 1926
f 1930 1926 1929
f 1932 1931 1930
f 1935 1924 2015
f 1935 1932 1930
f 1935 1930 1924
f 1933 1934 1932
f 1935 1933 1932
f 1937 1942 1785
f 1937 1785 1936
f 1937 1936 1933
f 1940 1935 2015
f 1940 1933 1935
f 1939 1938 1937
f 1939 1937 1933
f 1939 1933 1940
f 1940 2013 1939
f 1940 2015 2013
f 1941 1943 1942
f 1941 1937 1938
f 1941 1942 1937
f 1946 1944 1941
f 1946 1939 1945
f 1946 1938 1939
f 1946 1941 1938
f 1947 1944 1946
f 1948 1946 1945
f 1948 1947 1946
f 1949 1950 1788
f 1949 1947 1948
f 1949 1948 1945
f 1949 1945 1950
f 1949 1787 1947
f 1951 1846 1852
f 1951 1952 1846
f 1953 1852 1857
f 1953 1951 1852
f 1953 1952 1951
f 1954 1952 1953
f 1954 1957 1864
f 1954 1864 1952
f 1954 1953 1857
f 1955 1865 1868
f 1955 1957 1954
f 1955 1954 1857
f 1955 1857 1865
f 1955 1868 1784
f 1956 1959 1860
f 1956 1860 1864
f 1956 1864 1957
f 1957 1955 1784
f 1960 1959 1956
f 1960 1956 1885
f 1958 1885 1956
f 1958 1784 1888
f 1958 1956 1957
f 1958 1957 1784
f 1960 1885 1884
f 1960 1881 1959
f 1960 1884 1881
f 1961 1863 1959
f 1961 1959 1881
f 1962 1881 1882
f 1962 1882 1961
f 1962 1961 1881
f 1963 1961 1882
f 1963 1882 1896
f 1964 1863 1961
f 1964 1891 1863
f 1964 1963 1896
f 1964 1961 1963
f 1965 1891 1964
f 1965 1964 1896
f 1966 1896 1970
f 1966 1965 1896
f 1966 1891 1965
f 1967 1891 1966
f 1967 1898 1891
f 1968 1898 1967
f 1968 1966 1970
f 1968 1967 1966
f 1969 1972 1898
f 1969 1898 1968
f 1970 1903 1785
f 1970 1785 1942
f 1971 1972 1969
f 1972 1904 1800
f 1972 1800 1799
f 1972 1799 1901
f 1973 1971 1969
f 1973 1972 1971
f 1973 1904 1972
f 1973 1969 1905
f 1973 1905 1904
f 1974 1970 1942
f 1974 1968 1970
f 1975 1974 1942
f 1975 1906 1905
f 1975 1907 1906
f 1975 1968 1974
f 1975 1908 1907
f 1975 1942 1908
f 1975 1969 1968
f 1975 1905 1969
f 1911 1784 1868
f 1911 1868 1976
f 1910 1911 1976
f 1977 1976 1752
f 1909 1976 1977
f 1909 1910 1976
f 1914 1752 1753
f 1914 1977 1752
f 1913 1909 1977
f 1913 1977 1914
f 1978 1785 1888
f 1978 1888 1920
f 1916 1753 1754
f 1980 1785 1978
f 1980 1979 1785
f 1980 1978 1920
f 1980 1920 1925
f 1923 1921 1916
f 1986 1916 1754
f 1927 1980 1925
f 1981 1979 1980
f 1981 1980 1927
f 1982 1923 1916
f 1983 1986 1754
f 1984 1982 1916
f 1984 1916 1986
f 1926 1981 1927
f 1926 1931 1981
f 1987 1785 1979
f 1924 1923 1982
f 1924 1982 1984
f 1985 1983 1754
f 1936 1785 1987
f 1987 1979 1981
f 1991 1986 1983
f 1988 1936 1987
f 1989 1990 1924
f 1989 1924 1984
f 1989 1984 1986
f 1995 1985 1754
f 1995 1754 1755
f 1991 1983 1985
f 1932 1987 1981
f 1932 1981 1931
f 1934 1988 1987
f 1934 1987 1932
f 1993 1991 1985
f 1992 1995 1755
f 1993 1985 1995
f 1994 1989 1986
f 1994 1986 1991
f 1994 1990 1989
f 1933 1936 1988
f 1933 1988 1934
f 1996 1992 1755
f 1998 1995 1992
f 1997 1999 1994
f 1997 1994 1991
f 1997 1993 1995
f 1997 1991 1993
f 2005 1996 1755
f 1998 1992 1996
f 2001 1998 1996
f 1999 1995 1998
f 1999 1997 1995
f 2006 2005 1755
f 2006 1755 1756
f 2001 1996 2005
f 2002 2001 2005
f 2003 2006 1756
f 2004 1998 2001
f 2004 1999 1998
f 2004 2000 1999
f 1942 1786 1908
f 2007 2003 1756
f 2012 2006 2003
f 2017 1924 1990
f 2017 2015 1924
f 2008 2001 2002
f 2008 2009 2004
f 2008 2004 2001
f 2008 2002 2005
f 2010 2007 1756
f 2011 1786 1942
f 2011 1942 1943
f 2011 1943 1941
f 2012 2003 2007
f 2014 1787 2011
f 2014 2011 1941
f 2014 1941 1944
f 2016 2012 2007
f 2023 2010 1756
f 2023 1756 1757
f 1806 2006 2012
f 1806 2005 2006
f 1806 2009 2008
f 1806 2008 2005
f 2016 2007 2010
f 1947 2014 1944
f 1947 1787 2014
f 2017 1990 1994
f 1945 1939 2013
f 2020 2016 2010
f 2025 2015 2017
f 2029 2023 1757
f 2018 2012 2016
f 2018 1816 1806
f 2018 1806 2012
f 2019 2025 2017
f 2020 2010 2023
f 1950 2013 2015
f 1950 1945 2013
f 2021 1994 1999
f 2021 2017 1994
f 2022 2019 2017
f 2036 2029 1757
f 2027 2017 2021
f 2027 2022 2017
f 2024 2023 2029
f 2025 1950 2015
f 2025 1789 1788
f 2025 1788 1950
f 2026 2016 2020
f 2026 1816 2018
f 2026 2018 2016
f 2033 2021 1999
f 2033 1999 2000
f 2028 2036 1757
f 2030 1789 2025
f 2030 2019 2022
f 2030 2022 2027
f 2030 2025 2019
f 2035 2027 2021
f 2031 2029 2036
f 2032 1824 1816
f 2032 1816 2026
f 2032 2026 2020
f 2032 2020 2023
f 2032 2023 2024
f 2032 2024 2029
f 2033 2000 2004
f 2034 2028 1757
f 2034 1757 1758
f 2035 2021 2033
f 2037 1790 2030
f 2037 2030 2027
f 2037 2027 2035
f 1805 2035 2033
f 1807 2036 2028
f 2038 2031 2036
f 2038 2029 2031
f 2038 1824 2032
f 2038 1831 1824
f 2038 2032 2029
f 1804 1805 2033
f 1807 2028 2034
f 2039 2037 2035
f 2039 1790 2037
f 1802 2004 2009
f 1802 2033 2004
f 1809 1807 2034
f 1815 2034 1758
f 1811 1804 2033
f 1811 2033 1802
f 1808 1809 2034
f 1805 1803 2039
f 1805 2039 2035
f 1807 2038 2036
f 1807 1831 2038
f 1806 1802 2009
f 1810 1815 1758
f 1808 2034 1815
f 2071 1949 1788
f 2070 2071 1788
f 2072 1787 1949
f 2072 1949 2071
f 2069 2070 1788
f 2073 1787 2072
f 2068 1788 1789
f 2068 2069 1788
f 2074 2011 1787
f 2074 1787 2073
f 2067 1789 2030
f 2067 2068 1789
f 2067 2030 1790
f 2075 1786 2011
f 2075 2011 2074
f 2066 1790 2039
f 2066 2067 1790
f 2075 1908 1786
f 2065 2039 1803
f 2065 2066 2039
f 2040 1908 2075
f 2040 1801 1908
f 2041 1801 2040
f 2064 1803 1791
f 2064 2065 1803
f 2042 1904 1801
f 2042 1801 2041
f 2043 1904 2042
f 2043 1800 1904
f 2063 1791 1817
f 2063 2064 1791
f 2044 1800 2043
f 1792 2063 1817
f 1792 2062 2063
f 1799 2044 2045
f 1799 1800 2044
f 1792 2061 2062
f 1897 2045 2046
f 1897 1799 2045
f 1826 2060 2061
f 1826 2061 1792
f 1798 1897 2046
f 1830 2059 2060
f 1830 2060 1826
f 1798 2046 2047
f 1834 2059 1830
f 1834 2058 2059
f 1883 1798 2047
f 1883 2047 2048
f 1883 2048 2049
f 1842 2058 1834
f 1842 2057 2058
f 1797 1883 2049
f 1796 1797 2049
f 1796 2049 2050
f 1793 2057 1842
f 1793 2056 2057
f 1796 2050 2051
f 1796 2051 2052
f 1855 2056 1793
f 1855 2055 2056
f 1872 1796 2052
f 1794 2055 1855
f 1794 2054 2055
f 1795 1872 2052
f 1794 1795 2052
f 1794 2052 2053
f 1794 2053 2054

o p0002
usemtl mat_33
v 0.00674900 -0.01141776 -0.01921293
v 0.00674900 -0.02178470 -0.00494463
v 0.00697257 -0.02179826 -0.00495448
v 0.00719113 -0.02183862 -0.00498380
v 0.00739983 -0.02190488 -0.00503195
v 0.00759398 -0.02199557 -0.00509784
v 0.00776926 -0.02210865 -0.00518000
v 0.00792175 -0.02224160 -0.00527660
v 0.00804804 -0.02239146 -0.00538548
v 0.00814531 -0.02255487 -0.00550421
v 0.00821139 -0.02272818 -0.00563014
v 0.00824481 -0.02290753 -0.00576044
v 0.00824481 -0.02308890 -0.00589222
v 0.00821139 -0.02326824 -0.00602253
v 0.00814531 -0.02344156 -0.00614846
v 0.00804804 -0.02360497 -0.00626718
v 0.00792175 -0.02375482 -0.00637607
v 0.00776926 -0.02388778 -0.00647267
v 0.00759398 -0.02400086 -0.00655483
v 0.00739983 -0.02409155 -0.00662072
v 0.00719113 -0.02415781 -0.00666886
v 0.00697257 -0.02419817 -0.00669819
v 0.00674900 -0.02421172 -0.00670804
v 0.00652544 -0.02419817 -0.00669819
v 0.00630687 -0.02415781 -0.00666886
v 0.00609818 -0.02409155 -0.00662072
v 0.00590402 -0.02400086 -0.00655483
v 0.00572874 -0.02388778 -0.00647267
v 0.00557625 -0.02375482 -0.00637607
v 0.00544996 -0.02360497 -0.00626718
v 0.00535269 -0.02344156 -0.00614846
v 0.00528661 -0.02326824 -0.00602253
v 0.00525319 -0.02308890 -0.00589222
v 0.00525319 -0.02290753 -0.00576044
v 0.00528661 -0.02272818 -0.00563014
v 0.00535269 -0.02255487 -0.00550421
v 0.00544996 -0.02239146 -0.00538548
v 0.00557625 -0.02224160 -0.00527660
v 0.00572874 -0.02210865 -0.00518000
v 0.00590402 -0.02199557 -0.00509784
v 0.00609818 -0.02190488 -0.00503195
v 0.00630687 -0.02183862 -0.00498380
v 0.00652544 -0.02179826 -0.00495448
v 0.00652544 -0.01143131 -0.01922278
v 0.00630687 -0.01147167 -0.01925210
v 0.00609818 -0.01153793 -0.01930025
v 0.00590402 -0.01162862 -0.01936614
v 0.00572874 -0.01174170 -0.01944830
v 0.00557625 -0.01187466 -0.01954490
v 0.00544996 -0.01202451 -0.01965378
v 0.00535269 -0.01218792 -0.01977251
v 0.00528661 -0.01236123 -0.01989844
v 0.00525319 -0.01254058 -0.02002874
v 0.00525319 -0.01272195 -0.02016052
v 0.00528661 -0.01290130 -0.02029083
v 0.00535269 -0.01307461 -0.02041676
v 0.00544996 -0.01323802 -0.02053548
v 0.00557625 -0.01338788 -0.02064437
v 0.00572874 -0.01352083 -0.02074097
v 0.00590402 -0.01363391 -0.02082313
v 0.00609818 -0.01372460 -0.02088902
v 0.00630687 -0.01379086 -0.02093716
v 0.00652544 -0.01383122 -0.02096649
v 0.00674900 -0.01384477 -0.02097634
v 0.00697257 -0.01383122 -0.02096649
v 0.00719113 -0.01379086 -0.02093716
v 0.00739983 -0.01372460 -0.02088902
v 0.00759398 -0.01363391 -0.02082313
v 0.00776926 -0.01352083 -0.02074097
v 0.00792175 -0.01338788 -0.02064437
v 0.00804804 -0.01323802 -0.02053548
v 0.00814531 -0.01307461 -0.02041676
v 0.00821139 -0.01290130 -0.02029083
v 0.00824481 -0.01272195 -0.02016052
v 0.00824481 -0.01254058 -0.02002874
v 0.00821139 -0.01236123 -0.01989844
v 0.00814531 -0.01218792 -0.01977251
v 0.00804804 -0.01202451 -0.01965378
v 0.00792175 -0.01187466 -0.01954490
v 0.00776926 -0.01174170 -0.01944830
v 0.00759398 -0.01162862 -0.01936614
v 0.00739983 -0.01153793 -0.01930025
v 0.00719113 -0.01147167 -0.01925210
v 0.00697257 -0.01143131 -0.01922278
f 2077 2119 2076
f 2118 2120 2119
f 2118 2119 2077
f 2117 2121 2120
f 2117 2120 2118
f 2116 2121 2117
f 2116 2122 2121
f 2115 2122 2116
f 2115 2123 2122
f 2114 2123 2115
f 2114 2124 2123
f 2113 2124 2114
f 2113 2125 2124
f 2112 2125 2113
f 2112 2126 2125
f 2111 2126 2112
f 2111 2127 2126
f 2110 2127 2111
f 2110 2128 2127
f 2109 2128 2110
f 2109 2129 2128
f 2108 2129 2109
f 2108 2130 2129
f 2107 2130 2108
f 2107 2131 2130
f 2106 2131 2107
f 2106 2132 2131
f 2105 2132 2106
f 2105 2133 2132
f 2104 2133 2105
f 2104 2134 2133
f 2103 2134 2104
f 2103 2135 2134
f 2102 2135 2103
f 2102 2136 2135
f 2101 2137 2136
f 2101 2136 2102
f 2100 2138 2137
f 2100 2137 2101
f 2099 2139 2138
f 2099 2138 2100
f 2098 2139 2099
f 2097 2140 2139
f 2097 2139 2098
f 2096 2141 2140
f 2096 2142 2141
f 2096 2140 2097
f 2095 2143 2142
f 2095 2142 2096
f 2094 2143 2095
f 2093 2144 2143
f 2093 2145 2144
f 2093 2143 2094
f 2092 2145 2093
f 2091 2146 2145
f 2091 2147 2146
f 2091 2145 2092
f 2090 2147 2091
f 2089 2147 2090
f 2089 2148 2147
f 2089 2149 2148
f 2088 2149 2089
f 2088 2150 2149
f 2087 2150 2088
f 2086 2150 2087
f 2086 2151 2150
f 2086 2152 2151
f 2085 2152 2086
f 2085 2153 2152
f 2084 2153 2085
f 2084 2154 2153
f 2083 2154 2084
f 2082 2154 2083
f 2082 2155 2154
f 2082 2156 2155
f 2081 2156 2082
f 2081 2157 2156
f 2080 2157 2081
f 2080 2158 2157
f 2079 2158 2080
f 2078 2158 2079
f 2078 2159 2158
f 2077 2159 2078
f 2077 2076 2159

o p0003
usemtl mat_33
v -0.00000100 0.00653884 0.00925336
v -0.00900100 0.00653884 0.00925336
v -0.00900100 0.00633170 0.00916759
v -0.00900100 0.00613967 0.00905191
v -0.00900100 0.00596701 0.00890890
v -0.00900100 0.00581760 0.00874176
v -0.00900100 0.00569477 0.00855421
v -0.00900100 0.00560127 0.00835045
v -0.00900100 0.00553918 0.00813503
v -0.00900100 0.00550988 0.00791276
v -0.00900100 0.00551405 0.00768861
v -0.00900100 0.00555157 0.00746758
v -0.00900100 0.00562162 0.00725461
v -0.00900100 0.00572263 0.00705447
v -0.00900100 0.00585234 0.00687161
v -0.00900100 0.00600785 0.00671013
v -0.00900100 0.00618569 0.00657362
v -0.00900100 0.00638190 0.00646515
v -0.00900100 0.00659207 0.00638714
v -0.00900100 0.00681153 0.00634132
v -0.00900100 0.00703537 0.00632872
v -0.00900100 0.00725858 0.00634962
v -0.00900100 0.00747619 0.00640356
v -0.00900100 0.00768332 0.00648932
v -0.00900100 0.00787536 0.00660501
v -0.00900100 0.00804802 0.00674802
v -0.00900100 0.00819743 0.00691516
v -0.00900100 0.00832026 0.00710271
v -0.00900100 0.00841376 0.00730647
v -0.00900100 0.00847585 0.00752189
v -0.00900100 0.00850514 0.00774416
v -0.00900100 0.00850098 0.00796831
v -0.00900100 0.00846346 0.00818934
v -0.00900100 0.00839341 0.00840231
v -0.00900100 0.00829240 0.00860245
v -0.00900100 0.00816269 0.00878531
v -0.00900100 0.00800718 0.00894679
v -0.00900100 0.00782933 0.00908329
v -0.00900100 0.00763313 0.00919176
v -0.00900100 0.00742295 0.00926978
v -0.00900100 0.00720350 0.00931560
v -0.00900100 0.00697966 0.00932820
v -0.00900100 0.00675645 0.00930730
v -0.00000100 0.00675645 0.00930730
v -0.00000100 0.00697966 0.00932820
v -0.00000100 0.00720350 0.00931560
v -0.00000100 0.00742295 0.00926978
v -0.00000100 0.00763313 0.00919176
v -0.00000100 0.00782933 0.00908329
v -0.00000100 0.00800718 0.00894679
v -0.00000100 0.00816269 0.00878531
v -0.00000100 0.00829240 0.00860245
v -0.00000100 0.00839341 0.00840231
v -0.00000100 0.00846346 0.00818934
v -0.00000100 0.00850098 0.00796831
v -0.00000100 0.00850514 0.00774416
v -0.00000100 0.00847585 0.00752189
v -0.00000100 0.00841376 0.00730647
v -0.00000100 0.00832026 0.00710271
v -0.00000100 0.00819743 0.00691516
v -0.00000100 0.00804802 0.00674802
v -0.00000100 0.00787536 0.00660501
v -0.00000100 0.00768332 0.00648932
v -0.00000100 0.00747619 0.00640356
v -0.00000100 0.00725858 0.00634962
v -0.00000100 0.00703537 0.00632872
v -0.00000100 0.00681153 0.00634132
v -0.00000100 0.00659207 0.00638714
v -0.00000100 0.00638190 0.00646515
v -0.00000100 0.00618569 0.00657362
v -0.00000100 0.00600785 0.00671013
v -0.00000100 0.00585234 0.00687161
v -0.00000100 0.00572263 0.00705447
v -0.00000100 0.00562162 0.00725461
v -0.00000100 0.00555157 0.00746758
v -0.00000100 0.00551405 0.00768861
v -0.00000100 0.00550988 0.00791276
v -0.00000100 0.00553918 0.00813503
v -0.00000100 0.00560127 0.00835045
v -0.00000100 0.00569477 0.00855421
v -0.00000100 0.00581760 0.00874176
v -0.00000100 0.00596701 0.00890890
v -0.00000100 0.00613967 0.00905191
v -0.00000100 0.00633170 0.00916759
v -0.00000100 -0.01073718 0.00357100
v -0.00900100 -0.01073718 0.00357100
v -0.00900100 -0.01094431 0.00348523
v -0.00900100 -0.01113635 0.00336955
v -0.00900100 -0.01130901 0.00322654
v -0.00900100 -0.01145842 0.00305939
v -0.00900100 -0.01158124 0.00287185
v -0.00900100 -0.01167475 0.00266809
v -0.00900100 -0.01173684 0.00245267
v -0.00900100 -0.01176613 0.00223040
v -0.00900100 -0.01176197 0.00200625
v -0.00900100 -0.01172445 0.00178522
v -0.00900100 -0.01165440 0.00157225
v -0.00900100 -0.01155339 0.00137210
v -0.00900100 -0.01142368 0.00118925
v -0.00900100 -0.01126817 0.00102776
v -0.00900100 -0.01109032 0.00089126
v -0.00900100 -0.01089412 0.00078279
v -0.00900100 -0.01068394 0.00070478
v -0.00900100 -0.01046449 0.00065896
v -0.00900100 -0.01024065 0.00064636
v -0.00900100 -0.01001744 0.00066726
v -0.00900100 -0.00979983 0.00072120
v -0.00900100 -0.00959269 0.00080696
v -0.00900100 -0.00940065 0.00092264
v -0.00900100 -0.00922800 0.00106566
v -0.00900100 -0.00907859 0.00123280
v -0.00900100 -0.00895576 0.00142035
v -0.00900100 -0.00886226 0.00162411
v -0.00900100 -0.00880017 0.00183953
v -0.00900100 -0.00877087 0.00206180
v -0.00900100 -0.00877504 0.00228595
v -0.00900100 -0.00881256 0.00250698
v -0.00900100 -0.00888261 0.00271994
v -0.00900100 -0.00898362 0.00292009
v -0.00900100 -0.00911333 0.00310295
v -0.00900100 -0.00926884 0.00326443
v -0.00900100 -0.00944668 0.00340093
v -0.00900100 -0.00964289 0.00350940
v -0.00900100 -0.00985306 0.00358742
v -0.00900100 -0.01007252 0.00363324
v -0.00900100 -0.01029636 0.00364584
v -0.00900100 -0.01051957 0.00362494
v -0.00000100 -0.01051957 0.00362494
v -0.00000100 -0.01029636 0.00364584
v -0.00000100 -0.01007252 0.00363324
v -0.00000100 -0.00985306 0.00358742
v -0.00000100 -0.00964289 0.00350940
v -0.00000100 -0.00944668 0.00340093
v -0.00000100 -0.00926884 0.00326443
v -0.00000100 -0.00911333 0.00310295
v -0.00000100 -0.00898362 0.00292009
v -0.00000100 -0.00888261 0.00271994
v -0.00000100 -0.00881256 0.00250698
v -0.00000100 -0.00877504 0.00228595
v -0.00000100 -0.00877087 0.00206180
v -0.00000100 -0.00880017 0.00183953
v -0.00000100 -0.00886226 0.00162411
v -0.00000100 -0.00895576 0.00142035
v -0.00000100 -0.00907859 0.00123280
v -0.00000100 -0.00922800 0.00106566
v -0.00000100 -0.00940065 0.00092264
v -0.00000100 -0.00959269 0.00080696
v -0.00000100 -0.00979983 0.00072120
v -0.00000100 -0.01001744 0.00066726
v -0.00000100 -0.01024065 0.00064636
v -0.00000100 -0.01046449 0.00065896
v -0.00000100 -0.01068394 0.00070478
v -0.00000100 -0.01089412 0.00078279
v -0.00000100 -0.01109032 0.00089126
v -0.00000100 -0.01126817 0.00102776
v -0.00000100 -0.01142368 0.00118925
v -0.00000100 -0.01155339 0.00137210
v -0.00000100 -0.01165440 0.00157225
v -0.00000100 -0.01172445 0.00178522
v -0.00000100 -0.01176197 0.00200625
v -0.00000100 -0.01176613 0.00223040
v -0.00000100 -0.01173684 0.00245267
v -0.00000100 -0.01167475 0.00266809
v -0.00000100 -0.01158124 0.00287185
v -0.00000100 -0.01145842 0.00305939
v -0.00000100 -0.01130901 0.00322654
v -0.00000100 -0.01113635 0.00336955
v -0.00000100 -0.01094431 0.00348523
v -0.00000100 0.00282190 -0.00854929
v -0.00900100 0.00282190 -0.00854929
v -0.00900100 0.00261477 -0.00863506
v -0.00900100 0.00242273 -0.00875074
v -0.00900100 0.00225007 -0.00889375
v -0.00900100 0.00210066 -0.00906090
v -0.00900100 0.00197783 -0.00924844
v -0.00900100 0.00188433 -0.00945220
v -0.00900100 0.00182224 -0.00966762
v -0.00900100 0.00179295 -0.00988989
v -0.00900100 0.00179711 -0.01011404
v -0.00900100 0.00183463 -0.01033507
v -0.00900100 0.00190468 -0.01054804
v -0.00900100 0.00200569 -0.01074818
v -0.00900100 0.00213540 -0.01093104
v -0.00900100 0.00229091 -0.01109253
v -0.00900100 0.00246875 -0.01122903
v -0.00900100 0.00266496 -0.01133750
v -0.00900100 0.00287514 -0.01141551
v -0.00900100 0.00309459 -0.01146133
v -0.00900100 0.00331843 -0.01147393
v -0.00900100 0.00354164 -0.01145303
v -0.00900100 0.00375925 -0.01139909
v -0.00900100 0.00396638 -0.01131333
v -0.00900100 0.00415842 -0.01119765
v -0.00900100 0.00433108 -0.01105463
v -0.00900100 0.00448049 -0.01088749
v -0.00900100 0.00460332 -0.01069994
v -0.00900100 0.00469682 -0.01049618
v -0.00900100 0.00475891 -0.01028076
v -0.00900100 0.00478820 -0.01005849
v -0.00900100 0.00478404 -0.00983434
v -0.00900100 0.00474652 -0.00961331
v -0.00900100 0.00467647 -0.00940035
v -0.00900100 0.00457546 -0.00920020
v -0.00900100 0.00444575 -0.00901734
v -0.00900100 0.00429024 -0.00885586
v -0.00900100 0.00411239 -0.00871936
v -0.00900100 0.00391619 -0.00861089
v -0.00900100 0.00370601 -0.00853287
v -0.00900100 0.00348656 -0.00848705
v -0.00900100 0.00326272 -0.00847445
v -0.00900100 0.00303951 -0.00849535
v -0.00000100 0.00303951 -0.00849535
v -0.00000100 0.00326272 -0.00847445
v -0.00000100 0.00348656 -0.00848705
v -0.00000100 0.00370601 -0.00853287
v -0.00000100 0.00391619 -0.00861089
v -0.00000100 0.00411239 -0.00871936
v -0.00000100 0.00429024 -0.00885586
v -0.00000100 0.00444575 -0.00901734
v -0.00000100 0.00457546 -0.00920020
v -0.00000100 0.00467647 -0.00940035
v -0.00000100 0.00474652 -0.00961331
v -0.00000100 0.00478404 -0.00983434
v -0.00000100 0.00478820 -0.01005849
v -0.00000100 0.00475891 -0.01028076
v -0.00000100 0.00469682 -0.01049618
v -0.00000100 0.00460332 -0.01069994
v -0.00000100 0.00448049 -0.01088749
v -0.00000100 0.00433108 -0.01105463
v -0.00000100 0.00415842 -0.01119765
v -0.00000100 0.00396638 -0.01131333
v -0.00000100 0.00375925 -0.01139909
v -0.00000100 0.00354164 -0.01145303
v -0.00000100 0.00331843 -0.01147393
v -0.00000100 0.00309459 -0.01146133
v -0.00000100 0.00287514 -0.01141551
v -0.00000100 0.00266496 -0.01133750
v -0.00000100 0.00246875 -0.01122903
v -0.00000100 0.00229091 -0.01109253
v -0.00000100 0.00213540 -0.01093104
v -0.00000100 0.00200569 -0.01074818
v -0.00000100 0.00190468 -0.01054804
v -0.00000100 0.00183463 -0.01033507
v -0.00000100 0.00179711 -0.01011404
v -0.00000100 0.00179295 -0.00988989
v -0.00000100 0.00182224 -0.00966762
v -0.00000100 0.00188433 -0.00945220
v -0.00000100 0.00197783 -0.00924844
v -0.00000100 0.00210066 -0.00906090
v -0.00000100 0.00225007 -0.00889375
v -0.00000100 0.00242273 -0.00875074
v -0.00000100 0.00261477 -0.00863506
v -0.00000100 -0.00745646 -0.00640331
v -0.00900100 -0.00745646 -0.00640331
v -0.00900100 -0.00766360 -0.00648908
v -0.00900100 -0.00785564 -0.00660476
v -0.00900100 -0.00802829 -0.00674777
v -0.00900100 -0.00817770 -0.00691492
v -0.00900100 -0.00830053 -0.00710247
v -0.00900100 -0.00839404 -0.00730623
v -0.00900100 -0.00845613 -0.00752165
v -0.00900100 -0.00848542 -0.00774392
v -0.00900100 -0.00848126 -0.00796807
v -0.00900100 -0.00844373 -0.00818910
v -0.00900100 -0.00837368 -0.00840206
v -0.00900100 -0.00827268 -0.00860221
v -0.00900100 -0.00814297 -0.00878507
v -0.00900100 -0.00798746 -0.00894655
v -0.00900100 -0.00780961 -0.00908305
v -0.00900100 -0.00761341 -0.00919152
v -0.00900100 -0.00740323 -0.00926954
v -0.00900100 -0.00718377 -0.00931536
v -0.00900100 -0.00695994 -0.00932796
v -0.00900100 -0.00673672 -0.00930705
v -0.00900100 -0.00651912 -0.00925312
v -0.00900100 -0.00631198 -0.00916735
v -0.00900100 -0.00611994 -0.00905167
v -0.00900100 -0.00594729 -0.00890866
v -0.00900100 -0.00579788 -0.00874151
v -0.00900100 -0.00567505 -0.00855396
v -0.00900100 -0.00558154 -0.00835020
v -0.00900100 -0.00551945 -0.00813478
v -0.00900100 -0.00549016 -0.00791252
v -0.00900100 -0.00549432 -0.00768836
v -0.00900100 -0.00553185 -0.00746734
v -0.00900100 -0.00560190 -0.00725437
v -0.00900100 -0.00570290 -0.00705422
v -0.00900100 -0.00583261 -0.00687136
v -0.00900100 -0.00598813 -0.00670988
v -0.00900100 -0.00616597 -0.00657338
v -0.00900100 -0.00636217 -0.00646491
v -0.00900100 -0.00657235 -0.00638689
v -0.00900100 -0.00679181 -0.00634107
v -0.00900100 -0.00701564 -0.00632847
v -0.00900100 -0.00723886 -0.00634938
v -0.00000100 -0.00723886 -0.00634938
v -0.00000100 -0.00701564 -0.00632847
v -0.00000100 -0.00679181 -0.00634107
v -0.00000100 -0.00657235 -0.00638689
v -0.00000100 -0.00636217 -0.00646491
v -0.00000100 -0.00616597 -0.00657338
v -0.00000100 -0.00598813 -0.00670988
v -0.00000100 -0.00583261 -0.00687136
v -0.00000100 -0.00570290 -0.00705422
v -0.00000100 -0.00560190 -0.00725437
v -0.00000100 -0.00553185 -0.00746734
v -0.00000100 -0.00549432 -0.00768836
v -0.00000100 -0.00549016 -0.00791252
v -0.00000100 -0.00551945 -0.00813478
v -0.00000100 -0.00558154 -0.00835020
v -0.00000100 -0.00567505 -0.00855396
v -0.00000100 -0.00579788 -0.00874151
v -0.00000100 -0.00594729 -0.00890866
v -0.00000100 -0.00611994 -0.00905167
v -0.00000100 -0.00631198 -0.00916735
v -0.00000100 -0.00651912 -0.00925312
v -0.00000100 -0.00673672 -0.00930705
v -0.00000100 -0.00695994 -0.00932796
v -0.00000100 -0.00718377 -0.00931536
v -0.00000100 -0.00740323 -0.00926954
v -0.00000100 -0.00761341 -0.00919152
v -0.00000100 -0.00780961 -0.00908305
v -0.00000100 -0.00798746 -0.00894655
v -0.00000100 -0.00814297 -0.00878507
v -0.00000100 -0.00827268 -0.00860221
v -0.00000100 -0.00837368 -0.00840206
v -0.00000100 -0.00844373 -0.00818910
v -0.00000100 -0.00848126 -0.00796807
v -0.00000100 -0.00848542 -0.00774392
v -0.00000100 -0.00845613 -0.00752165
v -0.00000100 -0.00839404 -0.00730623
v -0.00000100 -0.00830053 -0.00710247
v -0.00000100 -0.00817770 -0.00691492
v -0.00000100 -0.00802829 -0.00674777
v -0.00000100 -0.00785564 -0.00660476
v -0.00000100 -0.00766360 -0.00648908
v -0.00000100 -0.00373952 0.01139934
v -0.00900100 -0.00373952 0.01139934
v -0.00900100 -0.00394666 0.01131357
v -0.00900100 -0.00413870 0.01119789
v -0.00900100 -0.00431135 0.01105488
v -0.00900100 -0.00446076 0.01088773
v -0.00900100 -0.00458359 0.01070018
v -0.00900100 -0.00467710 0.01049642
v -0.00900100 -0.00473919 0.01028100
v -0.00900100 -0.00476848 0.01005873
v -0.00900100 -0.00476432 0.00983458
v -0.00900100 -0.00472679 0.00961356
v -0.00900100 -0.00465674 0.00940059
v -0.00900100 -0.00455574 0.00920044
v -0.00900100 -0.00442603 0.00901758
v -0.00900100 -0.00427052 0.00885610
v -0.00900100 -0.00409267 0.00871960
v -0.00900100 -0.00389647 0.00861113
v -0.00900100 -0.00368629 0.00853311
v -0.00900100 -0.00346683 0.00848729
v -0.00900100 -0.00324300 0.00847469
v -0.00900100 -0.00301978 0.00849560
v -0.00900100 -0.00280218 0.00854953
v -0.00900100 -0.00259504 0.00863530
v -0.00900100 -0.00240300 0.00875098
v -0.00900100 -0.00223035 0.00889399
v -0.00900100 -0.00208094 0.00906114
v -0.00900100 -0.00195811 0.00924869
v -0.00900100 -0.00186461 0.00945245
v -0.00900100 -0.00180251 0.00966787
v -0.00900100 -0.00177322 0.00989014
v -0.00900100 -0.00177739 0.01011429
v -0.00900100 -0.00181491 0.01033532
v -0.00900100 -0.00188496 0.01054828
v -0.00900100 -0.00198596 0.01074843
v -0.00900100 -0.00211567 0.01093129
v -0.00900100 -0.00227119 0.01109277
v -0.00900100 -0.00244903 0.01122927
v -0.00900100 -0.00264523 0.01133774
v -0.00900100 -0.00285541 0.01141576
v -0.00900100 -0.00307487 0.01146158
v -0.00900100 -0.00329871 0.01147418
v -0.00900100 -0.00352192 0.01145327
v -0.00000100 -0.00352192 0.01145327
v -0.00000100 -0.00329871 0.01147418
v -0.00000100 -0.00307487 0.01146158
v -0.00000100 -0.00285541 0.01141576
v -0.00000100 -0.00264523 0.01133774
v -0.00000100 -0.00244903 0.01122927
v -0.00000100 -0.00227119 0.01109277
v -0.00000100 -0.00211567 0.01093129
v -0.00000100 -0.00198596 0.01074843
v -0.00000100 -0.00188496 0.01054828
v -0.00000100 -0.00181491 0.01033532
v -0.00000100 -0.00177739 0.01011429
v -0.00000100 -0.00177322 0.00989014
v -0.00000100 -0.00180251 0.00966787
v -0.00000100 -0.00186461 0.00945245
v -0.00000100 -0.00195811 0.00924869
v -0.00000100 -0.00208094 0.00906114
v -0.00000100 -0.00223035 0.00889399
v -0.00000100 -0.00240300 0.00875098
v -0.00000100 -0.00259504 0.00863530
v -0.00000100 -0.00280218 0.00854953
v -0.00000100 -0.00301978 0.00849560
v -0.00000100 -0.00324300 0.00847469
v -0.00000100 -0.00346683 0.00848729
v -0.00000100 -0.00368629 0.00853311
v -0.00000100 -0.00389647 0.00861113
v -0.00000100 -0.00409267 0.00871960
v -0.00000100 -0.00427052 0.00885610
v -0.00000100 -0.00442603 0.00901758
v -0.00000100 -0.00455574 0.00920044
v -0.00000100 -0.00465674 0.00940059
v -0.00000100 -0.00472679 0.00961356
v -0.00000100 -0.00476432 0.00983458
v -0.00000100 -0.00476848 0.01005873
v -0.00000100 -0.00473919 0.01028100
v -0.00000100 -0.00467710 0.01049642
v -0.00000100 -0.00458359 0.01070018
v -0.00000100 -0.00446076 0.01088773
v -0.00000100 -0.00431135 0.01105488
v -0.00000100 -0.00413870 0.01119789
v -0.00000100 -0.00394666 0.01131357
v -0.00000100 0.00981955 -0.00072095
v -0.00900100 0.00981955 -0.00072095
v -0.00900100 0.00961242 -0.00080672
v -0.00900100 0.00942038 -0.00092240
v -0.00900100 0.00924773 -0.00106541
v -0.00900100 0.00909831 -0.00123256
v -0.00900100 0.00897549 -0.00142011
v -0.00900100 0.00888198 -0.00162387
v -0.00900100 0.00881989 -0.00183929
v -0.00900100 0.00879060 -0.00206155
v -0.00900100 0.00879476 -0.00228571
v -0.00900100 0.00883229 -0.00250673
v -0.00900100 0.00890233 -0.00271970
v -0.00900100 0.00900334 -0.00291985
v -0.00900100 0.00913305 -0.00310270
v -0.00900100 0.00928856 -0.00326419
v -0.00900100 0.00946641 -0.00340069
v -0.00900100 0.00966261 -0.00350916
v -0.00900100 0.00987279 -0.00358718
v -0.00900100 0.01009225 -0.00363300
v -0.00900100 0.01031608 -0.00364560
v -0.00900100 0.01053929 -0.00362469
v -0.00900100 0.01075690 -0.00357076
v -0.00900100 0.01096404 -0.00348499
v -0.00900100 0.01115608 -0.00336931
v -0.00900100 0.01132873 -0.00322630
v -0.00900100 0.01147814 -0.00305915
v -0.00900100 0.01160097 -0.00287160
v -0.00900100 0.01169447 -0.00266784
v -0.00900100 0.01175656 -0.00245242
v -0.00900100 0.01178586 -0.00223015
v -0.00900100 0.01178169 -0.00200600
v -0.00900100 0.01174417 -0.00178497
v -0.00900100 0.01167412 -0.00157201
v -0.00900100 0.01157311 -0.00137186
v -0.00900100 0.01144340 -0.00118900
v -0.00900100 0.01128789 -0.00102752
v -0.00900100 0.01111005 -0.00089102
v -0.00900100 0.01091384 -0.00078255
v -0.00900100 0.01070367 -0.00070453
v -0.00900100 0.01048421 -0.00065871
v -0.00900100 0.01026037 -0.00064611
v -0.00900100 0.01003716 -0.00066701
v -0.00000100 0.01003716 -0.00066701
v -0.00000100 0.01026037 -0.00064611
v -0.00000100 0.01048421 -0.00065871
v -0.00000100 0.01070367 -0.00070453
v -0.00000100 0.01091384 -0.00078255
v -0.00000100 0.01111005 -0.00089102
v -0.00000100 0.01128789 -0.00102752
v -0.00000100 0.01144340 -0.00118900
v -0.00000100 0.01157311 -0.00137186
v -0.00000100 0.01167412 -0.00157201
v -0.00000100 0.01174417 -0.00178497
v -0.00000100 0.01178169 -0.00200600
v -0.00000100 0.01178586 -0.00223015
v -0.00000100 0.01175656 -0.00245242
v -0.00000100 0.01169447 -0.00266784
v -0.00000100 0.01160097 -0.00287160
v -0.00000100 0.01147814 -0.00305915
v -0.00000100 0.01132873 -0.00322630
v -0.00000100 0.01115608 -0.00336931
v -0.00000100 0.01096404 -0.00348499
v -0.00000100 0.01075690 -0.00357076
v -0.00000100 0.01053929 -0.00362469
v -0.00000100 0.01031608 -0.00364560
v -0.00000100 0.01009225 -0.00363300
v -0.00000100 0.00987279 -0.00358718
v -0.00000100 0.00966261 -0.00350916
v -0.00000100 0.00946641 -0.00340069
v -0.00000100 0.00928856 -0.00326419
v -0.00000100 0.00913305 -0.00310270
v -0.00000100 0.00900334 -0.00291985
v -0.00000100 0.00890233 -0.00271970
v -0.00000100 0.00883229 -0.00250673
v -0.00000100 0.00879476 -0.00228571
v -0.00000100 0.00879060 -0.00206155
v -0.00000100 0.00881989 -0.00183929
v -0.00000100 0.00888198 -0.00162387
v -0.00000100 0.00897549 -0.00142011
v -0.00000100 0.00909831 -0.00123256
v -0.00000100 0.00924773 -0.00106541
v -0.00000100 0.00942038 -0.00092240
v -0.00000100 0.00961242 -0.00080672
v -0.00000100 0.00000932 0.01400012
v -0.00000100 -0.00207727 0.01384367
v -0.00000100 -0.00411723 0.01337798
v -0.00000100 -0.00606500 0.01261345
v -0.00000100 -0.00787707 0.01156716
v -0.00000100 -0.00951295 0.01026248
v -0.00000100 -0.01093612 0.00872856
v -0.00000100 -0.01211476 0.00699965
v -0.00000100 -0.01302257 0.00511439
v -0.00000100 -0.01363925 0.00311489
v -0.00000100 -0.01395103 0.00104580
v -0.00000100 -0.01395095 -0.00104664
v -0.00000100 -0.01363901 -0.00311570
v -0.00000100 -0.01302217 -0.00511516
v -0.00000100 -0.01211422 -0.00700035
v -0.00000100 -0.01093544 -0.00872916
v -0.00000100 -0.00951216 -0.01026297
v -0.00000100 -0.00787617 -0.01156753
v -0.00000100 -0.00606402 -0.01261368
v -0.00000100 -0.00411619 -0.01337806
v -0.00000100 -0.00207619 -0.01384359
v -0.00000100 0.00001040 -0.01399988
v -0.00000100 0.00209699 -0.01384343
v -0.00000100 0.00413695 -0.01337774
v -0.00000100 0.00608472 -0.01261321
v -0.00000100 0.00789679 -0.01156692
v -0.00000100 0.00953268 -0.01026224
v -0.00000100 0.01095584 -0.00872831
v -0.00000100 0.01213449 -0.00699941
v -0.00000100 0.01304229 -0.00511415
v -0.00000100 0.01365897 -0.00311464
v -0.00000100 0.01397076 -0.00104556
v -0.00000100 0.01397067 0.00104688
v -0.00000100 0.01365873 0.00311594
v -0.00000100 0.01304190 0.00511540
v -0.00000100 0.01213395 0.00700059
v -0.00000100 0.01095516 0.00872940
v -0.00000100 0.00953188 0.01026322
v -0.00000100 0.00789589 0.01156777
v -0.00000100 0.00608375 0.01261392
v -0.00000100 0.00413592 0.01337830
v -0.00000100 0.00209592 0.01384383
v -0.00400100 0.00000932 0.01400012
v -0.00400100 0.00209592 0.01384383
v -0.00400100 0.00413592 0.01337830
v -0.00400100 0.00608375 0.01261392
v -0.00400100 0.00789589 0.01156777
v -0.00400100 0.00953188 0.01026322
v -0.00400100 0.01095516 0.00872940
v -0.00400100 0.01213395 0.00700059
v -0.00400100 0.01304190 0.00511540
v -0.00400100 0.01365873 0.00311594
v -0.00400100 0.01397067 0.00104688
v -0.00400100 0.01397076 -0.00104556
v -0.00400100 0.01365897 -0.00311464
v -0.00400100 0.01304229 -0.00511415
v -0.00400100 0.01213449 -0.00699941
v -0.00400100 0.01095584 -0.00872831
v -0.00400100 0.00953268 -0.01026224
v -0.00400100 0.00789679 -0.01156692
v -0.00400100 0.00608472 -0.01261321
v -0.00400100 0.00413695 -0.01337774
v -0.00400100 0.00209699 -0.01384343
v -0.00400100 0.00001040 -0.01399988
v -0.00400100 -0.00207619 -0.01384359
v -0.00400100 -0.00411619 -0.01337806
v -0.00400100 -0.00606402 -0.01261368
v -0.00400100 -0.00787617 -0.01156753
v -0.00400100 -0.00951216 -0.01026297
v -0.00400100 -0.01093544 -0.00872916
v -0.00400100 -0.01211422 -0.00700035
v -0.00400100 -0.01302217 -0.00511516
v -0.00400100 -0.01363901 -0.00311570
v -0.00400100 -0.01395095 -0.00104664
v -0.00400100 -0.01395103 0.00104580
v -0.00400100 -0.01363925 0.00311489
v -0.00400100 -0.01302257 0.00511439
v -0.00400100 -0.01211476 0.00699965
v -0.00400100 -0.01093612 0.00872856
v -0.00400100 -0.00951295 0.01026248
v -0.00400100 -0.00787707 0.01156716
v -0.00400100 -0.00606500 0.01261345
v -0.00400100 -0.00411723 0.01337798
v -0.00400100 -0.00207727 0.01384367
v -0.00000100 0.00001009 -0.00599988
v -0.00000100 -0.00088416 -0.00593290
v -0.00000100 -0.00175845 -0.00573338
v -0.00000100 -0.00259323 -0.00540579
v -0.00000100 -0.00336987 -0.00495744
v -0.00000100 -0.00407100 -0.00439835
v -0.00000100 -0.00468098 -0.00374100
v -0.00000100 -0.00518617 -0.00300008
v -0.00000100 -0.00557530 -0.00219214
v -0.00000100 -0.00583965 -0.00133523
v -0.00000100 -0.00597334 -0.00044849
v -0.00000100 -0.00597338 0.00044827
v -0.00000100 -0.00583976 0.00133502
v -0.00000100 -0.00557547 0.00219195
v -0.00000100 -0.00518641 0.00299992
v -0.00000100 -0.00468127 0.00374088
v -0.00000100 -0.00407134 0.00439828
v -0.00000100 -0.00337025 0.00495742
v -0.00000100 -0.00259365 0.00540583
v -0.00000100 -0.00175889 0.00573349
v -0.00000100 -0.00088462 0.00593307
v -0.00000100 0.00000963 0.00600012
v -0.00000100 0.00090389 0.00593314
v -0.00000100 0.00177817 0.00573363
v -0.00000100 0.00261296 0.00540604
v -0.00000100 0.00338959 0.00495769
v -0.00000100 0.00409073 0.00439859
v -0.00000100 0.00470071 0.00374124
v -0.00000100 0.00520590 0.00300032
v -0.00000100 0.00559502 0.00219238
v -0.00000100 0.00585938 0.00133547
v -0.00000100 0.00599307 0.00044873
v -0.00000100 0.00599310 -0.00044803
v -0.00000100 0.00585948 -0.00133478
v -0.00000100 0.00559519 -0.00219171
v -0.00000100 0.00520613 -0.00299968
v -0.00000100 0.00470100 -0.00374064
v -0.00000100 0.00409107 -0.00439803
v -0.00000100 0.00338997 -0.00495718
v -0.00000100 0.00261337 -0.00540559
v -0.00000100 0.00177861 -0.00573325
v -0.00000100 0.00090434 -0.00593283
v -0.00950100 0.00882340 -0.02335971
v -0.00400100 0.00882340 -0.02335971
v -0.00400100 0.00873272 -0.02358098
v -0.00400100 0.00861007 -0.02378627
v -0.00400100 0.00845820 -0.02397099
v -0.00400100 0.00828050 -0.02413101
v -0.00400100 0.00808092 -0.02426276
v -0.00400100 0.00786394 -0.02436329
v -0.00400100 0.00763441 -0.02443036
v -0.00400100 0.00739744 -0.02446247
v -0.00400100 0.00715833 -0.02445890
v -0.00400100 0.00692242 -0.02441974
v -0.00400100 0.00669498 -0.02434585
v -0.00400100 0.00648110 -0.02423889
v -0.00400100 0.00628555 -0.02410124
v -0.00400100 0.00611270 -0.02393599
v -0.00400100 0.00596640 -0.02374683
v -0.00400100 0.00584994 -0.02353797
v -0.00400100 0.00576590 -0.02331408
v -0.00400100 0.00571618 -0.02308017
v -0.00400100 0.00570186 -0.02284147
v -0.00400100 0.00572329 -0.02260329
v -0.00400100 0.00577998 -0.02237097
v -0.00400100 0.00587066 -0.02214969
v -0.00400100 0.00599330 -0.02194440
v -0.00400100 0.00614517 -0.02175968
v -0.00400100 0.00632288 -0.02159966
v -0.00400100 0.00652245 -0.02146792
v -0.00400100 0.00673943 -0.02136738
v -0.00400100 0.00696897 -0.02130032
v -0.00400100 0.00720594 -0.02126821
v -0.00400100 0.00744505 -0.02127177
v -0.00400100 0.00768096 -0.02131094
v -0.00400100 0.00790839 -0.02138483
v -0.00400100 0.00812227 -0.02149179
v -0.00400100 0.00831782 -0.02162943
v -0.00400100 0.00849068 -0.02179468
v -0.00400100 0.00863697 -0.02198385
v -0.00400100 0.00875344 -0.02219271
v -0.00400100 0.00883747 -0.02241660
v -0.00400100 0.00888720 -0.02265050
v -0.00400100 0.00890151 -0.02288921
v -0.00400100 0.00888008 -0.02312739
v -0.00950100 0.00888008 -0.02312739
v -0.00950100 0.00890151 -0.02288921
v -0.00950100 0.00888720 -0.02265050
v -0.00950100 0.00883747 -0.02241660
v -0.00950100 0.00875344 -0.02219271
v -0.00950100 0.00863697 -0.02198385
v -0.00950100 0.00849068 -0.02179468
v -0.00950100 0.00831782 -0.02162943
v -0.00950100 0.00812227 -0.02149179
v -0.00950100 0.00790839 -0.02138483
v -0.00950100 0.00768096 -0.02131094
v -0.00950100 0.00744505 -0.02127177
v -0.00950100 0.00720594 -0.02126821
v -0.00950100 0.00696897 -0.02130032
v -0.00950100 0.00673943 -0.02136738
v -0.00950100 0.00652245 -0.02146792
v -0.00950100 0.00632288 -0.02159966
v -0.00950100 0.00614517 -0.02175968
v -0.00950100 0.00599330 -0.02194440
v -0.00950100 0.00587066 -0.02214969
v -0.00950100 0.00577998 -0.02237097
v -0.00950100 0.00572329 -0.02260329
v -0.00950100 0.00570186 -0.02284147
v -0.00950100 0.00571618 -0.02308017
v -0.00950100 0.00576590 -0.02331408
v -0.00950100 0.00584994 -0.02353797
v -0.00950100 0.00596640 -0.02374683
v -0.00950100 0.00611270 -0.02393599
v -0.00950100 0.00628555 -0.02410124
v -0.00950100 0.00648110 -0.02423889
v -0.00950100 0.00669498 -0.02434585
v -0.00950100 0.00692242 -0.02441974
v -0.00950100 0.00715833 -0.02445890
v -0.00950100 0.00739744 -0.02446247
v -0.00950100 0.00763441 -0.02443036
v -0.00950100 0.00786394 -0.02436329
v -0.00950100 0.00808092 -0.02426276
v -0.00950100 0.00828050 -0.02413101
v -0.00950100 0.00845820 -0.02397099
v -0.00950100 0.00861007 -0.02378627
v -0.00950100 0.00873272 -0.02358098
v -0.00950100 0.02494991 0.00116371
v -0.00400100 0.02494991 0.00116371
v -0.00400100 0.02513234 0.00100909
v -0.00400100 0.02528968 0.00082901
v -0.00400100 0.02541843 0.00062749
v -0.00400100 0.02551570 0.00040903
v -0.00400100 0.02557933 0.00017851
v -0.00400100 0.02560789 -0.00005891
v -0.00400100 0.02560075 -0.00029794
v -0.00400100 0.02555806 -0.00053324
v -0.00400100 0.02548077 -0.00075954
v -0.00400100 0.02537063 -0.00097180
v -0.00400100 0.02523007 -0.00116527
v -0.00400100 0.02506225 -0.00133563
v -0.00400100 0.02487092 -0.00147908
v -0.00400100 0.02466034 -0.00159240
v -0.00400100 0.02443522 -0.00167308
v -0.00400100 0.02420060 -0.00171930
v -0.00400100 0.02396170 -0.00173004
v -0.00400100 0.02372387 -0.00170505
v -0.00400100 0.02349243 -0.00164490
v -0.00400100 0.02327253 -0.00155092
v -0.00400100 0.02306910 -0.00142522
v -0.00400100 0.02288667 -0.00127060
v -0.00400100 0.02272933 -0.00109052
v -0.00400100 0.02260058 -0.00088900
v -0.00400100 0.02250331 -0.00067054
v -0.00400100 0.02243968 -0.00044003
v -0.00400100 0.02241112 -0.00020260
v -0.00400100 0.02241826 0.00003643
v -0.00400100 0.02246095 0.00027172
v -0.00400100 0.02253824 0.00049803
v -0.00400100 0.02264838 0.00071029
v -0.00400100 0.02278894 0.00090376
v -0.00400100 0.02295676 0.00107412
v -0.00400100 0.02314809 0.00121756
v -0.00400100 0.02335867 0.00133089
v -0.00400100 0.02358379 0.00141157
v -0.00400100 0.02381841 0.00145779
v -0.00400100 0.02405731 0.00146853
v -0.00400100 0.02429514 0.00144354
v -0.00400100 0.02452658 0.00138339
v -0.00400100 0.02474648 0.00128941
v -0.00950100 0.02474648 0.00128941
v -0.00950100 0.02452658 0.00138339
v -0.00950100 0.02429514 0.00144354
v -0.00950100 0.02405731 0.00146853
v -0.00950100 0.02381841 0.00145779
v -0.00950100 0.02358379 0.00141157
v -0.00950100 0.02335867 0.00133089
v -0.00950100 0.02314809 0.00121756
v -0.00950100 0.02295676 0.00107412
v -0.00950100 0.02278894 0.00090376
v -0.00950100 0.02264838 0.00071029
v -0.00950100 0.02253824 0.00049803
v -0.00950100 0.02246095 0.00027172
v -0.00950100 0.02241826 0.00003643
v -0.00950100 0.02241112 -0.00020260
v -0.00950100 0.02243968 -0.00044003
v -0.00950100 0.02250331 -0.00067054
v -0.00950100 0.02260058 -0.00088900
v -0.00950100 0.02272933 -0.00109052
v -0.00950100 0.02288667 -0.00127060
v -0.00950100 0.02306910 -0.00142522
v -0.00950100 0.02327253 -0.00155092
v -0.00950100 0.02349243 -0.00164490
v -0.00950100 0.02372387 -0.00170505
v -0.00950100 0.02396170 -0.00173004
v -0.00950100 0.02420060 -0.00171930
v -0.00950100 0.02443522 -0.00167308
v -0.00950100 0.02466034 -0.00159240
v -0.00950100 0.02487092 -0.00147908
v -0.00950100 0.02506225 -0.00133563
v -0.00950100 0.02523007 -0.00116527
v -0.00950100 0.02537063 -0.00097180
v -0.00950100 0.02548077 -0.00075954
v -0.00950100 0.02555806 -0.00053324
v -0.00950100 0.02560075 -0.00029794
v -0.00950100 0.02560789 -0.00005891
v -0.00950100 0.02557933 0.00017851
v -0.00950100 0.02551570 0.00040903
v -0.00950100 0.02541843 0.00062749
v -0.00950100 0.02528968 0.00082901
v -0.00950100 0.02513234 0.00100909
v -0.00950100 0.00661013 0.02407909
v -0.00400100 0.00661013 0.02407909
v -0.00400100 0.00681355 0.02420480
v -0.00400100 0.00703344 0.02429880
v -0.00400100 0.00726488 0.02435897
v -0.00400100 0.00750270 0.02438398
v -0.00400100 0.00774160 0.02437326
v -0.00400100 0.00797623 0.02432705
v -0.00400100 0.00820135 0.02424639
v -0.00400100 0.00841194 0.02413308
v -0.00400100 0.00860329 0.02398965
v -0.00400100 0.00877112 0.02381930
v -0.00400100 0.00891169 0.02362584
v -0.00400100 0.00902185 0.02341359
v -0.00400100 0.00909915 0.02318729
v -0.00400100 0.00914186 0.02295200
v -0.00400100 0.00914902 0.02271297
v -0.00400100 0.00912048 0.02247555
v -0.00400100 0.00905687 0.02224503
v -0.00400100 0.00895961 0.02202656
v -0.00400100 0.00883088 0.02182503
v -0.00400100 0.00867355 0.02164494
v -0.00400100 0.00849114 0.02149030
v -0.00400100 0.00828771 0.02136459
v -0.00400100 0.00806783 0.02127059
v -0.00400100 0.00783638 0.02121042
v -0.00400100 0.00759856 0.02118541
v -0.00400100 0.00735966 0.02119613
v -0.00400100 0.00712503 0.02124234
v -0.00400100 0.00689991 0.02132300
v -0.00400100 0.00668932 0.02143631
v -0.00400100 0.00649798 0.02157974
v -0.00400100 0.00633014 0.02175009
v -0.00400100 0.00618958 0.02194355
v -0.00400100 0.00607941 0.02215580
v -0.00400100 0.00600211 0.02238210
v -0.00400100 0.00595940 0.02261739
v -0.00400100 0.00595224 0.02285642
v -0.00400100 0.00598078 0.02309384
v -0.00400100 0.00604439 0.02332436
v -0.00400100 0.00614165 0.02354283
v -0.00400100 0.00627038 0.02374436
v -0.00400100 0.00642771 0.02392445
v -0.00950100 0.00642771 0.02392445
v -0.00950100 0.00627038 0.02374436
v -0.00950100 0.00614165 0.02354283
v -0.00950100 0.00604439 0.02332436
v -0.00950100 0.00598078 0.02309384
v -0.00950100 0.00595224 0.02285642
v -0.00950100 0.00595940 0.02261739
v -0.00950100 0.00600211 0.02238210
v -0.00950100 0.00607941 0.02215580
v -0.00950100 0.00618958 0.02194355
v -0.00950100 0.00633014 0.02175009
v -0.00950100 0.00649798 0.02157974
v -0.00950100 0.00668932 0.02143631
v -0.00950100 0.00689991 0.02132300
v -0.00950100 0.00712503 0.02124234
v -0.00950100 0.00735966 0.02119613
v -0.00950100 0.00759856 0.02118541
v -0.00950100 0.00783638 0.02121042
v -0.00950100 0.00806783 0.02127059
v -0.00950100 0.00828771 0.02136459
v -0.00950100 0.00849114 0.02149030
v -0.00950100 0.00867355 0.02164494
v -0.00950100 0.00883088 0.02182503
v -0.00950100 0.00895961 0.02202656
v -0.00950100 0.00905687 0.02224503
v -0.00950100 0.00912048 0.02247555
v -0.00950100 0.00914902 0.02271297
v -0.00950100 0.00914186 0.02295200
v -0.00950100 0.00909915 0.02318729
v -0.00950100 0.00902185 0.02341359
v -0.00950100 0.00891169 0.02362584
v -0.00950100 0.00877112 0.02381930
v -0.00950100 0.00860329 0.02398965
v -0.00950100 0.00841194 0.02413308
v -0.00950100 0.00820135 0.02424639
v -0.00950100 0.00797623 0.02432705
v -0.00950100 0.00774160 0.02437326
v -0.00950100 0.00750270 0.02438398
v -0.00950100 0.00726488 0.02435897
v -0.00950100 0.00703344 0.02429880
v -0.00950100 0.00681355 0.02420480
v -0.00950100 -0.02085100 0.01371816
v -0.00400100 -0.02085100 0.01371816
v -0.00400100 -0.02090770 0.01395047
v -0.00400100 -0.02092915 0.01418864
v -0.00400100 -0.02091486 0.01442735
v -0.00400100 -0.02086515 0.01466126
v -0.00400100 -0.02078113 0.01488516
v -0.00400100 -0.02066468 0.01509402
v -0.00400100 -0.02051840 0.01528320
v -0.00400100 -0.02034556 0.01544847
v -0.00400100 -0.02015002 0.01558613
v -0.00400100 -0.01993615 0.01569310
v -0.00400100 -0.01970872 0.01576701
v -0.00400100 -0.01947281 0.01580619
v -0.00400100 -0.01923370 0.01580978
v -0.00400100 -0.01899673 0.01577769
v -0.00400100 -0.01876719 0.01571064
v -0.00400100 -0.01855020 0.01561012
v -0.00400100 -0.01835062 0.01547839
v -0.00400100 -0.01817290 0.01531839
v -0.00400100 -0.01802101 0.01513368
v -0.00400100 -0.01789835 0.01492840
v -0.00400100 -0.01780766 0.01470713
v -0.00400100 -0.01775095 0.01447481
v -0.00400100 -0.01772951 0.01423664
v -0.00400100 -0.01774380 0.01399793
v -0.00400100 -0.01779351 0.01376402
v -0.00400100 -0.01787753 0.01354013
v -0.00400100 -0.01799398 0.01333126
v -0.00400100 -0.01814026 0.01314208
v -0.00400100 -0.01831310 0.01297681
v -0.00400100 -0.01850864 0.01283915
v -0.00400100 -0.01872251 0.01273218
v -0.00400100 -0.01894994 0.01265827
v -0.00400100 -0.01918584 0.01261909
v -0.00400100 -0.01942495 0.01261550
v -0.00400100 -0.01966193 0.01264759
v -0.00400100 -0.01989147 0.01271464
v -0.00400100 -0.02010846 0.01281516
v -0.00400100 -0.02030804 0.01294689
v -0.00400100 -0.02048576 0.01310690
v -0.00400100 -0.02063765 0.01329160
v -0.00400100 -0.02076030 0.01349688
v -0.00950100 -0.02076030 0.01349688
v -0.00950100 -0.02063765 0.01329160
v -0.00950100 -0.02048576 0.01310690
v -0.00950100 -0.02030804 0.01294689
v -0.00950100 -0.02010846 0.01281516
v -0.00950100 -0.01989147 0.01271464
v -0.00950100 -0.01966193 0.01264759
v -0.00950100 -0.01942495 0.01261550
v -0.00950100 -0.01918584 0.01261909
v -0.00950100 -0.01894994 0.01265827
v -0.00950100 -0.01872251 0.01273218
v -0.00950100 -0.01850864 0.01283915
v -0.00950100 -0.01831310 0.01297681
v -0.00950100 -0.01814026 0.01314208
v -0.00950100 -0.01799398 0.01333126
v -0.00950100 -0.01787753 0.01354013
v -0.00950100 -0.01779351 0.01376402
v -0.00950100 -0.01774380 0.01399793
v -0.00950100 -0.01772951 0.01423664
v -0.00950100 -0.01775095 0.01447481
v -0.00950100 -0.01780766 0.01470713
v -0.00950100 -0.01789835 0.01492840
v -0.00950100 -0.01802101 0.01513368
v -0.00950100 -0.01817290 0.01531839
v -0.00950100 -0.01835062 0.01547839
v -0.00950100 -0.01855020 0.01561012
v -0.00950100 -0.01876719 0.01571064
v -0.00950100 -0.01899673 0.01577769
v -0.00950100 -0.01923370 0.01580978
v -0.00950100 -0.01947281 0.01580619
v -0.00950100 -0.01970872 0.01576701
v -0.00950100 -0.01993615 0.01569310
v -0.00950100 -0.02015002 0.01558613
v -0.00950100 -0.02034556 0.01544847
v -0.00950100 -0.02051840 0.01528320
v -0.00950100 -0.02066468 0.01509402
v -0.00950100 -0.02078113 0.01488516
v -0.00950100 -0.02086515 0.01466126
v -0.00950100 -0.02091486 0.01442735
v -0.00950100 -0.02092915 0.01418864
v -0.00950100 -0.02090770 0.01395047
v -0.00950100 -0.01948312 -0.01560063
v -0.00400100 -0.01948312 -0.01560063
v -0.00400100 -0.01972159 -0.01558277
v -0.00400100 -0.01995474 -0.01552957
v -0.00400100 -0.02017734 -0.01544221
v -0.00400100 -0.02038445 -0.01532265
v -0.00400100 -0.02057142 -0.01517356
v -0.00400100 -0.02073408 -0.01499826
v -0.00400100 -0.02086880 -0.01480069
v -0.00400100 -0.02097256 -0.01458524
v -0.00400100 -0.02104306 -0.01435673
v -0.00400100 -0.02107871 -0.01412026
v -0.00400100 -0.02107872 -0.01388113
v -0.00400100 -0.02104308 -0.01364466
v -0.00400100 -0.02097261 -0.01341614
v -0.00400100 -0.02086886 -0.01320069
v -0.00400100 -0.02073415 -0.01300310
v -0.00400100 -0.02057151 -0.01282779
v -0.00400100 -0.02038455 -0.01267868
v -0.00400100 -0.02017746 -0.01255911
v -0.00400100 -0.01995485 -0.01247173
v -0.00400100 -0.01972171 -0.01241851
v -0.00400100 -0.01948325 -0.01240063
v -0.00400100 -0.01924478 -0.01241849
v -0.00400100 -0.01901164 -0.01247170
v -0.00400100 -0.01878903 -0.01255905
v -0.00400100 -0.01858192 -0.01267861
v -0.00400100 -0.01839495 -0.01282771
v -0.00400100 -0.01823229 -0.01300300
v -0.00400100 -0.01809758 -0.01320058
v -0.00400100 -0.01799381 -0.01341603
v -0.00400100 -0.01792331 -0.01364454
v -0.00400100 -0.01788766 -0.01388100
v -0.00400100 -0.01788765 -0.01412014
v -0.00400100 -0.01792329 -0.01435661
v -0.00400100 -0.01799376 -0.01458512
v -0.00400100 -0.01809751 -0.01480058
v -0.00400100 -0.01823222 -0.01499817
v -0.00400100 -0.01839486 -0.01517347
v -0.00400100 -0.01858182 -0.01532258
v -0.00400100 -0.01878892 -0.01544215
v -0.00400100 -0.01901152 -0.01552953
v -0.00400100 -0.01924466 -0.01558275
v -0.00950100 -0.01924466 -0.01558275
v -0.00950100 -0.01901152 -0.01552953
v -0.00950100 -0.01878892 -0.01544215
v -0.00950100 -0.01858182 -0.01532258
v -0.00950100 -0.01839486 -0.01517347
v -0.00950100 -0.01823222 -0.01499817
v -0.00950100 -0.01809751 -0.01480058
v -0.00950100 -0.01799376 -0.01458512
v -0.00950100 -0.01792329 -0.01435661
v -0.00950100 -0.01788765 -0.01412014
v -0.00950100 -0.01788766 -0.01388100
v -0.00950100 -0.01792331 -0.01364454
v -0.00950100 -0.01799381 -0.01341603
v -0.00950100 -0.01809758 -0.01320058
v -0.00950100 -0.01823229 -0.01300300
v -0.00950100 -0.01839495 -0.01282771
v -0.00950100 -0.01858192 -0.01267861
v -0.00950100 -0.01878903 -0.01255905
v -0.00950100 -0.01901164 -0.01247170
v -0.00950100 -0.01924478 -0.01241849
v -0.00950100 -0.01948325 -0.01240063
v -0.00950100 -0.01972171 -0.01241851
v -0.00950100 -0.01995485 -0.01247173
v -0.00950100 -0.02017746 -0.01255911
v -0.00950100 -0.02038455 -0.01267868
v -0.00950100 -0.02057151 -0.01282779
v -0.00950100 -0.02073415 -0.01300310
v -0.00950100 -0.02086886 -0.01320069
v -0.00950100 -0.02097261 -0.01341614
v -0.00950100 -0.02104308 -0.01364466
v -0.00950100 -0.02107872 -0.01388113
v -0.00950100 -0.02107871 -0.01412026
v -0.00950100 -0.02104306 -0.01435673
v -0.00950100 -0.02097256 -0.01458524
v -0.00950100 -0.02086880 -0.01480069
v -0.00950100 -0.02073408 -0.01499826
v -0.00950100 -0.02057142 -0.01517356
v -0.00950100 -0.02038445 -0.01532265
v -0.00950100 -0.02017734 -0.01544221
v -0.00950100 -0.01995474 -0.01552957
v -0.00950100 -0.01972159 -0.01558277
v -0.00525100 0.00198044 -0.02381258
v -0.00526348 0.00192011 -0.02399602
v -0.00530072 0.00186078 -0.02417642
v -0.00536210 0.00180345 -0.02435076
v -0.00544659 0.00174906 -0.02451614
v -0.00555280 0.00169852 -0.02466981
v -0.00567894 0.00165267 -0.02480921
v -0.00582293 0.00161228 -0.02493203
v -0.00598237 0.00157802 -0.02503621
v -0.00615460 0.00155045 -0.02512003
v -0.00633675 0.00153004 -0.02518209
v -0.00652580 0.00151713 -0.02522136
v -0.00671860 0.00151193 -0.02523717
v -0.00691193 0.00151452 -0.02522928
v -0.00710259 0.00152487 -0.02519781
v -0.00728740 0.00154281 -0.02514328
v -0.00746327 0.00156802 -0.02506661
v -0.00762730 0.00160010 -0.02496906
v -0.00777674 0.00163851 -0.02485227
v -0.00790910 0.00168261 -0.02471817
v -0.00802220 0.00173167 -0.02456900
v -0.00811413 0.00178487 -0.02440724
v -0.00818338 0.00184132 -0.02423558
v -0.00822879 0.00190009 -0.02405689
v -0.00824960 0.00196020 -0.02387412
v -0.00824547 0.00202064 -0.02369034
v -0.00821646 0.00208042 -0.02350858
v -0.00816307 0.00213853 -0.02333189
v -0.00808618 0.00219400 -0.02316319
v -0.00798706 0.00224593 -0.02300531
v -0.00786737 0.00229343 -0.02286086
v -0.00772910 0.00233573 -0.02273225
v -0.00757455 0.00237211 -0.02262162
v -0.00740629 0.00240198 -0.02253081
v -0.00722713 0.00242483 -0.02246134
v -0.00704004 0.00244028 -0.02241435
v -0.00684814 0.00244808 -0.02239064
v -0.00665463 0.00244809 -0.02239059
v -0.00646272 0.00244033 -0.02241421
v -0.00627561 0.00242490 -0.02246110
v -0.00609640 0.00240208 -0.02253049
v -0.00592810 0.00237225 -0.02262121
v -0.00577349 0.00233589 -0.02273177
v -0.00563515 0.00229362 -0.02286031
v -0.00551538 0.00224613 -0.02300470
v -0.00541618 0.00219422 -0.02316254
v -0.00533919 0.00213875 -0.02333119
v -0.00528570 0.00208065 -0.02350786
v -0.00525970 0.00203084 -0.02365933
v -0.00525100 -0.01559701 -0.01810169
v -0.00526775 -0.01552793 -0.01788907
v -0.00531764 -0.01546039 -0.01768120
v -0.00539954 -0.01539590 -0.01748272
v -0.00551164 -0.01533591 -0.01729806
v -0.00565142 -0.01528175 -0.01713136
v -0.00581576 -0.01523463 -0.01698634
v -0.00600100 -0.01519561 -0.01686623
v -0.00620299 -0.01516555 -0.01677371
v -0.00641722 -0.01514513 -0.01671087
v -0.00663890 -0.01513480 -0.01667909
v -0.00686309 -0.01513480 -0.01667909
v -0.00708478 -0.01514513 -0.01671087
v -0.00729901 -0.01516555 -0.01677371
v -0.00750100 -0.01519561 -0.01686623
v -0.00768623 -0.01523463 -0.01698634
v -0.00785058 -0.01528175 -0.01713136
v -0.00799036 -0.01533591 -0.01729806
v -0.00810245 -0.01539590 -0.01748272
v -0.00818436 -0.01546039 -0.01768120
v -0.00823424 -0.01552793 -0.01788907
v -0.00825100 -0.01559701 -0.01810169
v -0.00823424 -0.01566609 -0.01831432
v -0.00818436 -0.01573363 -0.01852219
v -0.00810245 -0.01579811 -0.01872067
v -0.00799036 -0.01585810 -0.01890532
v -0.00785058 -0.01591227 -0.01907202
v -0.00768623 -0.01595938 -0.01921705
v -0.00750100 -0.01599841 -0.01933716
v -0.00729901 -0.01602846 -0.01942967
v -0.00708478 -0.01604888 -0.01949252
v -0.00686309 -0.01605921 -0.01952430
v -0.00663890 -0.01605921 -0.01952430
v -0.00641722 -0.01604888 -0.01949252
v -0.00620299 -0.01602846 -0.01942967
v -0.00600100 -0.01599841 -0.01933716
v -0.00581576 -0.01595938 -0.01921705
v -0.00565142 -0.01591227 -0.01907202
v -0.00551164 -0.01585810 -0.01890532
v -0.00539954 -0.01579811 -0.01872067
v -0.00531764 -0.01573363 -0.01852219
v -0.00526775 -0.01566609 -0.01831432
v -0.00525100 0.02326603 -0.00548428
v -0.00526348 0.02342185 -0.00559834
v -0.00530072 0.02357508 -0.00571051
v -0.00536210 0.02372317 -0.00581891
v -0.00544659 0.02386365 -0.00592174
v -0.00555280 0.02399418 -0.00601730
v -0.00567894 0.02411260 -0.00610398
v -0.00582293 0.02421692 -0.00618034
v -0.00598237 0.02430542 -0.00624513
v -0.00615460 0.02437662 -0.00629724
v -0.00633675 0.02442933 -0.00633583
v -0.00652580 0.02446268 -0.00636025
v -0.00671860 0.02447612 -0.00637008
v -0.00691193 0.02446942 -0.00636517
v -0.00710259 0.02444268 -0.00634561
v -0.00728740 0.02439637 -0.00631170
v -0.00746327 0.02433124 -0.00626403
v -0.00762730 0.02424838 -0.00620337
v -0.00777674 0.02414917 -0.00613075
v -0.00790910 0.02403526 -0.00604737
v -0.00802220 0.02390855 -0.00595462
v -0.00811413 0.02377115 -0.00585403
v -0.00818338 0.02362534 -0.00574730
v -0.00822879 0.02347355 -0.00563619
v -0.00824960 0.02331830 -0.00552254
v -0.00824547 0.02316219 -0.00540827
v -0.00821646 0.02300780 -0.00529525
v -0.00816307 0.02285771 -0.00518539
v -0.00808618 0.02271442 -0.00508049
v -0.00798706 0.02258031 -0.00498232
v -0.00786737 0.02245761 -0.00489250
v -0.00772910 0.02234836 -0.00481253
v -0.00757455 0.02225439 -0.00474375
v -0.00740629 0.02217726 -0.00468728
v -0.00722713 0.02211824 -0.00464408
v -0.00704004 0.02207833 -0.00461487
v -0.00684814 0.02205819 -0.00460012
v -0.00665463 0.02205815 -0.00460009
v -0.00646272 0.02207821 -0.00461478
v -0.00627561 0.02211804 -0.00464394
v -0.00609640 0.02217698 -0.00468708
v -0.00592810 0.02225405 -0.00474349
v -0.00577349 0.02234795 -0.00481223
v -0.00563515 0.02245714 -0.00489216
v -0.00551538 0.02257979 -0.00498194
v -0.00541618 0.02271386 -0.00508008
v -0.00533919 0.02285712 -0.00518495
v -0.00528570 0.02300719 -0.00529480
v -0.00525970 0.02313585 -0.00538899
v -0.00525100 0.01240292 -0.02043666
v -0.00526775 0.01222205 -0.02030526
v -0.00531764 0.01204523 -0.02017679
v -0.00539954 0.01187639 -0.02005412
v -0.00551164 0.01171931 -0.01994001
v -0.00565142 0.01157751 -0.01983698
v -0.00581576 0.01145414 -0.01974736
v -0.00600100 0.01135197 -0.01967313
v -0.00620299 0.01127327 -0.01961595
v -0.00641722 0.01121981 -0.01957711
v -0.00663890 0.01119277 -0.01955747
v -0.00686309 0.01119277 -0.01955747
v -0.00708478 0.01121981 -0.01957711
v -0.00729901 0.01127327 -0.01961595
v -0.00750100 0.01135197 -0.01967313
v -0.00768623 0.01145414 -0.01974736
v -0.00785058 0.01157751 -0.01983698
v -0.00799036 0.01171931 -0.01994001
v -0.00810245 0.01187639 -0.02005412
v -0.00818436 0.01204523 -0.02017679
v -0.00823424 0.01222205 -0.02030526
v -0.00825100 0.01240292 -0.02043666
v -0.00823424 0.01258379 -0.02056806
v -0.00818436 0.01276062 -0.02069653
v -0.00810245 0.01292946 -0.02081920
v -0.00799036 0.01308654 -0.02093331
v -0.00785058 0.01322834 -0.02103634
v -0.00768623 0.01335171 -0.02112597
v -0.00750100 0.01345388 -0.02120020
v -0.00729901 0.01353258 -0.02125737
v -0.00708478 0.01358604 -0.02129621
v -0.00686309 0.01361307 -0.02131585
v -0.00663890 0.01361307 -0.02131585
v -0.00641722 0.01358604 -0.02129621
v -0.00620299 0.01353258 -0.02125737
v -0.00600100 0.01345388 -0.02120020
v -0.00581576 0.01335171 -0.02112597
v -0.00565142 0.01322834 -0.02103634
v -0.00551164 0.01308654 -0.02093331
v -0.00539954 0.01292946 -0.02081920
v -0.00531764 0.01276062 -0.02069653
v -0.00526775 0.01258379 -0.02056806
v -0.00525100 0.01241238 0.02042328
v -0.00526348 0.01256902 0.02053623
v -0.00530072 0.01272305 0.02064730
v -0.00536210 0.01287191 0.02075464
v -0.00544659 0.01301312 0.02085647
v -0.00555280 0.01314433 0.02095108
v -0.00567894 0.01326336 0.02103691
v -0.00582293 0.01336823 0.02111253
v -0.00598237 0.01345718 0.02117668
v -0.00615460 0.01352875 0.02122829
v -0.00633675 0.01358174 0.02126650
v -0.00652580 0.01361527 0.02129067
v -0.00671860 0.01362877 0.02130041
v -0.00691193 0.01362204 0.02129556
v -0.00710259 0.01359516 0.02127618
v -0.00728740 0.01354861 0.02124260
v -0.00746327 0.01348314 0.02119540
v -0.00762730 0.01339985 0.02113534
v -0.00777674 0.01330012 0.02106343
v -0.00790910 0.01318562 0.02098086
v -0.00802220 0.01305826 0.02088901
v -0.00811413 0.01292014 0.02078942
v -0.00818338 0.01277357 0.02068373
v -0.00822879 0.01262099 0.02057370
v -0.00824960 0.01246493 0.02046117
v -0.00824547 0.01230801 0.02034801
v -0.00821646 0.01215282 0.02023610
v -0.00816307 0.01200195 0.02012731
v -0.00808618 0.01185791 0.02002345
v -0.00798706 0.01172310 0.01992623
v -0.00786737 0.01159976 0.01983729
v -0.00772910 0.01148995 0.01975811
v -0.00757455 0.01139549 0.01968999
v -0.00740629 0.01131795 0.01963408
v -0.00722713 0.01125863 0.01959131
v -0.00704004 0.01121851 0.01956238
v -0.00684814 0.01119826 0.01954777
v -0.00665463 0.01119822 0.01954775
v -0.00646272 0.01121839 0.01956229
v -0.00627561 0.01125843 0.01959116
v -0.00609640 0.01131767 0.01963388
v -0.00592810 0.01139514 0.01968974
v -0.00577349 0.01148954 0.01975781
v -0.00563515 0.01159929 0.01983695
v -0.00551538 0.01172258 0.01992586
v -0.00541618 0.01185735 0.02002304
v -0.00533919 0.01200135 0.02012688
v -0.00528570 0.01215220 0.02023566
v -0.00525970 0.01228153 0.02032892
v -0.00525100 0.02327606 0.00547131
v -0.00526775 0.02309520 0.00533990
v -0.00531764 0.02291838 0.00521143
v -0.00539954 0.02274954 0.00508876
v -0.00551164 0.02259247 0.00497463
v -0.00565142 0.02245067 0.00487160
v -0.00581576 0.02232730 0.00478197
v -0.00600100 0.02222513 0.00470774
v -0.00620299 0.02214644 0.00465056
v -0.00641722 0.02209298 0.00461172
v -0.00663890 0.02206595 0.00459208
v -0.00686309 0.02206595 0.00459208
v -0.00708478 0.02209298 0.00461172
v -0.00729901 0.02214644 0.00465056
v -0.00750100 0.02222513 0.00470774
v -0.00768623 0.02232730 0.00478197
v -0.00785058 0.02245067 0.00487160
v -0.00799036 0.02259247 0.00497463
v -0.00810245 0.02274954 0.00508876
v -0.00818436 0.02291838 0.00521143
v -0.00823424 0.02309520 0.00533990
v -0.00825100 0.02327606 0.00547131
v -0.00823424 0.02345693 0.00560272
v -0.00818436 0.02363375 0.00573120
v -0.00810245 0.02380259 0.00585387
v -0.00799036 0.02395966 0.00596799
v -0.00785058 0.02410146 0.00607102
v -0.00768623 0.02422482 0.00616065
v -0.00750100 0.02432699 0.00623489
v -0.00729901 0.02440569 0.00629206
v -0.00708478 0.02445915 0.00633091
v -0.00686309 0.02448618 0.00635055
v -0.00663890 0.02448618 0.00635055
v -0.00641722 0.02445915 0.00633091
v -0.00620299 0.02440569 0.00629206
v -0.00600100 0.02432699 0.00623489
v -0.00581576 0.02422482 0.00616065
v -0.00565142 0.02410146 0.00607102
v -0.00551164 0.02395966 0.00596799
v -0.00539954 0.02380259 0.00585387
v -0.00531764 0.02363375 0.00573120
v -0.00526775 0.02345693 0.00560272
v -0.00525100 -0.01558112 0.01810672
v -0.00526348 -0.01564014 0.01829060
v -0.00530072 -0.01569818 0.01847141
v -0.00536210 -0.01575426 0.01864615
v -0.00544659 -0.01580747 0.01881192
v -0.00555280 -0.01585691 0.01896595
v -0.00567894 -0.01590176 0.01910567
v -0.00582293 -0.01594127 0.01922878
v -0.00598237 -0.01597479 0.01933320
v -0.00615460 -0.01600176 0.01941722
v -0.00633675 -0.01602172 0.01947942
v -0.00652580 -0.01603436 0.01951877
v -0.00671860 -0.01603944 0.01953463
v -0.00691193 -0.01603691 0.01952672
v -0.00710259 -0.01602678 0.01949518
v -0.00728740 -0.01600924 0.01944052
v -0.00746327 -0.01598457 0.01936367
v -0.00762730 -0.01595319 0.01926590
v -0.00777674 -0.01591561 0.01914883
v -0.00790910 -0.01587247 0.01901442
v -0.00802220 -0.01582448 0.01886491
v -0.00811413 -0.01577244 0.01870277
v -0.00818338 -0.01571721 0.01853071
v -0.00822879 -0.01565972 0.01835160
v -0.00824960 -0.01560092 0.01816841
v -0.00824547 -0.01554179 0.01798420
v -0.00821646 -0.01548332 0.01780202
v -0.00816307 -0.01542647 0.01762492
v -0.00808618 -0.01537220 0.01745583
v -0.00798706 -0.01532141 0.01729758
v -0.00786737 -0.01527493 0.01715279
v -0.00772910 -0.01523356 0.01702388
v -0.00757455 -0.01519797 0.01691300
v -0.00740629 -0.01516875 0.01682198
v -0.00722713 -0.01514640 0.01675234
v -0.00704004 -0.01513128 0.01670525
v -0.00684814 -0.01512365 0.01668148
v -0.00665463 -0.01512364 0.01668143
v -0.00646272 -0.01513124 0.01670511
v -0.00627561 -0.01514632 0.01675211
v -0.00609640 -0.01516865 0.01682166
v -0.00592810 -0.01519784 0.01691259
v -0.00577349 -0.01523340 0.01702340
v -0.00563515 -0.01527476 0.01715224
v -0.00551538 -0.01532121 0.01729697
v -0.00541618 -0.01537199 0.01745517
v -0.00533919 -0.01542625 0.01762422
v -0.00528570 -0.01548309 0.01780130
v -0.00525970 -0.01553182 0.01795312
v -0.00525100 0.00199610 0.02381829
v -0.00526775 0.00206519 0.02360567
v -0.00531764 0.00213274 0.02339780
v -0.00539954 0.00219723 0.02319932
v -0.00551164 0.00225723 0.02301467
v -0.00565142 0.00231140 0.02284797
v -0.00581576 0.00235852 0.02270294
v -0.00600100 0.00239755 0.02258283
v -0.00620299 0.00242761 0.02249032
v -0.00641722 0.00244803 0.02242748
v -0.00663890 0.00245836 0.02239570
v -0.00686309 0.00245836 0.02239570
v -0.00708478 0.00244803 0.02242748
v -0.00729901 0.00242761 0.02249032
v -0.00750100 0.00239755 0.02258283
v -0.00768623 0.00235852 0.02270294
v -0.00785058 0.00231140 0.02284797
v -0.00799036 0.00225723 0.02301467
v -0.00810245 0.00219723 0.02319932
v -0.00818436 0.00213274 0.02339780
v -0.00823424 0.00206519 0.02360567
v -0.00825100 0.00199610 0.02381829
v -0.00823424 0.00192701 0.02403091
v -0.00818436 0.00185947 0.02423878
v -0.00810245 0.00179498 0.02443725
v -0.00799036 0.00173497 0.02462190
v -0.00785058 0.00168081 0.02478860
v -0.00768623 0.00163368 0.02493363
v -0.00750100 0.00159465 0.02505374
v -0.00729901 0.00156459 0.02514625
v -0.00708478 0.00154417 0.02520909
v -0.00686309 0.00153385 0.02524087
v -0.00663890 0.00153385 0.02524087
v -0.00641722 0.00154417 0.02520909
v -0.00620299 0.00156459 0.02514625
v -0.00600100 0.00159465 0.02505374
v -0.00581576 0.00163368 0.02493363
v -0.00565142 0.00168081 0.02478860
v -0.00551164 0.00173497 0.02462190
v -0.00539954 0.00179498 0.02443725
v -0.00531764 0.00185947 0.02423878
v -0.00526775 0.00192701 0.02403091
v -0.00525100 -0.02202842 -0.00923254
v -0.00526348 -0.02222153 -0.00923185
v -0.00530072 -0.02241143 -0.00923117
v -0.00536210 -0.02259495 -0.00923051
v -0.00544659 -0.02276904 -0.00922989
v -0.00555280 -0.02293081 -0.00922931
v -0.00567894 -0.02307756 -0.00922879
v -0.00582293 -0.02320685 -0.00922833
v -0.00598237 -0.02331652 -0.00922794
v -0.00615460 -0.02340475 -0.00922762
v -0.00633675 -0.02347008 -0.00922739
v -0.00652580 -0.02351142 -0.00922724
v -0.00671860 -0.02352807 -0.00922718
v -0.00691193 -0.02351976 -0.00922721
v -0.00710259 -0.02348663 -0.00922733
v -0.00728740 -0.02342923 -0.00922753
v -0.00746327 -0.02334852 -0.00922782
v -0.00762730 -0.02324583 -0.00922819
v -0.00777674 -0.02312289 -0.00922863
v -0.00790910 -0.02298172 -0.00922913
v -0.00802220 -0.02282469 -0.00922969
v -0.00811413 -0.02265441 -0.00923030
v -0.00818338 -0.02247371 -0.00923095
v -0.00822879 -0.02228560 -0.00923162
v -0.00824960 -0.02209321 -0.00923231
v -0.00824547 -0.02189974 -0.00923300
v -0.00821646 -0.02170841 -0.00923368
v -0.00816307 -0.02152240 -0.00923434
v -0.00808618 -0.02134482 -0.00923498
v -0.00798706 -0.02117862 -0.00923557
v -0.00786737 -0.02102656 -0.00923612
v -0.00772910 -0.02089117 -0.00923660
v -0.00757455 -0.02077472 -0.00923702
v -0.00740629 -0.02067913 -0.00923736
v -0.00722713 -0.02060599 -0.00923762
v -0.00704004 -0.02055653 -0.00923780
v -0.00684814 -0.02053157 -0.00923788
v -0.00665463 -0.02053152 -0.00923788
v -0.00646272 -0.02055638 -0.00923780
v -0.00627561 -0.02060574 -0.00923762
v -0.00609640 -0.02067879 -0.00923736
v -0.00592810 -0.02077429 -0.00923702
v -0.00577349 -0.02089067 -0.00923660
v -0.00563515 -0.02102598 -0.00923612
v -0.00551538 -0.02117798 -0.00923558
v -0.00541618 -0.02134413 -0.00923498
v -0.00533919 -0.02152167 -0.00923435
v -0.00528570 -0.02170765 -0.00923368
v -0.00525970 -0.02186710 -0.00923311
v -0.00525100 -0.02202878 0.00924937
v -0.00526775 -0.02180521 0.00924937
v -0.00531764 -0.02158664 0.00924938
v -0.00539954 -0.02137795 0.00924938
v -0.00551164 -0.02118380 0.00924938
v -0.00565142 -0.02100852 0.00924939
v -0.00581576 -0.02085603 0.00924939
v -0.00600100 -0.02072974 0.00924939
v -0.00620299 -0.02063246 0.00924939
v -0.00641722 -0.02056638 0.00924940
v -0.00663890 -0.02053297 0.00924940
v -0.00686309 -0.02053297 0.00924940
v -0.00708478 -0.02056638 0.00924940
v -0.00729901 -0.02063246 0.00924939
v -0.00750100 -0.02072974 0.00924939
v -0.00768623 -0.02085603 0.00924939
v -0.00785058 -0.02100852 0.00924939
v -0.00799036 -0.02118380 0.00924938
v -0.00810245 -0.02137795 0.00924938
v -0.00818436 -0.02158664 0.00924938
v -0.00823424 -0.02180521 0.00924937
v -0.00825100 -0.02202878 0.00924937
v -0.00823424 -0.02225234 0.00924936
v -0.00818436 -0.02247091 0.00924936
v -0.00810245 -0.02267960 0.00924935
v -0.00799036 -0.02287375 0.00924935
v -0.00785058 -0.02304903 0.00924935
v -0.00768623 -0.02320152 0.00924934
v -0.00750100 -0.02332781 0.00924934
v -0.00729901 -0.02342509 0.00924934
v -0.00708478 -0.02349117 0.00924934
v -0.00686309 -0.02352458 0.00924934
v -0.00663890 -0.02352458 0.00924934
v -0.00641722 -0.02349117 0.00924934
v -0.00620299 -0.02342509 0.00924934
v -0.00600100 -0.02332781 0.00924934
v -0.00581576 -0.02320152 0.00924934
v -0.00565142 -0.02304903 0.00924935
v -0.00551164 -0.02287375 0.00924935
v -0.00539954 -0.02267960 0.00924935
v -0.00531764 -0.02247091 0.00924936
v -0.00526775 -0.02225234 0.00924936
v -0.00900100 0.00001009 -0.00599988
v -0.00900100 0.00090434 -0.00593283
v -0.00900100 0.00177861 -0.00573325
v -0.00900100 0.00261337 -0.00540559
v -0.00900100 0.00338997 -0.00495718
v -0.00900100 0.00409107 -0.00439803
v -0.00900100 0.00470100 -0.00374064
v -0.00900100 0.00520613 -0.00299968
v -0.00900100 0.00559519 -0.00219171
v -0.00900100 0.00585948 -0.00133478
v -0.00900100 0.00599310 -0.00044803
v -0.00900100 0.00599307 0.00044873
v -0.00900100 0.00585938 0.00133547
v -0.00900100 0.00559502 0.00219238
v -0.00900100 0.00520590 0.00300032
v -0.00900100 0.00470071 0.00374124
v -0.00900100 0.00409073 0.00439859
v -0.00900100 0.00338959 0.00495769
v -0.00900100 0.00261296 0.00540604
v -0.00900100 0.00177817 0.00573363
v -0.00900100 0.00090389 0.00593314
v -0.00900100 0.00000963 0.00600012
v -0.00900100 -0.00088462 0.00593307
v -0.00900100 -0.00175889 0.00573349
v -0.00900100 -0.00259365 0.00540583
v -0.00900100 -0.00337025 0.00495742
v -0.00900100 -0.00407134 0.00439828
v -0.00900100 -0.00468127 0.00374088
v -0.00900100 -0.00518641 0.00299992
v -0.00900100 -0.00557547 0.00219195
v -0.00900100 -0.00583976 0.00133502
v -0.00900100 -0.00597338 0.00044827
v -0.00900100 -0.00597334 -0.00044849
v -0.00900100 -0.00583965 -0.00133523
v -0.00900100 -0.00557530 -0.00219214
v -0.00900100 -0.00518617 -0.00300008
v -0.00900100 -0.00468098 -0.00374100
v -0.00900100 -0.00407100 -0.00439835
v -0.00900100 -0.00336987 -0.00495744
v -0.00900100 -0.00259323 -0.00540579
v -0.00900100 -0.00175845 -0.00573338
v -0.00900100 -0.00088416 -0.00593290
v -0.00950100 0.00001040 -0.01399988
v -0.00900100 0.00001040 -0.01399988
v -0.00900100 0.00209699 -0.01384343
v -0.00900100 0.00413695 -0.01337774
v -0.00900100 0.00608472 -0.01261321
v -0.00900100 0.00789679 -0.01156692
v -0.00900100 0.00953268 -0.01026224
v -0.00900100 0.01095584 -0.00872831
v -0.00900100 0.01213449 -0.00699941
v -0.00900100 0.01304229 -0.00511415
v -0.00900100 0.01365897 -0.00311464
v -0.00900100 0.01397076 -0.00104556
v -0.00900100 0.01397067 0.00104688
v -0.00900100 0.01365873 0.00311594
v -0.00900100 0.01304190 0.00511540
v -0.00900100 0.01213395 0.00700059
v -0.00900100 0.01095516 0.00872940
v -0.00900100 0.00953188 0.01026322
v -0.00900100 0.00789589 0.01156777
v -0.00900100 0.00608375 0.01261392
v -0.00900100 0.00413592 0.01337830
v -0.00900100 0.00209592 0.01384383
v -0.00900100 0.00000932 0.01400012
v -0.00900100 -0.00207727 0.01384367
v -0.00900100 -0.00411723 0.01337798
v -0.00900100 -0.00606500 0.01261345
v -0.00900100 -0.00787707 0.01156716
v -0.00900100 -0.00951295 0.01026248
v -0.00900100 -0.01093612 0.00872856
v -0.00900100 -0.01211476 0.00699965
v -0.00900100 -0.01302257 0.00511439
v -0.00900100 -0.01363925 0.00311489
v -0.00900100 -0.01395103 0.00104580
v -0.00900100 -0.01395095 -0.00104664
v -0.00900100 -0.01363901 -0.00311570
v -0.00900100 -0.01302217 -0.00511516
v -0.00900100 -0.01211422 -0.00700035
v -0.00900100 -0.01093544 -0.00872916
v -0.00900100 -0.00951216 -0.01026297
v -0.00900100 -0.00787617 -0.01156753
v -0.00900100 -0.00606402 -0.01261368
v -0.00900100 -0.00411619 -0.01337806
v -0.00900100 -0.00207619 -0.01384359
v -0.00950100 0.00209699 -0.01384343
v -0.00950100 0.00413695 -0.01337774
v -0.00950100 0.00608472 -0.01261321
v -0.00950100 0.00789679 -0.01156692
v -0.00950100 0.00953268 -0.01026224
v -0.00950100 0.01095584 -0.00872831
v -0.00950100 0.01213449 -0.00699941
v -0.00950100 0.01304229 -0.00511415
v -0.00950100 0.01365897 -0.00311464
v -0.00950100 0.01397076 -0.00104556
v -0.00950100 0.01397067 0.00104688
v -0.00950100 0.01365873 0.00311594
v -0.00950100 0.01304190 0.00511540
v -0.00950100 0.01213395 0.00700059
v -0.00950100 0.01095516 0.00872940
v -0.00950100 0.00953188 0.01026322
v -0.00950100 0.00789589 0.01156777
v -0.00950100 0.00608375 0.01261392
v -0.00950100 0.00413592 0.01337830
v -0.00950100 0.00209592 0.01384383
v -0.00950100 0.00000932 0.01400012
v -0.00950100 -0.00207727 0.01384367
v -0.00950100 -0.00411723 0.01337798
v -0.00950100 -0.00606500 0.01261345
v -0.00950100 -0.00787707 0.01156716
v -0.00950100 -0.00951295 0.01026248
v -0.00950100 -0.01093612 0.00872856
v -0.00950100 -0.01211476 0.00699965
v -0.00950100 -0.01302257 0.00511439
v -0.00950100 -0.01363925 0.00311489
v -0.00950100 -0.01395103 0.00104580
v -0.00950100 -0.01395095 -0.00104664
v -0.00950100 -0.01363901 -0.00311570
v -0.00950100 -0.01302217 -0.00511516
v -0.00950100 -0.01211422 -0.00700035
v -0.00950100 -0.01093544 -0.00872916
v -0.00950100 -0.00951216 -0.01026297
v -0.00950100 -0.00787617 -0.01156753
v -0.00950100 -0.00606402 -0.01261368
v -0.00950100 -0.00411619 -0.01337806
v -0.00950100 -0.00207619 -0.01384359
v -0.00950100 -0.01760550 -0.02428360
v -0.00400100 -0.01760550 -0.02428360
v -0.00400100 -0.01404019 -0.01330997
v -0.00950100 -0.01404019 -0.01330997
v -0.00400100 -0.00948856 -0.01422332
v -0.00400100 -0.00502117 -0.01548583
v -0.00400100 -0.00066476 -0.01708996
v -0.00400100 0.00355458 -0.01902611
v -0.00950100 0.00355458 -0.01902611
v -0.00950100 -0.00066476 -0.01708996
v -0.00950100 -0.00502117 -0.01548583
v -0.00950100 -0.00948856 -0.01422332
v -0.00400100 -0.00005438 -0.02999981
v -0.00950100 -0.00005438 -0.02999981
v -0.00950100 0.01766161 -0.02425716
v -0.00400100 0.01766161 -0.02425716
v -0.00400100 0.00832681 -0.01747531
v -0.00950100 0.00832681 -0.01747531
v -0.00400100 0.01060198 -0.01342870
v -0.00400100 0.01318321 -0.00957009
v -0.00400100 0.01605503 -0.00592261
v -0.00400100 0.01920026 -0.00250808
v -0.00950100 0.01920026 -0.00250808
v -0.00950100 0.01605503 -0.00592261
v -0.00950100 0.01318321 -0.00957009
v -0.00950100 0.01060198 -0.01342870
v -0.00400100 0.02852164 -0.00933146
v -0.00950100 0.02852164 -0.00933146
v -0.00950100 0.02853460 0.00929202
v -0.00400100 0.02853460 0.00929202
v -0.00400100 0.01920007 0.00250981
v -0.00950100 0.01920007 0.00250981
v -0.00400100 0.01605457 0.00592410
v -0.00400100 0.01318247 0.00957136
v -0.00400100 0.01060094 0.01342976
v -0.00400100 0.00832546 0.01747620
v -0.00950100 0.00832546 0.01747620
v -0.00950100 0.01060094 0.01342976
v -0.00950100 0.01318247 0.00957136
v -0.00950100 0.01605457 0.00592410
v -0.00400100 0.01769535 0.02423282
v -0.00950100 0.01769535 0.02423282
v -0.00950100 -0.00001263 0.03000011
v -0.00400100 -0.00001263 0.03000011
v -0.00400100 0.00355311 0.01902663
v -0.00950100 0.00355311 0.01902663
v -0.00400100 -0.00066608 0.01709016
v -0.00400100 -0.00502237 0.01548569
v -0.00400100 -0.00948966 0.01422283
v -0.00400100 -0.01404121 0.01330913
v -0.00950100 -0.01404121 0.01330913
v -0.00950100 -0.00948966 0.01422283
v -0.00950100 -0.00502237 0.01548569
v -0.00950100 -0.00066608 0.01709016
v -0.00400100 -0.01757169 0.02430833
v -0.00950100 -0.01757169 0.02430833
v -0.00950100 -0.02005809 -0.02229960
v -0.00950100 -0.02228878 -0.02006902
v -0.00950100 -0.02427291 -0.01761654
v -0.00950100 -0.02598855 -0.01496927
v -0.00950100 -0.02741671 -0.01215648
v -0.00950100 -0.02854162 -0.00920927
v -0.00950100 -0.01698978 -0.00925054
v -0.00950100 -0.01645225 -0.00463940
v -0.00950100 -0.01627283 -0.00000051
v -0.00950100 -0.01645260 0.00463837
v -0.00950100 -0.01699050 0.00924946
v -0.00950100 -0.02852878 0.00924924
v -0.00950100 -0.02739977 0.01219488
v -0.00950100 -0.02596769 0.01500568
v -0.00950100 -0.02424837 0.01765056
v -0.00950100 -0.02226083 0.02010028
v -0.00950100 -0.02002703 0.02232775
v -0.00950100 0.00313773 0.02983662
v -0.00950100 0.00625349 0.02934321
v -0.00950100 0.00930022 0.02852536
v -0.00950100 0.01224423 0.02739210
v -0.00950100 0.01505295 0.02595596
v -0.00950100 0.02935262 0.00624533
v -0.00950100 0.02984619 0.00312959
v -0.00950100 0.03000985 -0.00002075
v -0.00950100 0.02984181 -0.00317087
v -0.00950100 0.02934390 -0.00628592
v -0.00950100 0.01501682 -0.02597662
v -0.00950100 0.01220610 -0.02740885
v -0.00950100 0.00926052 -0.02853802
v -0.00950100 0.00621265 -0.02935163
v -0.00950100 0.00309620 -0.02984070
v -0.00400100 -0.02852878 0.00924924
v -0.00400100 -0.02002703 0.02232775
v -0.00400100 -0.02226083 0.02010028
v -0.00400100 -0.02424837 0.01765056
v -0.00400100 -0.02596769 0.01500568
v -0.00400100 -0.02739977 0.01219488
v -0.00400100 0.01505295 0.02595596
v -0.00400100 0.01224423 0.02739210
v -0.00400100 0.00930022 0.02852536
v -0.00400100 0.00625349 0.02934321
v -0.00400100 0.00313773 0.02983662
v -0.00400100 0.02934390 -0.00628592
v -0.00400100 0.02984181 -0.00317087
v -0.00400100 0.03000985 -0.00002075
v -0.00400100 0.02984619 0.00312959
v -0.00400100 0.02935262 0.00624533
v -0.00400100 -0.02854162 -0.00920927
v -0.00400100 -0.02741671 -0.01215648
v -0.00400100 -0.02598855 -0.01496927
v -0.00400100 -0.02427291 -0.01761654
v -0.00400100 -0.02228878 -0.02006902
v -0.00400100 -0.02005809 -0.02229960
v -0.00400100 -0.01698978 -0.00925054
v -0.00400100 -0.01699050 0.00924946
v -0.00400100 -0.01645260 0.00463837
v -0.00400100 -0.01627283 -0.00000051
v -0.00400100 -0.01645225 -0.00463940
v -0.00400100 0.00309620 -0.02984070
v -0.00400100 0.00621265 -0.02935163
v -0.00400100 0.00926052 -0.02853802
v -0.00400100 0.01220610 -0.02740885
v -0.00400100 0.01501682 -0.02597662
f 2202 2160 2161
f 2202 2203 2160
f 2202 2204 2203
f 2201 2205 2204
f 2201 2204 2202
f 2200 2205 2201
f 2200 2206 2205
f 2199 2206 2200
f 2199 2207 2206
f 2198 2207 2199
f 2198 2208 2207
f 2197 2208 2198
f 2197 2209 2208
f 2196 2209 2197
f 2196 2210 2209
f 2195 2210 2196
f 2195 2211 2210
f 2194 2211 2195
f 2194 2212 2211
f 2193 2212 2194
f 2193 2213 2212
f 2192 2213 2193
f 2192 2214 2213
f 2191 2214 2192
f 2191 2215 2214
f 2190 2215 2191
f 2190 2216 2215
f 2189 2216 2190
f 2189 2217 2216
f 2188 2217 2189
f 2188 2218 2217
f 2187 2218 2188
f 2186 2218 2187
f 2186 2219 2218
f 2186 2220 2219
f 2185 2221 2220
f 2185 2220 2186
f 2184 2222 2221
f 2184 2221 2185
f 2183 2222 2184
f 2182 2223 2222
f 2182 2224 2223
f 2182 2222 2183
f 2181 2225 2224
f 2181 2224 2182
f 2180 2226 2225
f 2180 2225 2181
f 2179 2226 2180
f 2178 2227 2226
f 2178 2228 2227
f 2178 2226 2179
f 2177 2228 2178
f 2176 2229 2228
f 2176 2230 2229
f 2176 2228 2177
f 2175 2230 2176
f 2174 2230 2175
f 2174 2231 2230
f 2174 2232 2231
f 2173 2232 2174
f 2172 2232 2173
f 2172 2233 2232
f 2172 2234 2233
f 2171 2234 2172
f 2171 2235 2234
f 2170 2235 2171
f 2170 2236 2235
f 2169 2236 2170
f 2168 2236 2169
f 2168 2237 2236
f 2168 2238 2237
f 2167 2238 2168
f 2166 2238 2167
f 2166 2239 2238
f 2165 2239 2166
f 2165 2240 2239
f 2165 2241 2240
f 2164 2241 2165
f 2163 2241 2164
f 2163 2242 2241
f 2162 2242 2163
f 2162 2243 2242
f 2161 2243 2162
f 2161 2160 2243
f 2286 2244 2245
f 2286 2287 2244
f 2286 2288 2287
f 2285 2289 2288
f 2285 2288 2286
f 2284 2289 2285
f 2284 2290 2289
f 2283 2290 2284
f 2283 2291 2290
f 2282 2291 2283
f 2282 2292 2291
f 2281 2292 2282
f 2281 2293 2292
f 2280 2293 2281
f 2280 2294 2293
f 2279 2294 2280
f 2279 2295 2294
f 2278 2295 2279
f 2278 2296 2295
f 2277 2296 2278
f 2277 2297 2296
f 2276 2297 2277
f 2276 2298 2297
f 2275 2298 2276
f 2275 2299 2298
f 2274 2299 2275
f 2274 2300 2299
f 2273 2300 2274
f 2273 2301 2300
f 2272 2301 2273
f 2272 2302 2301
f 2271 2302 2272
f 2271 2303 2302
f 2270 2303 2271
f 2270 2304 2303
f 2269 2304 2270
f 2268 2304 2269
f 2268 2305 2304
f 2268 2306 2305
f 2267 2306 2268
f 2266 2307 2306
f 2266 2308 2307
f 2266 2306 2267
f 2265 2309 2308
f 2265 2308 2266
f 2264 2310 2309
f 2264 2309 2265
f 2263 2311 2310
f 2263 2310 2264
f 2262 2312 2311
f 2262 2311 2263
f 2261 2313 2312
f 2261 2312 2262
f 2260 2314 2313
f 2260 2313 2261
f 2259 2314 2260
f 2258 2314 2259
f 2258 2315 2314
f 2257 2315 2258
f 2257 2316 2315
f 2257 2317 2316
f 2256 2317 2257
f 2256 2318 2317
f 2255 2318 2256
f 2255 2319 2318
f 2254 2319 2255
f 2254 2320 2319
f 2253 2320 2254
f 2253 2321 2320
f 2252 2321 2253
f 2252 2322 2321
f 2251 2322 2252
f 2251 2323 2322
f 2250 2323 2251
f 2249 2323 2250
f 2249 2324 2323
f 2248 2324 2249
f 2248 2325 2324
f 2247 2325 2248
f 2247 2326 2325
f 2247 2327 2326
f 2246 2327 2247
f 2245 2327 2246
f 2245 2244 2327
f 2370 2328 2329
f 2370 2371 2328
f 2370 2372 2371
f 2369 2373 2372
f 2369 2372 2370
f 2368 2373 2369
f 2368 2374 2373
f 2367 2374 2368
f 2367 2375 2374
f 2366 2375 2367
f 2366 2376 2375
f 2365 2376 2366
f 2365 2377 2376
f 2364 2377 2365
f 2364 2378 2377
f 2363 2378 2364
f 2363 2379 2378
f 2362 2379 2363
f 2362 2380 2379
f 2361 2380 2362
f 2361 2381 2380
f 2360 2381 2361
f 2360 2382 2381
f 2359 2382 2360
f 2359 2383 2382
f 2358 2383 2359
f 2358 2384 2383
f 2357 2384 2358
f 2357 2385 2384
f 2356 2385 2357
f 2355 2385 2356
f 2355 2386 2385
f 2355 2387 2386
f 2354 2387 2355
f 2354 2388 2387
f 2353 2388 2354
f 2352 2388 2353
f 2352 2389 2388
f 2352 2390 2389
f 2351 2391 2390
f 2351 2390 2352
f 2350 2392 2391
f 2350 2391 2351
f 2349 2392 2350
f 2348 2393 2392
f 2348 2392 2349
f 2347 2394 2393
f 2347 2395 2394
f 2347 2393 2348
f 2346 2396 2395
f 2346 2395 2347
f 2345 2397 2396
f 2345 2396 2346
f 2344 2397 2345
f 2343 2398 2397
f 2343 2397 2344
f 2342 2398 2343
f 2342 2399 2398
f 2342 2400 2399
f 2341 2400 2342
f 2340 2400 2341
f 2340 2401 2400
f 2339 2401 2340
f 2339 2402 2401
f 2339 2403 2402
f 2338 2403 2339
f 2338 2404 2403
f 2337 2404 2338
f 2336 2404 2337
f 2336 2405 2404
f 2336 2406 2405
f 2335 2406 2336
f 2335 2407 2406
f 2334 2407 2335
f 2333 2407 2334
f 2333 2408 2407
f 2332 2408 2333
f 2332 2409 2408
f 2331 2409 2332
f 2331 2410 2409
f 2331 2411 2410
f 2330 2411 2331
f 2330 2328 2411
f 2329 2328 2330
f 2413 2455 2412
f 2454 2456 2455
f 2454 2455 2413
f 2453 2457 2456
f 2453 2456 2454
f 2452 2457 2453
f 2452 2458 2457
f 2451 2458 2452
f 2451 2459 2458
f 2450 2459 2451
f 2450 2460 2459
f 2449 2460 2450
f 2449 2461 2460
f 2448 2461 2449
f 2448 2462 2461
f 2447 2462 2448
f 2447 2463 2462
f 2446 2463 2447
f 2446 2464 2463
f 2445 2464 2446
f 2445 2465 2464
f 2444 2465 2445
f 2444 2466 2465
f 2443 2466 2444
f 2443 2467 2466
f 2442 2467 2443
f 2442 2468 2467
f 2441 2468 2442
f 2441 2469 2468
f 2440 2469 2441
f 2440 2470 2469
f 2439 2470 2440
f 2439 2471 2470
f 2438 2471 2439
f 2438 2472 2471
f 2437 2473 2472
f 2437 2472 2438
f 2436 2474 2473
f 2436 2473 2437
f 2435 2475 2474
f 2435 2474 2436
f 2434 2476 2475
f 2434 2475 2435
f 2433 2476 2434
f 2432 2477 2476
f 2432 2478 2477
f 2432 2476 2433
f 2431 2479 2478
f 2431 2478 2432
f 2430 2480 2479
f 2430 2479 2431
f 2429 2481 2480
f 2429 2480 2430
f 2428 2481 2429
f 2427 2482 2481
f 2427 2483 2482
f 2427 2481 2428
f 2426 2483 2427
f 2426 2484 2483
f 2425 2484 2426
f 2425 2485 2484
f 2424 2485 2425
f 2423 2485 2424
f 2423 2486 2485
f 2423 2487 2486
f 2422 2487 2423
f 2422 2488 2487
f 2421 2488 2422
f 2420 2488 2421
f 2420 2489 2488
f 2420 2490 2489
f 2419 2490 2420
f 2419 2491 2490
f 2418 2491 2419
f 2417 2491 2418
f 2417 2492 2491
f 2417 2493 2492
f 2416 2493 2417
f 2415 2493 2416
f 2415 2494 2493
f 2414 2494 2415
f 2414 2495 2494
f 2414 2412 2495
f 2413 2412 2414
f 2497 2539 2496
f 2538 2540 2539
f 2538 2539 2497
f 2537 2541 2540
f 2537 2540 2538
f 2536 2541 2537
f 2536 2542 2541
f 2535 2542 2536
f 2535 2543 2542
f 2534 2543 2535
f 2534 2544 2543
f 2533 2544 2534
f 2533 2545 2544
f 2532 2545 2533
f 2532 2546 2545
f 2531 2546 2532
f 2531 2547 2546
f 2530 2547 2531
f 2530 2548 2547
f 2529 2548 2530
f 2529 2549 2548
f 2528 2549 2529
f 2528 2550 2549
f 2527 2550 2528
f 2527 2551 2550
f 2526 2551 2527
f 2526 2552 2551
f 2525 2552 2526
f 2524 2552 2525
f 2524 2553 2552
f 2524 2554 2553
f 2523 2554 2524
f 2523 2555 2554
f 2522 2555 2523
f 2522 2556 2555
f 2521 2557 2556
f 2521 2556 2522
f 2520 2558 2557
f 2520 2557 2521
f 2519 2559 2558
f 2519 2558 2520
f 2518 2560 2559
f 2518 2559 2519
f 2517 2560 2518
f 2516 2561 2560
f 2516 2560 2517
f 2515 2562 2561
f 2515 2563 2562
f 2515 2561 2516
f 2514 2564 2563
f 2514 2563 2515
f 2513 2564 2514
f 2512 2565 2564
f 2512 2564 2513
f 2511 2566 2565
f 2511 2565 2512
f 2510 2566 2511
f 2510 2567 2566
f 2510 2568 2567
f 2509 2568 2510
f 2509 2569 2568
f 2508 2569 2509
f 2507 2569 2508
f 2507 2570 2569
f 2506 2570 2507
f 2506 2571 2570
f 2505 2571 2506
f 2505 2572 2571
f 2504 2572 2505
f 2504 2573 2572
f 2504 2574 2573
f 2503 2574 2504
f 2502 2574 2503
f 2502 2575 2574
f 2501 2575 2502
f 2501 2576 2575
f 2500 2576 2501
f 2500 2577 2576
f 2500 2578 2577
f 2499 2578 2500
f 2498 2578 2499
f 2498 2579 2578
f 2497 2579 2498
f 2497 2496 2579
f 2581 2623 2580
f 2622 2624 2623
f 2622 2623 2581
f 2621 2625 2624
f 2621 2624 2622
f 2620 2625 2621
f 2620 2626 2625
f 2619 2626 2620
f 2619 2627 2626
f 2618 2627 2619
f 2618 2628 2627
f 2617 2628 2618
f 2617 2629 2628
f 2616 2629 2617
f 2616 2630 2629
f 2615 2630 2616
f 2615 2631 2630
f 2614 2631 2615
f 2614 2632 2631
f 2613 2632 2614
f 2613 2633 2632
f 2612 2633 2613
f 2612 2634 2633
f 2611 2634 2612
f 2611 2635 2634
f 2610 2635 2611
f 2610 2636 2635
f 2609 2636 2610
f 2609 2637 2636
f 2608 2637 2609
f 2608 2638 2637
f 2607 2638 2608
f 2607 2639 2638
f 2606 2639 2607
f 2606 2640 2639
f 2605 2641 2640
f 2605 2640 2606
f 2604 2642 2641
f 2604 2641 2605
f 2603 2643 2642
f 2603 2642 2604
f 2602 2644 2643
f 2602 2643 2603
f 2601 2645 2644
f 2601 2644 2602
f 2600 2646 2645
f 2600 2645 2601
f 2599 2647 2646
f 2599 2646 2600
f 2598 2648 2647
f 2598 2647 2599
f 2597 2649 2648
f 2597 2648 2598
f 2596 2650 2649
f 2596 2649 2597
f 2595 2650 2596
f 2595 2651 2650
f 2594 2651 2595
f 2594 2652 2651
f 2593 2652 2594
f 2593 2653 2652
f 2592 2653 2593
f 2592 2654 2653
f 2591 2654 2592
f 2590 2654 2591
f 2590 2655 2654
f 2590 2656 2655
f 2589 2656 2590
f 2589 2657 2656
f 2588 2657 2589
f 2588 2658 2657
f 2587 2658 2588
f 2586 2658 2587
f 2586 2659 2658
f 2585 2659 2586
f 2585 2660 2659
f 2585 2661 2660
f 2584 2661 2585
f 2583 2661 2584
f 2583 2662 2661
f 2582 2662 2583
f 2582 2663 2662
f 2581 2663 2582
f 2581 2580 2663
f 2665 2664 2706
f 2665 2706 2747
f 2666 2747 2746
f 2666 2665 2747
f 2667 2666 2746
f 2667 2746 2745
f 2668 2667 2745
f 2668 2745 2744
f 2669 2668 2744
f 2669 2744 2743
f 2670 2669 2743
f 2670 2743 2742
f 2671 2670 2742
f 2671 2742 2741
f 2672 2671 2741
f 2672 2741 2740
f 2673 2672 2740
f 2673 2740 2739
f 2674 2673 2739
f 2674 2739 2738
f 2675 2674 2738
f 2675 2738 2737
f 2676 2675 2737
f 2676 2737 2736
f 2677 2676 2736
f 2677 2736 2735
f 2678 2677 2735
f 2678 2735 2734
f 2679 2678 2734
f 2679 2734 2733
f 2680 2679 2733
f 2680 2733 2732
f 2681 2680 2732
f 2681 2732 2731
f 2682 2681 2731
f 2682 2731 2730
f 2683 2730 2729
f 2683 2682 2730
f 2684 2729 2728
f 2684 2683 2729
f 2685 2728 2727
f 2685 2684 2728
f 2686 2727 2726
f 2686 2685 2727
f 2687 2725 2724
f 2687 2726 2725
f 2687 2686 2726
f 2688 2687 2724
f 2689 2724 2723
f 2689 2688 2724
f 2690 2723 2722
f 2690 2689 2723
f 2691 2722 2721
f 2691 2690 2722
f 2692 2691 2721
f 2692 2721 2720
f 2693 2692 2720
f 2693 2719 2718
f 2693 2720 2719
f 2694 2693 2718
f 2695 2694 2718
f 2695 2718 2717
f 2696 2695 2717
f 2696 2717 2716
f 2697 2696 2716
f 2697 2716 2715
f 2698 2697 2715
f 2698 2715 2714
f 2699 2698 2714
f 2699 2714 2713
f 2700 2699 2713
f 2700 2712 2711
f 2700 2713 2712
f 2701 2700 2711
f 2702 2701 2711
f 2702 2711 2710
f 2703 2702 2710
f 2703 2710 2709
f 2704 2703 2709
f 2704 2709 2708
f 2705 2707 2706
f 2705 2708 2707
f 2705 2704 2708
f 2664 2705 2706
f 2210 2701 2209
f 2208 2209 2701
f 2211 2701 2210
f 2207 2701 2702
f 2207 2208 2701
f 2212 2700 2701
f 2212 2701 2211
f 2206 2207 2702
f 2213 2700 2212
f 2205 2206 2702
f 2214 2700 2213
f 2204 2205 2702
f 2215 2700 2214
f 2203 2702 2703
f 2203 2204 2702
f 2216 2699 2700
f 2216 2700 2215
f 2160 2203 2703
f 2217 2699 2216
f 2243 2160 2703
f 2218 2699 2217
f 2242 2243 2703
f 2219 2699 2218
f 2241 2703 2704
f 2241 2242 2703
f 2220 2698 2699
f 2220 2699 2219
f 2240 2241 2704
f 2221 2698 2220
f 2239 2704 2705
f 2239 2240 2704
f 2222 2698 2221
f 2238 2239 2705
f 2630 2695 2696
f 2630 2696 2629
f 2628 2629 2696
f 2631 2695 2630
f 2627 2628 2696
f 2632 2695 2631
f 2626 2696 2697
f 2626 2627 2696
f 2633 2695 2632
f 2625 2626 2697
f 2634 2695 2633
f 2634 2694 2695
f 2624 2697 2698
f 2624 2625 2697
f 2635 2694 2634
f 2623 2698 2222
f 2623 2624 2698
f 2636 2694 2635
f 2637 2694 2636
f 2545 2664 2665
f 2546 2664 2545
f 2544 2545 2665
f 2547 2664 2546
f 2638 2694 2637
f 2543 2544 2665
f 2548 2664 2547
f 2542 2543 2665
f 2549 2664 2548
f 2549 2705 2664
f 2774 2228 2229
f 2774 2229 2230
f 2774 2230 2231
f 2775 2226 2227
f 2775 2227 2228
f 2775 2228 2774
f 2639 2694 2638
f 2541 2665 2666
f 2541 2542 2665
f 2773 2231 2232
f 2773 2232 2233
f 2773 2774 2231
f 2550 2705 2549
f 2776 2224 2225
f 2776 2225 2226
f 2776 2226 2775
f 2540 2541 2666
f 2551 2238 2705
f 2551 2705 2550
f 2772 2233 2234
f 2772 2234 2235
f 2772 2235 2236
f 2772 2773 2233
f 2539 2540 2666
f 2693 2694 2639
f 2693 2639 2640
f 2777 2224 2776
f 2777 2222 2223
f 2777 2223 2224
f 2777 2623 2222
f 2641 2693 2640
f 2496 2539 2666
f 2771 2772 2236
f 2771 2236 2237
f 2771 2237 2238
f 2642 2693 2641
f 2579 2496 2666
f 2778 2623 2777
f 2778 2580 2623
f 2778 2663 2580
f 2643 2693 2642
f 2578 2579 2666
f 2770 2551 2552
f 2770 2552 2553
f 2770 2771 2238
f 2770 2238 2551
f 2667 2577 2578
f 2667 2578 2666
f 2779 2663 2778
f 2779 2660 2661
f 2779 2661 2662
f 2779 2662 2663
f 2576 2577 2667
f 2575 2576 2667
f 2769 2553 2554
f 2769 2554 2555
f 2769 2770 2553
f 2574 2575 2667
f 2780 2660 2779
f 2780 2658 2659
f 2780 2659 2660
f 2692 2643 2644
f 2692 2644 2645
f 2692 2693 2643
f 2692 2645 2646
f 2692 2646 2647
f 2768 2555 2556
f 2768 2556 2557
f 2768 2769 2555
f 2781 2658 2780
f 2781 2655 2656
f 2781 2656 2657
f 2781 2657 2658
f 2767 2768 2557
f 2767 2557 2558
f 2767 2558 2559
f 2767 2559 2560
f 2668 2574 2667
f 2668 2570 2571
f 2668 2571 2572
f 2668 2572 2573
f 2668 2573 2574
f 2782 2655 2781
f 2782 2653 2654
f 2782 2654 2655
f 2766 2767 2560
f 2766 2560 2561
f 2766 2561 2562
f 2691 2692 2647
f 2691 2647 2648
f 2691 2648 2649
f 2783 2653 2782
f 2783 2651 2652
f 2783 2652 2653
f 2765 2562 2563
f 2765 2563 2564
f 2765 2564 2565
f 2765 2766 2562
f 2784 2651 2783
f 2784 2649 2650
f 2784 2650 2651
f 2669 2570 2668
f 2669 2568 2569
f 2669 2569 2570
f 2764 2765 2565
f 2764 2565 2566
f 2764 2566 2567
f 2763 2764 2567
f 2670 2567 2568
f 2670 2568 2669
f 2378 2785 2377
f 2378 2784 2785
f 2378 2649 2784
f 2378 2691 2649
f 2376 2377 2785
f 2376 2785 2786
f 2379 2690 2691
f 2379 2691 2378
f 2375 2376 2786
f 2380 2690 2379
f 2374 2375 2786
f 2381 2690 2380
f 2381 2689 2690
f 2373 2786 2787
f 2373 2374 2786
f 2382 2689 2381
f 2372 2373 2787
f 2383 2689 2382
f 2371 2787 2788
f 2371 2372 2787
f 2384 2689 2383
f 2328 2371 2788
f 2385 2689 2384
f 2294 2762 2763
f 2294 2763 2293
f 2411 2328 2788
f 2292 2293 2763
f 2292 2763 2567
f 2292 2567 2670
f 2295 2762 2294
f 2291 2292 2670
f 2296 2761 2762
f 2296 2762 2295
f 2290 2670 2671
f 2290 2291 2670
f 2297 2761 2296
f 2410 2788 2789
f 2410 2411 2788
f 2289 2290 2671
f 2298 2760 2761
f 2298 2761 2297
f 2688 2689 2385
f 2688 2385 2386
f 2688 2386 2387
f 2409 2410 2789
f 2288 2289 2671
f 2299 2760 2298
f 2388 2688 2387
f 2287 2288 2671
f 2300 2760 2299
f 2408 2789 2748
f 2408 2409 2789
f 2389 2688 2388
f 2244 2287 2671
f 2301 2759 2760
f 2301 2760 2300
f 2407 2408 2748
f 2302 2759 2301
f 2406 2407 2748
f 2406 2748 2749
f 2303 2758 2759
f 2303 2759 2302
f 2405 2406 2749
f 2672 2326 2327
f 2672 2327 2244
f 2672 2244 2671
f 2325 2326 2672
f 2404 2405 2749
f 2304 2758 2303
f 2324 2325 2672
f 2305 2758 2304
f 2306 2757 2758
f 2306 2758 2305
f 2307 2757 2306
f 2687 2389 2390
f 2687 2390 2391
f 2687 2391 2392
f 2687 2392 2393
f 2687 2393 2394
f 2687 2688 2389
f 2308 2756 2757
f 2308 2757 2307
f 2673 2319 2320
f 2673 2320 2321
f 2673 2321 2322
f 2673 2322 2323
f 2673 2323 2324
f 2673 2324 2672
f 2686 2687 2394
f 2686 2394 2395
f 2686 2395 2396
f 2686 2396 2397
f 2686 2397 2398
f 2462 2752 2753
f 2462 2753 2461
f 2460 2461 2753
f 2463 2752 2462
f 2459 2460 2753
f 2459 2753 2754
f 2464 2752 2463
f 2464 2751 2752
f 2674 2315 2316
f 2674 2316 2317
f 2674 2317 2318
f 2674 2318 2319
f 2674 2319 2673
f 2458 2459 2754
f 2465 2751 2464
f 2457 2458 2754
f 2457 2754 2755
f 2466 2751 2465
f 2456 2457 2755
f 2467 2751 2466
f 2467 2750 2751
f 2455 2456 2755
f 2455 2755 2756
f 2468 2750 2467
f 2412 2455 2756
f 2469 2404 2749
f 2469 2750 2468
f 2469 2749 2750
f 2685 2686 2398
f 2685 2398 2399
f 2685 2399 2400
f 2685 2400 2401
f 2685 2401 2402
f 2495 2412 2756
f 2495 2756 2308
f 2675 2311 2312
f 2675 2312 2313
f 2675 2313 2314
f 2675 2314 2315
f 2675 2315 2674
f 2684 2404 2469
f 2684 2685 2402
f 2684 2402 2403
f 2684 2403 2404
f 2684 2469 2470
f 2676 2309 2310
f 2676 2310 2311
f 2676 2311 2675
f 2683 2684 2470
f 2683 2470 2471
f 2683 2471 2472
f 2677 2308 2309
f 2677 2493 2494
f 2677 2494 2495
f 2677 2495 2308
f 2677 2309 2676
f 2682 2683 2472
f 2682 2472 2473
f 2682 2473 2474
f 2682 2474 2475
f 2682 2475 2476
f 2678 2489 2490
f 2678 2490 2491
f 2678 2491 2492
f 2678 2492 2493
f 2678 2493 2677
f 2681 2682 2476
f 2681 2476 2477
f 2681 2477 2478
f 2681 2478 2479
f 2681 2479 2480
f 2679 2487 2488
f 2679 2488 2489
f 2679 2489 2678
f 2679 2485 2486
f 2679 2486 2487
f 2680 2681 2480
f 2680 2480 2481
f 2680 2481 2482
f 2680 2482 2483
f 2680 2483 2484
f 2680 2484 2485
f 2680 2485 2679
f 2791 2833 2790
f 2832 2834 2833
f 2832 2833 2791
f 2831 2835 2834
f 2831 2834 2832
f 2830 2835 2831
f 2830 2836 2835
f 2829 2836 2830
f 2829 2837 2836
f 2828 2837 2829
f 2828 2838 2837
f 2827 2838 2828
f 2827 2839 2838
f 2826 2839 2827
f 2826 2840 2839
f 2825 2840 2826
f 2825 2841 2840
f 2824 2841 2825
f 2824 2842 2841
f 2823 2842 2824
f 2823 2843 2842
f 2822 2843 2823
f 2822 2844 2843
f 2821 2844 2822
f 2821 2845 2844
f 2820 2845 2821
f 2820 2846 2845
f 2819 2846 2820
f 2819 2847 2846
f 2818 2847 2819
f 2818 2848 2847
f 2817 2848 2818
f 2817 2849 2848
f 2816 2849 2817
f 2816 2850 2849
f 2815 2851 2850
f 2815 2850 2816
f 2814 2851 2815
f 2813 2852 2851
f 2813 2853 2852
f 2813 2851 2814
f 2812 2854 2853
f 2812 2853 2813
f 2811 2855 2854
f 2811 2854 2812
f 2810 2855 2811
f 2809 2856 2855
f 2809 2857 2856
f 2809 2855 2810
f 2808 2857 2809
f 2807 2858 2857
f 2807 2859 2858
f 2807 2857 2808
f 2806 2860 2859
f 2806 2859 2807
f 2805 2860 2806
f 2804 2860 2805
f 2804 2861 2860
f 2804 2862 2861
f 2803 2862 2804
f 2802 2862 2803
f 2802 2863 2862
f 2801 2863 2802
f 2801 2864 2863
f 2801 2865 2864
f 2800 2865 2801
f 2799 2865 2800
f 2799 2866 2865
f 2799 2867 2866
f 2798 2867 2799
f 2798 2868 2867
f 2797 2868 2798
f 2796 2868 2797
f 2796 2869 2868
f 2795 2869 2796
f 2795 2870 2869
f 2794 2870 2795
f 2794 2871 2870
f 2794 2872 2871
f 2793 2872 2794
f 2792 2872 2793
f 2792 2873 2872
f 2791 2873 2792
f 2791 2790 2873
f 2916 2874 2875
f 2916 2917 2874
f 2916 2918 2917
f 2915 2919 2918
f 2915 2918 2916
f 2914 2919 2915
f 2914 2920 2919
f 2913 2920 2914
f 2913 2921 2920
f 2912 2921 2913
f 2912 2922 2921
f 2911 2922 2912
f 2911 2923 2922
f 2910 2923 2911
f 2910 2924 2923
f 2909 2924 2910
f 2909 2925 2924
f 2908 2925 2909
f 2908 2926 2925
f 2907 2926 2908
f 2907 2927 2926
f 2906 2927 2907
f 2906 2928 2927
f 2905 2928 2906
f 2905 2929 2928
f 2904 2929 2905
f 2904 2930 2929
f 2903 2930 2904
f 2903 2931 2930
f 2902 2931 2903
f 2902 2932 2931
f 2901 2932 2902
f 2901 2933 2932
f 2900 2933 2901
f 2900 2934 2933
f 2899 2935 2934
f 2899 2934 2900
f 2898 2936 2935
f 2898 2935 2899
f 2897 2937 2936
f 2897 2936 2898
f 2896 2938 2937
f 2896 2937 2897
f 2895 2939 2938
f 2895 2938 2896
f 2894 2939 2895
f 2893 2940 2939
f 2893 2941 2940
f 2893 2939 2894
f 2892 2942 2941
f 2892 2941 2893
f 2891 2943 2942
f 2891 2942 2892
f 2890 2944 2943
f 2890 2943 2891
f 2889 2944 2890
f 2889 2945 2944
f 2888 2945 2889
f 2888 2946 2945
f 2887 2946 2888
f 2887 2947 2946
f 2886 2947 2887
f 2885 2947 2886
f 2885 2948 2947
f 2884 2948 2885
f 2884 2949 2948
f 2883 2949 2884
f 2883 2950 2949
f 2882 2950 2883
f 2882 2951 2950
f 2882 2952 2951
f 2881 2952 2882
f 2881 2953 2952
f 2880 2953 2881
f 2879 2953 2880
f 2879 2954 2953
f 2879 2955 2954
f 2878 2955 2879
f 2877 2955 2878
f 2877 2956 2955
f 2876 2956 2877
f 2876 2957 2956
f 2875 2957 2876
f 2875 2874 2957
f 2959 3001 2958
f 3000 3002 3001
f 3000 3001 2959
f 2999 3003 3002
f 2999 3002 3000
f 2998 3003 2999
f 2998 3004 3003
f 2997 3004 2998
f 2997 3005 3004
f 2996 3005 2997
f 2996 3006 3005
f 2995 3006 2996
f 2995 3007 3006
f 2994 3007 2995
f 2994 3008 3007
f 2993 3008 2994
f 2993 3009 3008
f 2992 3009 2993
f 2992 3010 3009
f 2991 3010 2992
f 2991 3011 3010
f 2990 3011 2991
f 2990 3012 3011
f 2989 3012 2990
f 2989 3013 3012
f 2988 3013 2989
f 2988 3014 3013
f 2987 3014 2988
f 2987 3015 3014
f 2986 3015 2987
f 2986 3016 3015
f 2985 3016 2986
f 2985 3017 3016
f 2984 3017 2985
f 2983 3018 3017
f 2983 3019 3018
f 2983 3017 2984
f 2982 3020 3019
f 2982 3019 2983
f 2981 3021 3020
f 2981 3020 2982
f 2980 3022 3021
f 2980 3021 2981
f 2979 3022 2980
f 2978 3023 3022
f 2978 3024 3023
f 2978 3022 2979
f 2977 3024 2978
f 2976 3025 3024
f 2976 3026 3025
f 2976 3024 2977
f 2975 3026 2976
f 2974 3027 3026
f 2974 3028 3027
f 2974 3026 2975
f 2973 3028 2974
f 2973 3029 3028
f 2972 3029 2973
f 2972 3030 3029
f 2971 3030 2972
f 2970 3030 2971
f 2970 3031 3030
f 2970 3032 3031
f 2969 3032 2970
f 2968 3032 2969
f 2968 3033 3032
f 2968 3034 3033
f 2967 3034 2968
f 2966 3034 2967
f 2966 3035 3034
f 2966 3036 3035
f 2965 3036 2966
f 2964 3036 2965
f 2964 3037 3036
f 2964 3038 3037
f 2963 3038 2964
f 2962 3038 2963
f 2962 3039 3038
f 2961 3039 2962
f 2961 3040 3039
f 2960 3040 2961
f 2960 3041 3040
f 2960 2958 3041
f 2959 2958 2960
f 3043 3085 3042
f 3084 3086 3085
f 3084 3085 3043
f 3083 3087 3086
f 3083 3086 3084
f 3082 3087 3083
f 3082 3088 3087
f 3081 3088 3082
f 3081 3089 3088
f 3080 3089 3081
f 3080 3090 3089
f 3079 3090 3080
f 3079 3091 3090
f 3078 3091 3079
f 3078 3092 3091
f 3077 3092 3078
f 3077 3093 3092
f 3076 3093 3077
f 3076 3094 3093
f 3075 3094 3076
f 3075 3095 3094
f 3074 3095 3075
f 3074 3096 3095
f 3073 3096 3074
f 3073 3097 3096
f 3072 3097 3073
f 3072 3098 3097
f 3071 3098 3072
f 3071 3099 3098
f 3070 3099 3071
f 3070 3100 3099
f 3069 3100 3070
f 3069 3101 3100
f 3068 3101 3069
f 3068 3102 3101
f 3067 3103 3102
f 3067 3102 3068
f 3066 3104 3103
f 3066 3103 3067
f 3065 3105 3104
f 3065 3104 3066
f 3064 3106 3105
f 3064 3105 3065
f 3063 3106 3064
f 3062 3107 3106
f 3062 3108 3107
f 3062 3106 3063
f 3061 3108 3062
f 3060 3109 3108
f 3060 3110 3109
f 3060 3108 3061
f 3059 3111 3110
f 3059 3110 3060
f 3058 3112 3111
f 3058 3111 3059
f 3057 3112 3058
f 3057 3113 3112
f 3056 3113 3057
f 3056 3114 3113
f 3055 3114 3056
f 3055 3115 3114
f 3054 3115 3055
f 3054 3116 3115
f 3053 3116 3054
f 3053 3117 3116
f 3052 3117 3053
f 3051 3117 3052
f 3051 3118 3117
f 3050 3118 3051
f 3050 3119 3118
f 3050 3120 3119
f 3049 3120 3050
f 3048 3120 3049
f 3048 3121 3120
f 3048 3122 3121
f 3047 3122 3048
f 3046 3122 3047
f 3046 3123 3122
f 3046 3124 3123
f 3045 3124 3046
f 3044 3124 3045
f 3044 3125 3124
f 3044 3042 3125
f 3043 3042 3044
f 3127 3169 3126
f 3168 3170 3169
f 3168 3169 3127
f 3167 3171 3170
f 3167 3170 3168
f 3166 3171 3167
f 3166 3172 3171
f 3165 3172 3166
f 3165 3173 3172
f 3164 3173 3165
f 3164 3174 3173
f 3163 3174 3164
f 3163 3175 3174
f 3162 3175 3163
f 3162 3176 3175
f 3161 3176 3162
f 3161 3177 3176
f 3160 3177 3161
f 3160 3178 3177
f 3159 3178 3160
f 3159 3179 3178
f 3158 3179 3159
f 3158 3180 3179
f 3157 3180 3158
f 3157 3181 3180
f 3156 3181 3157
f 3156 3182 3181
f 3155 3182 3156
f 3155 3183 3182
f 3154 3183 3155
f 3154 3184 3183
f 3153 3184 3154
f 3153 3185 3184
f 3152 3185 3153
f 3152 3186 3185
f 3151 3187 3186
f 3151 3186 3152
f 3150 3188 3187
f 3150 3187 3151
f 3149 3189 3188
f 3149 3188 3150
f 3148 3190 3189
f 3148 3189 3149
f 3147 3190 3148
f 3146 3191 3190
f 3146 3192 3191
f 3146 3190 3147
f 3145 3193 3192
f 3145 3192 3146
f 3144 3194 3193
f 3144 3193 3145
f 3143 3194 3144
f 3142 3195 3194
f 3142 3194 3143
f 3141 3196 3195
f 3141 3197 3196
f 3141 3195 3142
f 3140 3197 3141
f 3139 3197 3140
f 3139 3198 3197
f 3139 3199 3198
f 3138 3199 3139
f 3138 3200 3199
f 3137 3200 3138
f 3137 3201 3200
f 3136 3201 3137
f 3135 3201 3136
f 3135 3202 3201
f 3135 3203 3202
f 3134 3203 3135
f 3134 3204 3203
f 3133 3204 3134
f 3132 3204 3133
f 3132 3205 3204
f 3132 3206 3205
f 3131 3206 3132
f 3131 3207 3206
f 3130 3207 3131
f 3129 3207 3130
f 3129 3208 3207
f 3128 3208 3129
f 3128 3209 3208
f 3127 3209 3128
f 3127 3126 3209
f 3211 3210 3259
f 3211 3259 3300
f 3212 3211 3300
f 3212 3300 3299
f 3213 3212 3299
f 3213 3299 3298
f 3214 3213 3298
f 3214 3298 3297
f 3215 3214 3297
f 3215 3297 3296
f 3216 3215 3296
f 3216 3296 3295
f 3217 3216 3295
f 3218 3217 3295
f 3218 3295 3294
f 3219 3218 3294
f 3219 3294 3293
f 3220 3219 3293
f 3220 3293 3292
f 3221 3220 3292
f 3221 3292 3291
f 3222 3221 3291
f 3222 3291 3290
f 3223 3222 3290
f 3223 3290 3289
f 3224 3223 3289
f 3224 3289 3288
f 3225 3224 3288
f 3226 3225 3288
f 3226 3288 3287
f 3227 3226 3287
f 3227 3287 3286
f 3228 3227 3286
f 3228 3286 3285
f 3229 3228 3285
f 3229 3285 3284
f 3230 3229 3284
f 3230 3284 3283
f 3231 3283 3282
f 3231 3230 3283
f 3232 3231 3282
f 3233 3232 3282
f 3233 3282 3281
f 3234 3281 3280
f 3234 3233 3281
f 3235 3280 3279
f 3235 3234 3280
f 3236 3279 3278
f 3236 3235 3279
f 3237 3278 3277
f 3237 3236 3278
f 3238 3237 3277
f 3238 3277 3276
f 3239 3238 3276
f 3240 3276 3275
f 3240 3239 3276
f 3241 3240 3275
f 3241 3275 3274
f 3242 3241 3274
f 3242 3274 3273
f 3243 3242 3273
f 3243 3273 3272
f 3244 3243 3272
f 3244 3272 3271
f 3245 3244 3271
f 3245 3271 3270
f 3246 3245 3270
f 3247 3246 3270
f 3247 3270 3269
f 3248 3247 3269
f 3248 3269 3268
f 3249 3248 3268
f 3249 3268 3267
f 3250 3249 3267
f 3250 3267 3266
f 3251 3250 3266
f 3251 3266 3265
f 3252 3251 3265
f 3252 3265 3264
f 3253 3252 3264
f 3253 3264 3263
f 3254 3253 3263
f 3255 3263 3262
f 3255 3254 3263
f 3256 3262 3261
f 3256 3255 3262
f 3257 3261 3260
f 3257 3256 3261
f 3258 3260 3259
f 3258 3257 3260
f 3210 3258 3259
f 3302 3301 3350
f 3302 3350 3391
f 3303 3302 3391
f 3303 3391 3390
f 3304 3303 3390
f 3304 3390 3389
f 3305 3304 3389
f 3305 3389 3388
f 3306 3305 3388
f 3306 3388 3387
f 3307 3306 3387
f 3307 3387 3386
f 3308 3307 3386
f 3309 3308 3386
f 3309 3386 3385
f 3310 3309 3385
f 3310 3385 3384
f 3311 3310 3384
f 3311 3384 3383
f 3312 3311 3383
f 3312 3383 3382
f 3313 3312 3382
f 3313 3382 3381
f 3314 3313 3381
f 3314 3381 3380
f 3315 3314 3380
f 3315 3380 3379
f 3316 3315 3379
f 3317 3316 3379
f 3317 3379 3378
f 3318 3317 3378
f 3318 3378 3377
f 3319 3318 3377
f 3319 3377 3376
f 3320 3319 3376
f 3320 3376 3375
f 3321 3320 3375
f 3321 3375 3374
f 3322 3374 3373
f 3322 3321 3374
f 3323 3322 3373
f 3324 3323 3373
f 3324 3373 3372
f 3325 3372 3371
f 3325 3324 3372
f 3326 3371 3370
f 3326 3325 3371
f 3327 3370 3369
f 3327 3326 3370
f 3328 3369 3368
f 3328 3327 3369
f 3329 3328 3368
f 3329 3368 3367
f 3330 3329 3367
f 3331 3367 3366
f 3331 3330 3367
f 3332 3331 3366
f 3332 3366 3365
f 3333 3332 3365
f 3333 3365 3364
f 3334 3333 3364
f 3334 3364 3363
f 3335 3334 3363
f 3335 3363 3362
f 3336 3335 3362
f 3336 3362 3361
f 3337 3336 3361
f 3338 3337 3361
f 3338 3361 3360
f 3339 3338 3360
f 3339 3360 3359
f 3340 3339 3359
f 3340 3359 3358
f 3341 3340 3358
f 3341 3358 3357
f 3342 3341 3357
f 3342 3357 3356
f 3343 3342 3356
f 3343 3356 3355
f 3344 3343 3355
f 3344 3355 3354
f 3345 3344 3354
f 3346 3354 3353
f 3346 3345 3354
f 3347 3353 3352
f 3347 3346 3353
f 3348 3352 3351
f 3348 3347 3352
f 3349 3351 3350
f 3349 3348 3351
f 3301 3349 3350
f 3393 3392 3441
f 3393 3441 3482
f 3394 3393 3482
f 3394 3482 3481
f 3395 3394 3481
f 3395 3481 3480
f 3396 3395 3480
f 3396 3480 3479
f 3397 3396 3479
f 3397 3479 3478
f 3398 3397 3478
f 3398 3478 3477
f 3399 3398 3477
f 3400 3399 3477
f 3400 3477 3476
f 3401 3400 3476
f 3401 3476 3475
f 3402 3401 3475
f 3402 3475 3474
f 3403 3402 3474
f 3403 3474 3473
f 3404 3403 3473
f 3404 3473 3472
f 3405 3404 3472
f 3405 3472 3471
f 3406 3405 3471
f 3406 3471 3470
f 3407 3406 3470
f 3408 3407 3470
f 3408 3470 3469
f 3409 3408 3469
f 3409 3469 3468
f 3410 3409 3468
f 3410 3468 3467
f 3411 3410 3467
f 3411 3467 3466
f 3412 3411 3466
f 3412 3466 3465
f 3413 3465 3464
f 3413 3412 3465
f 3414 3413 3464
f 3415 3414 3464
f 3415 3464 3463
f 3416 3463 3462
f 3416 3415 3463
f 3417 3462 3461
f 3417 3416 3462
f 3418 3461 3460
f 3418 3417 3461
f 3419 3460 3459
f 3419 3418 3460
f 3420 3419 3459
f 3420 3459 3458
f 3421 3420 3458
f 3422 3458 3457
f 3422 3421 3458
f 3423 3422 3457
f 3423 3457 3456
f 3424 3423 3456
f 3424 3456 3455
f 3425 3424 3455
f 3425 3455 3454
f 3426 3425 3454
f 3426 3454 3453
f 3427 3426 3453
f 3427 3453 3452
f 3428 3427 3452
f 3429 3428 3452
f 3429 3452 3451
f 3430 3429 3451
f 3430 3451 3450
f 3431 3430 3450
f 3431 3450 3449
f 3432 3431 3449
f 3432 3449 3448
f 3433 3432 3448
f 3433 3448 3447
f 3434 3433 3447
f 3434 3447 3446
f 3435 3434 3446
f 3435 3446 3445
f 3436 3435 3445
f 3437 3445 3444
f 3437 3436 3445
f 3438 3444 3443
f 3438 3437 3444
f 3439 3443 3442
f 3439 3438 3443
f 3440 3442 3441
f 3440 3439 3442
f 3392 3440 3441
f 3484 3483 3532
f 3484 3532 3573
f 3485 3484 3573
f 3485 3573 3572
f 3486 3485 3572
f 3486 3572 3571
f 3487 3486 3571
f 3487 3571 3570
f 3488 3487 3570
f 3488 3570 3569
f 3489 3488 3569
f 3489 3569 3568
f 3490 3489 3568
f 3491 3490 3568
f 3491 3568 3567
f 3492 3491 3567
f 3492 3567 3566
f 3493 3492 3566
f 3493 3566 3565
f 3494 3493 3565
f 3494 3565 3564
f 3495 3494 3564
f 3495 3564 3563
f 3496 3495 3563
f 3496 3563 3562
f 3497 3496 3562
f 3497 3562 3561
f 3498 3497 3561
f 3499 3498 3561
f 3499 3561 3560
f 3500 3499 3560
f 3500 3560 3559
f 3501 3500 3559
f 3501 3559 3558
f 3502 3501 3558
f 3502 3558 3557
f 3503 3502 3557
f 3503 3557 3556
f 3504 3556 3555
f 3504 3503 3556
f 3505 3504 3555
f 3506 3505 3555
f 3506 3555 3554
f 3507 3554 3553
f 3507 3506 3554
f 3508 3553 3552
f 3508 3507 3553
f 3509 3552 3551
f 3509 3508 3552
f 3510 3551 3550
f 3510 3509 3551
f 3511 3510 3550
f 3511 3550 3549
f 3512 3511 3549
f 3513 3549 3548
f 3513 3512 3549
f 3514 3513 3548
f 3514 3548 3547
f 3515 3514 3547
f 3515 3547 3546
f 3516 3515 3546
f 3516 3546 3545
f 3517 3516 3545
f 3517 3545 3544
f 3518 3517 3544
f 3518 3544 3543
f 3519 3518 3543
f 3520 3519 3543
f 3520 3543 3542
f 3521 3520 3542
f 3521 3542 3541
f 3522 3521 3541
f 3522 3541 3540
f 3523 3522 3540
f 3523 3540 3539
f 3524 3523 3539
f 3524 3539 3538
f 3525 3524 3538
f 3525 3538 3537
f 3526 3525 3537
f 3526 3537 3536
f 3527 3526 3536
f 3528 3536 3535
f 3528 3527 3536
f 3529 3535 3534
f 3529 3528 3535
f 3530 3534 3533
f 3530 3529 3534
f 3531 3533 3532
f 3531 3530 3533
f 3483 3531 3532
f 3575 3574 3623
f 3575 3623 3664
f 3576 3575 3664
f 3576 3664 3663
f 3577 3576 3663
f 3577 3663 3662
f 3578 3577 3662
f 3578 3662 3661
f 3579 3578 3661
f 3579 3661 3660
f 3580 3579 3660
f 3580 3660 3659
f 3581 3580 3659
f 3582 3581 3659
f 3582 3659 3658
f 3583 3582 3658
f 3583 3658 3657
f 3584 3583 3657
f 3584 3657 3656
f 3585 3584 3656
f 3585 3656 3655
f 3586 3585 3655
f 3586 3655 3654
f 3587 3586 3654
f 3587 3654 3653
f 3588 3587 3653
f 3588 3653 3652
f 3589 3588 3652
f 3590 3589 3652
f 3590 3652 3651
f 3591 3590 3651
f 3591 3651 3650
f 3592 3591 3650
f 3592 3650 3649
f 3593 3592 3649
f 3593 3649 3648
f 3594 3593 3648
f 3594 3648 3647
f 3595 3647 3646
f 3595 3594 3647
f 3596 3595 3646
f 3597 3596 3646
f 3597 3646 3645
f 3598 3645 3644
f 3598 3597 3645
f 3599 3644 3643
f 3599 3598 3644
f 3600 3643 3642
f 3600 3599 3643
f 3601 3642 3641
f 3601 3600 3642
f 3602 3601 3641
f 3602 3641 3640
f 3603 3602 3640
f 3604 3640 3639
f 3604 3603 3640
f 3605 3604 3639
f 3605 3639 3638
f 3606 3605 3638
f 3606 3638 3637
f 3607 3606 3637
f 3607 3637 3636
f 3608 3607 3636
f 3608 3636 3635
f 3609 3608 3635
f 3609 3635 3634
f 3610 3609 3634
f 3611 3610 3634
f 3611 3634 3633
f 3612 3611 3633
f 3612 3633 3632
f 3613 3612 3632
f 3613 3632 3631
f 3614 3613 3631
f 3614 3631 3630
f 3615 3614 3630
f 3615 3630 3629
f 3616 3615 3629
f 3616 3629 3628
f 3617 3616 3628
f 3617 3628 3627
f 3618 3617 3627
f 3619 3627 3626
f 3619 3618 3627
f 3620 3626 3625
f 3620 3619 3626
f 3621 3625 3624
f 3621 3620 3625
f 3622 3624 3623
f 3622 3621 3624
f 3574 3622 3623
f 2789 3665 2748
f 2789 3666 3665
f 2788 3667 3666
f 2788 3666 2789
f 2787 3668 3667
f 2787 3667 2788
f 2786 3668 2787
f 2786 3669 3668
f 2785 3669 2786
f 2785 3670 3669
f 2784 3670 2785
f 2784 3671 3670
f 2783 3671 2784
f 2783 3672 3671
f 2782 3672 2783
f 2782 3673 3672
f 2781 3673 2782
f 2781 3674 3673
f 2780 3674 2781
f 2780 3675 3674
f 2780 3676 3675
f 2779 3676 2780
f 2779 3677 3676
f 2778 3677 2779
f 2778 3678 3677
f 2777 3678 2778
f 2777 3679 3678
f 2776 3679 2777
f 2776 3680 3679
f 2775 3680 2776
f 2775 3681 3680
f 2774 3681 2775
f 2774 3682 3681
f 2773 3682 2774
f 2773 3683 3682
f 2772 3684 3683
f 2772 3683 2773
f 2771 3685 3684
f 2771 3684 2772
f 2770 3686 3685
f 2770 3685 2771
f 2769 3687 3686
f 2769 3686 2770
f 2768 3688 3687
f 2768 3687 2769
f 2767 3689 3688
f 2767 3688 2768
f 2766 3689 2767
f 2765 3690 3689
f 2765 3691 3690
f 2765 3689 2766
f 2764 3692 3691
f 2764 3691 2765
f 2763 3693 3692
f 2763 3692 2764
f 2762 3693 2763
f 2761 3693 2762
f 2761 3694 3693
f 2761 3695 3694
f 2760 3695 2761
f 2760 3696 3695
f 2759 3696 2760
f 2758 3696 2759
f 2758 3697 3696
f 2757 3697 2758
f 2757 3698 3697
f 2756 3698 2757
f 2756 3699 3698
f 2756 3700 3699
f 2755 3700 2756
f 2755 3701 3700
f 2754 3701 2755
f 2754 3702 3701
f 2753 3702 2754
f 2753 3703 3702
f 2752 3703 2753
f 2751 3703 2752
f 2751 3704 3703
f 2751 3705 3704
f 2750 3705 2751
f 2749 3705 2750
f 2749 3706 3705
f 2748 3706 2749
f 2748 3665 3706
f 3709 3707 3708
f 3709 3750 3707
f 3710 3751 3750
f 3710 3750 3709
f 3711 3751 3710
f 3711 3752 3751
f 3712 3752 3711
f 3712 3753 3752
f 3713 3753 3712
f 3713 3754 3753
f 3714 3754 3713
f 3714 3755 3754
f 3715 3755 3714
f 3715 3756 3755
f 3716 3756 3715
f 3716 3757 3756
f 3717 3757 3716
f 3717 3758 3757
f 3718 3758 3717
f 3718 3759 3758
f 3718 3760 3759
f 3719 3760 3718
f 3720 3760 3719
f 3720 3761 3760
f 3720 3762 3761
f 3721 3762 3720
f 3722 3762 3721
f 3722 3763 3762
f 3722 3764 3763
f 3723 3764 3722
f 3724 3764 3723
f 3724 3765 3764
f 3725 3765 3724
f 3725 3766 3765
f 3726 3767 3766
f 3726 3766 3725
f 3727 3768 3767
f 3727 3767 3726
f 3728 3768 3727
f 3728 3769 3768
f 3728 3770 3769
f 3729 3771 3770
f 3729 3770 3728
f 3730 3771 3729
f 3731 3772 3771
f 3731 3771 3730
f 3732 3773 3772
f 3732 3774 3773
f 3732 3772 3731
f 3733 3774 3732
f 3734 3775 3774
f 3734 3774 3733
f 3735 3776 3775
f 3735 3777 3776
f 3735 3775 3734
f 3736 3777 3735
f 3737 3777 3736
f 3737 3778 3777
f 3737 3779 3778
f 3738 3779 3737
f 3739 3779 3738
f 3739 3780 3779
f 3740 3780 3739
f 3740 3781 3780
f 3740 3782 3781
f 3741 3782 3740
f 3742 3782 3741
f 3742 3783 3782
f 3742 3784 3783
f 3743 3784 3742
f 3744 3784 3743
f 3744 3785 3784
f 3745 3785 3744
f 3745 3786 3785
f 3746 3786 3745
f 3746 3787 3786
f 3747 3787 3746
f 3747 3788 3787
f 3748 3788 3747
f 3748 3789 3788
f 3749 3789 3748
f 3749 3790 3789
f 3708 3790 3749
f 3708 3707 3790
f 2195 2196 3724
f 2197 3724 2196
f 2194 2195 3724
f 2198 3725 3724
f 2198 3724 2197
f 2193 3724 3723
f 2193 2194 3724
f 2199 3725 2198
f 2192 2193 3723
f 2200 3725 2199
f 2191 2192 3723
f 2201 3725 2200
f 2190 2191 3723
f 2202 3726 3725
f 2202 3725 2201
f 2189 3723 3722
f 2189 2190 3723
f 2161 3726 2202
f 2188 2189 3722
f 2162 3726 2161
f 2187 2188 3722
f 2163 3726 2162
f 2186 2187 3722
f 2164 3727 3726
f 2164 3726 2163
f 2185 3722 3721
f 2185 2186 3722
f 2165 3727 2164
f 2184 2185 3721
f 2166 3728 3727
f 2166 3727 2165
f 2183 2184 3721
f 2167 3728 2166
f 2615 3719 3718
f 2615 2616 3719
f 2617 3719 2616
f 2614 2615 3718
f 2618 3719 2617
f 2613 2614 3718
f 2619 3720 3719
f 2619 3719 2618
f 2612 2613 3718
f 2620 3720 2619
f 2611 3718 3717
f 2611 2612 3718
f 2621 3721 3720
f 2621 3720 2620
f 2610 2611 3717
f 2622 2183 3721
f 2622 3721 2621
f 2609 2610 3717
f 2608 2609 3717
f 2532 3730 3729
f 2531 2532 3729
f 2533 3730 2532
f 2530 2531 3729
f 2607 2608 3717
f 2534 3730 2533
f 2529 2530 3729
f 2535 3730 2534
f 2528 3729 3728
f 2528 2529 3729
f 3681 2174 2175
f 3681 2175 2176
f 3681 2176 2177
f 3680 2177 2178
f 3680 2178 2179
f 3680 3681 2177
f 2606 2607 3717
f 2536 3731 3730
f 2536 3730 2535
f 3682 2172 2173
f 3682 2174 3681
f 3682 2173 2174
f 2527 2528 3728
f 3679 2179 2180
f 3679 2180 2181
f 3679 3680 2179
f 2537 3731 2536
f 2526 3728 2167
f 2526 2527 3728
f 3683 2172 3682
f 3683 2169 2170
f 3683 2170 2171
f 3683 2171 2172
f 2538 3731 2537
f 3716 2606 3717
f 3716 2605 2606
f 3678 3679 2181
f 3678 2181 2182
f 3678 2182 2183
f 3678 2183 2622
f 2604 2605 3716
f 2497 3731 2538
f 3684 2167 2168
f 3684 2168 2169
f 3684 2169 3683
f 2603 2604 3716
f 2498 3731 2497
f 3677 3678 2622
f 3677 2581 2582
f 3677 2622 2581
f 2602 2603 3716
f 2499 3731 2498
f 3685 2526 2167
f 3685 2167 3684
f 3685 2524 2525
f 3685 2525 2526
f 3732 2499 2500
f 3732 3731 2499
f 3676 3677 2582
f 3676 2582 2583
f 3676 2583 2584
f 3676 2584 2585
f 2501 3732 2500
f 2502 3732 2501
f 3686 2522 2523
f 3686 2523 2524
f 3686 2524 3685
f 2503 3732 2502
f 3675 3676 2585
f 3675 2585 2586
f 3675 2586 2587
f 3715 2602 3716
f 3715 2598 2599
f 3715 2599 2600
f 3715 2600 2601
f 3715 2601 2602
f 3687 2522 3686
f 3687 2520 2521
f 3687 2521 2522
f 3674 2587 2588
f 3674 2588 2589
f 3674 2589 2590
f 3674 3675 2587
f 3688 2517 2518
f 3688 2518 2519
f 3688 2520 3687
f 3688 2519 2520
f 3733 2503 2504
f 3733 2504 2505
f 3733 2505 2506
f 3733 2506 2507
f 3733 3732 2503
f 3673 3674 2590
f 3673 2590 2591
f 3673 2591 2592
f 3689 2517 3688
f 3689 2515 2516
f 3689 2516 2517
f 3714 2596 2597
f 3714 2598 3715
f 3714 2597 2598
f 3672 3673 2592
f 3672 2592 2593
f 3672 2593 2594
f 3690 2515 3689
f 3690 2512 2513
f 3690 2513 2514
f 3690 2514 2515
f 3671 3672 2594
f 3671 2594 2595
f 3671 2595 2596
f 3734 2507 2508
f 3734 2508 2509
f 3734 3733 2507
f 3691 2510 2511
f 3691 2511 2512
f 3691 2512 3690
f 3692 2510 3691
f 3735 3734 2509
f 3735 2509 2510
f 2363 3671 2596
f 2363 2596 3714
f 2363 2364 3670
f 2363 3670 3671
f 2365 3670 2364
f 2365 3669 3670
f 2362 3714 3713
f 2362 2363 3714
f 2366 3669 2365
f 2361 2362 3713
f 2367 3669 2366
f 2360 2361 3713
f 2360 3713 3712
f 2368 3669 2367
f 2368 3668 3669
f 2359 2360 3712
f 2369 3668 2368
f 2358 2359 3712
f 2370 3668 2369
f 2370 3667 3668
f 2357 2358 3712
f 2329 3667 2370
f 2356 2357 3712
f 2279 2280 3692
f 2279 3692 3693
f 2330 3667 2329
f 2281 3692 2280
f 2281 2510 3692
f 2281 3735 2510
f 2278 2279 3693
f 2282 3735 2281
f 2277 3693 3694
f 2277 2278 3693
f 2283 3736 3735
f 2283 3735 2282
f 2276 2277 3694
f 2331 3667 2330
f 2331 3666 3667
f 2284 3736 2283
f 2275 3694 3695
f 2275 2276 3694
f 3711 2356 3712
f 3711 2354 2355
f 3711 2355 2356
f 2332 3666 2331
f 2285 3736 2284
f 2274 2275 3695
f 2353 2354 3711
f 2286 3736 2285
f 2273 2274 3695
f 2333 3666 2332
f 2333 3665 3666
f 2352 2353 3711
f 2245 3736 2286
f 2272 3695 3696
f 2272 2273 3695
f 2334 3665 2333
f 2271 2272 3696
f 2335 3665 2334
f 2335 3706 3665
f 2270 3696 3697
f 2270 2271 3696
f 2336 3706 2335
f 3737 2245 2246
f 3737 3736 2245
f 3737 2246 2247
f 2248 3737 2247
f 2337 3706 2336
f 2269 2270 3697
f 2249 3737 2248
f 2268 2269 3697
f 2267 2268 3697
f 2267 3697 3698
f 2266 2267 3698
f 3710 2347 2348
f 3710 2348 2349
f 3710 2349 2350
f 3710 2350 2351
f 3710 2351 2352
f 3710 2352 3711
f 2265 3698 3699
f 2265 2266 3698
f 3738 3737 2249
f 3738 2249 2250
f 3738 2250 2251
f 3738 2251 2252
f 3738 2252 2253
f 3738 2253 2254
f 3709 2347 3710
f 3709 2343 2344
f 3709 2344 2345
f 3709 2345 2346
f 3709 2346 2347
f 2447 2448 3702
f 2447 3702 3703
f 2449 3702 2448
f 2446 2447 3703
f 2450 3701 3702
f 2450 3702 2449
f 2445 2446 3703
f 2445 3703 3704
f 3739 3738 2254
f 3739 2254 2255
f 3739 2255 2256
f 3739 2256 2257
f 3739 2257 2258
f 2451 3701 2450
f 2444 2445 3704
f 2452 3701 2451
f 2452 3700 3701
f 2443 2444 3704
f 2453 3700 2452
f 2442 2443 3704
f 2442 3704 3705
f 2454 3700 2453
f 2454 3699 3700
f 2441 2442 3705
f 2413 3699 2454
f 2440 3706 2337
f 2440 2441 3705
f 2440 3705 3706
f 3708 2339 2340
f 3708 2340 2341
f 3708 2341 2342
f 3708 2342 2343
f 3708 2343 3709
f 2414 3699 2413
f 2414 2265 3699
f 3740 2261 2262
f 3740 3739 2258
f 3740 2258 2259
f 3740 2259 2260
f 3740 2260 2261
f 3749 2440 2337
f 3749 2339 3708
f 3749 2337 2338
f 3749 2338 2339
f 3749 2439 2440
f 3741 2262 2263
f 3741 2263 2264
f 3741 3740 2262
f 3748 2439 3749
f 3748 2437 2438
f 3748 2438 2439
f 3742 2264 2265
f 3742 2265 2414
f 3742 3741 2264
f 3742 2414 2415
f 3742 2415 2416
f 3747 2433 2434
f 3747 2434 2435
f 3747 2437 3748
f 3747 2435 2436
f 3747 2436 2437
f 3743 3742 2416
f 3743 2416 2417
f 3743 2417 2418
f 3743 2418 2419
f 3743 2419 2420
f 3746 2433 3747
f 3746 2429 2430
f 3746 2430 2431
f 3746 2431 2432
f 3746 2432 2433
f 3744 3743 2420
f 3744 2420 2421
f 3744 2421 2422
f 3744 2422 2423
f 3744 2423 2424
f 3745 2429 3746
f 3745 3744 2424
f 3745 2424 2425
f 3745 2425 2426
f 3745 2426 2427
f 3745 2427 2428
f 3745 2428 2429
f 3274 3275 3794
f 3276 3794 3275
f 3273 3274 3794
f 3277 3794 3276
f 3272 3273 3794
f 3278 3794 3277
f 3271 3272 3794
f 3279 3794 3278
f 3270 3271 3794
f 3280 3794 3279
f 3269 3794 3793
f 3269 3270 3794
f 3268 3269 3793
f 3267 3268 3793
f 3266 3267 3793
f 3265 3266 3793
f 3264 3265 3793
f 3263 3264 3793
f 3262 3263 3793
f 3261 3262 3793
f 3260 3261 3793
f 3791 3280 3281
f 3791 3281 3282
f 3791 3282 3283
f 3791 3283 3284
f 3791 3284 3285
f 3791 3285 3286
f 3791 3286 3287
f 3791 3287 3288
f 3791 3288 3289
f 3791 3289 3290
f 3791 3290 3291
f 3791 3794 3280
f 3792 3291 3292
f 3792 3292 3293
f 3792 3293 3294
f 3792 3294 3295
f 3792 3295 3296
f 3792 3296 3297
f 3792 3297 3298
f 3792 3298 3299
f 3792 3791 3291
f 3792 3259 3793
f 3259 3260 3793
f 3792 3300 3259
f 3792 3299 3300
f 3797 3799 3798
f 3797 3800 3799
f 3796 3801 3800
f 3796 3802 3801
f 3796 3800 3797
f 3795 3794 3802
f 3795 3802 3796
f 3793 3794 3795
f 3229 3804 3228
f 3227 3228 3804
f 3230 3804 3229
f 3226 3227 3804
f 3231 3804 3230
f 3225 3226 3804
f 3232 3804 3231
f 3224 3225 3804
f 3233 3804 3232
f 3223 3224 3804
f 3234 3804 3233
f 3222 3804 3803
f 3222 3223 3804
f 3221 3222 3803
f 3220 3221 3803
f 3219 3220 3803
f 3218 3219 3803
f 3217 3218 3803
f 3216 3217 3803
f 3215 3216 3803
f 3214 3215 3803
f 3213 3214 3803
f 3212 3213 3803
f 3799 3234 3235
f 3799 3235 3236
f 3799 3236 3237
f 3799 3237 3238
f 3799 3238 3239
f 3799 3239 3240
f 3799 3240 3241
f 3799 3241 3242
f 3799 3242 3243
f 3799 3243 3244
f 3799 3244 3245
f 3799 3245 3246
f 3799 3246 3247
f 3799 3804 3234
f 3798 3799 3247
f 3798 3247 3248
f 3798 3248 3249
f 3798 3249 3250
f 3798 3250 3251
f 3798 3251 3252
f 3798 3252 3253
f 3798 3253 3254
f 3798 3254 3255
f 3798 3255 3256
f 3798 3256 3257
f 3798 3257 3258
f 3798 3210 3803
f 3210 3211 3803
f 3211 3212 3803
f 3798 3258 3210
f 3365 3366 3808
f 3367 3808 3366
f 3364 3365 3808
f 3368 3808 3367
f 3363 3364 3808
f 3369 3808 3368
f 3362 3363 3808
f 3370 3808 3369
f 3361 3362 3808
f 3371 3808 3370
f 3360 3808 3807
f 3360 3361 3808
f 3359 3360 3807
f 3358 3359 3807
f 3357 3358 3807
f 3356 3357 3807
f 3355 3356 3807
f 3354 3355 3807
f 3353 3354 3807
f 3352 3353 3807
f 3351 3352 3807
f 3805 3371 3372
f 3805 3372 3373
f 3805 3373 3374
f 3805 3374 3375
f 3805 3375 3376
f 3805 3376 3377
f 3805 3377 3378
f 3805 3378 3379
f 3805 3379 3380
f 3805 3380 3381
f 3805 3381 3382
f 3805 3808 3371
f 3806 3382 3383
f 3806 3383 3384
f 3806 3384 3385
f 3806 3385 3386
f 3806 3386 3387
f 3806 3387 3388
f 3806 3388 3389
f 3806 3389 3390
f 3806 3805 3382
f 3806 3350 3807
f 3350 3351 3807
f 3806 3391 3350
f 3806 3390 3391
f 3812 3814 3813
f 3811 3815 3814
f 3811 3814 3812
f 3810 3816 3815
f 3810 3815 3811
f 3809 3808 3816
f 3809 3816 3810
f 3807 3808 3809
f 3320 3818 3319
f 3318 3319 3818
f 3321 3818 3320
f 3317 3318 3818
f 3322 3818 3321
f 3316 3317 3818
f 3323 3818 3322
f 3315 3316 3818
f 3324 3818 3323
f 3314 3315 3818
f 3325 3818 3324
f 3313 3818 3817
f 3313 3314 3818
f 3312 3313 3817
f 3311 3312 3817
f 3310 3311 3817
f 3309 3310 3817
f 3308 3309 3817
f 3307 3308 3817
f 3306 3307 3817
f 3305 3306 3817
f 3304 3305 3817
f 3303 3304 3817
f 3813 3325 3326
f 3813 3326 3327
f 3813 3327 3328
f 3813 3328 3329
f 3813 3329 3330
f 3813 3330 3331
f 3813 3331 3332
f 3813 3332 3333
f 3813 3333 3334
f 3813 3334 3335
f 3813 3335 3336
f 3813 3336 3337
f 3813 3337 3338
f 3813 3818 3325
f 3812 3813 3338
f 3812 3338 3339
f 3812 3339 3340
f 3812 3340 3341
f 3812 3341 3342
f 3812 3342 3343
f 3812 3343 3344
f 3812 3344 3345
f 3812 3345 3346
f 3812 3346 3347
f 3812 3347 3348
f 3812 3348 3349
f 3812 3301 3817
f 3301 3302 3817
f 3302 3303 3817
f 3812 3349 3301
f 3456 3457 3822
f 3458 3822 3457
f 3455 3456 3822
f 3459 3822 3458
f 3454 3455 3822
f 3460 3822 3459
f 3453 3454 3822
f 3461 3822 3460
f 3452 3453 3822
f 3462 3822 3461
f 3451 3822 3821
f 3451 3452 3822
f 3450 3451 3821
f 3449 3450 3821
f 3448 3449 3821
f 3447 3448 3821
f 3446 3447 3821
f 3445 3446 3821
f 3444 3445 3821
f 3443 3444 3821
f 3442 3443 3821
f 3819 3462 3463
f 3819 3463 3464
f 3819 3464 3465
f 3819 3465 3466
f 3819 3466 3467
f 3819 3467 3468
f 3819 3468 3469
f 3819 3469 3470
f 3819 3470 3471
f 3819 3471 3472
f 3819 3472 3473
f 3819 3822 3462
f 3820 3473 3474
f 3820 3474 3475
f 3820 3475 3476
f 3820 3476 3477
f 3820 3477 3478
f 3820 3478 3479
f 3820 3479 3480
f 3820 3480 3481
f 3820 3819 3473
f 3820 3441 3821
f 3441 3442 3821
f 3820 3482 3441
f 3820 3481 3482
f 3825 3827 3826
f 3825 3828 3827
f 3824 3829 3828
f 3824 3830 3829
f 3824 3828 3825
f 3823 3822 3830
f 3823 3830 3824
f 3821 3822 3823
f 3411 3832 3410
f 3409 3410 3832
f 3412 3832 3411
f 3408 3409 3832
f 3413 3832 3412
f 3407 3408 3832
f 3414 3832 3413
f 3406 3407 3832
f 3415 3832 3414
f 3405 3406 3832
f 3416 3832 3415
f 3404 3832 3831
f 3404 3405 3832
f 3403 3404 3831
f 3402 3403 3831
f 3401 3402 3831
f 3400 3401 3831
f 3399 3400 3831
f 3398 3399 3831
f 3397 3398 3831
f 3396 3397 3831
f 3395 3396 3831
f 3394 3395 3831
f 3827 3416 3417
f 3827 3417 3418
f 3827 3418 3419
f 3827 3419 3420
f 3827 3420 3421
f 3827 3421 3422
f 3827 3422 3423
f 3827 3423 3424
f 3827 3424 3425
f 3827 3425 3426
f 3827 3426 3427
f 3827 3427 3428
f 3827 3428 3429
f 3827 3832 3416
f 3826 3827 3429
f 3826 3429 3430
f 3826 3430 3431
f 3826 3431 3432
f 3826 3432 3433
f 3826 3433 3434
f 3826 3434 3435
f 3826 3435 3436
f 3826 3436 3437
f 3826 3437 3438
f 3826 3438 3439
f 3826 3439 3440
f 3826 3392 3831
f 3392 3393 3831
f 3393 3394 3831
f 3826 3440 3392
f 3547 3548 3836
f 3549 3836 3548
f 3546 3547 3836
f 3550 3836 3549
f 3545 3546 3836
f 3551 3836 3550
f 3544 3545 3836
f 3552 3836 3551
f 3543 3836 3835
f 3543 3544 3836
f 3553 3836 3552
f 3542 3543 3835
f 3541 3542 3835
f 3540 3541 3835
f 3539 3540 3835
f 3538 3539 3835
f 3537 3538 3835
f 3536 3537 3835
f 3535 3536 3835
f 3534 3535 3835
f 3533 3534 3835
f 3833 3553 3554
f 3833 3554 3555
f 3833 3555 3556
f 3833 3556 3557
f 3833 3557 3558
f 3833 3558 3559
f 3833 3559 3560
f 3833 3560 3561
f 3833 3561 3562
f 3833 3562 3563
f 3833 3563 3564
f 3833 3836 3553
f 3834 3564 3565
f 3834 3565 3566
f 3834 3566 3567
f 3834 3567 3568
f 3834 3568 3569
f 3834 3569 3570
f 3834 3570 3571
f 3834 3571 3572
f 3834 3833 3564
f 3834 3532 3835
f 3532 3533 3835
f 3834 3573 3532
f 3834 3572 3573
f 3839 3841 3840
f 3839 3842 3841
f 3838 3843 3842
f 3838 3842 3839
f 3837 3844 3843
f 3837 3843 3838
f 3835 3836 3844
f 3835 3844 3837
f 3502 3846 3501
f 3500 3501 3846
f 3503 3846 3502
f 3499 3500 3846
f 3504 3846 3503
f 3498 3499 3846
f 3505 3846 3504
f 3497 3498 3846
f 3506 3846 3505
f 3496 3497 3846
f 3507 3846 3506
f 3495 3846 3845
f 3495 3496 3846
f 3494 3495 3845
f 3493 3494 3845
f 3492 3493 3845
f 3491 3492 3845
f 3490 3491 3845
f 3489 3490 3845
f 3488 3489 3845
f 3487 3488 3845
f 3486 3487 3845
f 3485 3486 3845
f 3841 3507 3508
f 3841 3508 3509
f 3841 3509 3510
f 3841 3510 3511
f 3841 3511 3512
f 3841 3512 3513
f 3841 3513 3514
f 3841 3514 3515
f 3841 3515 3516
f 3841 3516 3517
f 3841 3517 3518
f 3841 3518 3519
f 3841 3519 3520
f 3841 3846 3507
f 3840 3841 3520
f 3840 3520 3521
f 3840 3521 3522
f 3840 3522 3523
f 3840 3523 3524
f 3840 3524 3525
f 3840 3525 3526
f 3840 3526 3527
f 3840 3527 3528
f 3840 3528 3529
f 3840 3529 3530
f 3840 3530 3531
f 3840 3483 3845
f 3483 3484 3845
f 3484 3485 3845
f 3840 3531 3483
f 3033 3866 3867
f 3032 3033 3867
f 3034 3866 3033
f 3031 3032 3867
f 3035 3866 3034
f 3030 3031 3867
f 3036 3866 3035
f 3029 3867 3868
f 3029 3030 3867
f 3037 3866 3036
f 3028 3029 3868
f 3038 3865 3866
f 3038 3866 3037
f 3027 3028 3868
f 3039 3865 3038
f 3026 3868 3832
f 3026 3027 3868
f 3040 3865 3039
f 3025 3026 3832
f 3041 3865 3040
f 3024 3025 3832
f 2958 3865 3041
f 3001 3864 3865
f 3001 3865 2958
f 3002 3864 3001
f 3003 3864 3002
f 3004 3833 3864
f 3004 3864 3003
f 3005 3833 3004
f 2956 2957 3870
f 2874 3870 2957
f 2955 2956 3870
f 2917 3869 3870
f 2917 3870 2874
f 2954 2955 3870
f 2954 3870 3871
f 2918 3869 2917
f 3827 3014 3015
f 3827 3015 3016
f 3827 3024 3832
f 3827 3016 3017
f 3827 3017 3018
f 3827 3018 3019
f 3827 3019 3020
f 3827 3020 3021
f 3827 3021 3022
f 3827 3022 3023
f 3827 3023 3024
f 2953 2954 3871
f 2919 3869 2918
f 2952 2953 3871
f 2920 3869 2919
f 2920 3819 3869
f 2951 2952 3871
f 2921 3819 2920
f 2950 2951 3871
f 2949 2950 3871
f 2949 3871 3872
f 2948 2949 3872
f 2947 2948 3872
f 2946 2947 3872
f 2945 2946 3872
f 3873 2944 2945
f 3873 2945 3872
f 2943 2944 3873
f 3836 3014 3827
f 3836 3005 3006
f 3836 3006 3007
f 3836 3007 3008
f 3836 3008 3009
f 3836 3009 3010
f 3836 3010 3011
f 3836 3011 3012
f 3836 3012 3013
f 3836 3013 3014
f 3836 3833 3005
f 2942 2943 3873
f 3822 2921 2922
f 3822 2922 2923
f 3822 2923 2924
f 3822 2924 2925
f 3822 2925 2926
f 3822 2926 2927
f 3822 2927 2928
f 3822 2928 2929
f 3822 2929 2930
f 3822 3819 2921
f 3765 3828 3829
f 3764 3765 3829
f 3766 3828 3765
f 3818 2940 2941
f 3818 2941 2942
f 3818 2942 3873
f 3763 3764 3829
f 3763 3829 3830
f 3767 3828 3766
f 3767 3827 3828
f 3762 3763 3830
f 3768 3827 3767
f 3768 3836 3827
f 3761 3762 3830
f 3761 3830 3822
f 3813 2930 2931
f 3813 2931 2932
f 3813 2932 2933
f 3813 2933 2934
f 3813 2934 2935
f 3813 2935 2936
f 3813 2936 2937
f 3813 2937 2938
f 3813 2938 2939
f 3813 2939 2940
f 3813 3822 2930
f 3813 2940 3818
f 3769 3844 3836
f 3769 3836 3768
f 3760 3761 3822
f 3760 3822 3813
f 3770 3844 3769
f 3759 3760 3813
f 3771 3844 3770
f 3758 3759 3813
f 3843 3844 3771
f 3814 3758 3813
f 3772 3843 3771
f 3757 3758 3814
f 3773 3843 3772
f 3756 3757 3814
f 3842 3843 3773
f 3774 3842 3773
f 3815 3756 3814
f 3755 3756 3815
f 3775 3842 3774
f 3754 3755 3815
f 3841 3842 3775
f 3776 3841 3775
f 3816 3754 3815
f 3108 3846 3841
f 3109 3846 3108
f 3107 3108 3841
f 3110 3863 3846
f 3110 3846 3109
f 3106 3107 3841
f 3111 3863 3110
f 3105 3106 3841
f 3112 3863 3111
f 3104 3105 3841
f 3113 3862 3863
f 3113 3863 3112
f 3103 3104 3841
f 3114 3862 3113
f 3753 3754 3816
f 3102 3103 3841
f 3115 3862 3114
f 3101 3102 3841
f 3116 3862 3115
f 3100 3101 3841
f 3117 3862 3116
f 3099 3100 3841
f 3098 3099 3841
f 3752 3753 3816
f 3861 3117 3118
f 3861 3118 3119
f 3861 3119 3120
f 3861 3120 3121
f 3861 3121 3122
f 3861 3862 3117
f 3857 3098 3841
f 3857 3841 3776
f 3857 3089 3090
f 3857 3090 3091
f 3857 3091 3092
f 3857 3092 3093
f 3857 3093 3094
f 3857 3776 3777
f 3857 3094 3095
f 3857 3095 3096
f 3857 3096 3097
f 3857 3097 3098
f 3778 3857 3777
f 3808 3752 3816
f 3751 3752 3808
f 3860 3122 3123
f 3860 3123 3124
f 3860 3124 3125
f 3860 3125 3042
f 3860 3861 3122
f 3860 3042 3085
f 3856 3857 3778
f 3856 3778 3779
f 3780 3856 3779
f 2840 3808 2839
f 2838 2839 3808
f 2841 3808 2840
f 2837 3808 3805
f 2837 2838 3808
f 2842 3808 2841
f 2836 2837 3805
f 2836 3805 3874
f 2843 3808 2842
f 2835 2836 3874
f 2844 3808 2843
f 2834 2835 3874
f 2845 3808 2844
f 2833 2834 3874
f 2846 3808 2845
f 3859 3860 3085
f 3859 3085 3086
f 3859 3086 3087
f 3859 3087 3088
f 3875 2872 2873
f 3875 2873 2790
f 3875 2833 3874
f 3875 2790 2833
f 3799 3808 2846
f 3799 3750 3751
f 3799 2846 2847
f 3799 2847 2848
f 3799 2848 2849
f 3799 3751 3808
f 2871 2872 3875
f 2850 3799 2849
f 2870 2871 3875
f 2851 3799 2850
f 3855 3856 3780
f 3855 3780 3781
f 2852 3799 2851
f 2853 3799 2852
f 2854 3799 2853
f 2855 3799 2854
f 2856 3799 2855
f 3800 3790 3707
f 3800 3707 3750
f 3800 3750 3799
f 3858 3089 3857
f 3858 3859 3088
f 3858 3088 3089
f 3876 2870 3875
f 3876 2865 2866
f 3876 2866 2867
f 3876 2867 2868
f 3876 2868 2869
f 3876 2869 2870
f 3801 3788 3789
f 3801 3789 3790
f 3801 3790 3800
f 3854 3781 3782
f 3854 3782 3783
f 3854 3855 3781
f 3877 2865 3876
f 3877 2861 2862
f 3877 2862 2863
f 3877 2863 2864
f 3877 2864 2865
f 3802 3786 3787
f 3802 3787 3788
f 3802 3788 3801
f 3853 3783 3784
f 3853 3784 3785
f 3853 3854 3783
f 3878 2861 3877
f 3878 2858 2859
f 3878 2859 2860
f 3878 2860 2861
f 3794 3785 3786
f 3794 3853 3785
f 3794 3786 3802
f 3804 2858 3878
f 3804 3799 2856
f 3804 2856 2857
f 3804 2857 2858
f 3183 3184 3853
f 3185 3853 3184
f 3182 3853 3794
f 3182 3183 3853
f 3186 3853 3185
f 3181 3182 3794
f 3187 3853 3186
f 3180 3181 3794
f 3188 3853 3187
f 3179 3180 3794
f 3189 3853 3188
f 3178 3179 3794
f 3190 3853 3189
f 3177 3178 3794
f 3191 3853 3190
f 3176 3177 3794
f 3192 3853 3191
f 3175 3176 3794
f 3174 3175 3794
f 3173 3174 3794
f 3852 3192 3193
f 3852 3193 3194
f 3852 3853 3192
f 3851 3194 3195
f 3851 3195 3196
f 3851 3196 3197
f 3851 3852 3194
f 3850 3197 3198
f 3850 3198 3199
f 3850 3199 3200
f 3850 3200 3201
f 3850 3851 3197
f 3849 3201 3202
f 3849 3202 3203
f 3849 3203 3204
f 3849 3204 3205
f 3849 3205 3206
f 3849 3850 3201
f 3791 3172 3173
f 3791 3173 3794
f 3848 3126 3169
f 3848 3206 3207
f 3848 3207 3208
f 3848 3208 3209
f 3848 3209 3126
f 3848 3849 3206
f 3847 3172 3791
f 3847 3169 3170
f 3847 3170 3171
f 3847 3171 3172
f 3847 3848 3169
f 3859 3858 3879
f 3859 3879 3884
f 3860 3884 3883
f 3860 3859 3884
f 3861 3883 3882
f 3861 3860 3883
f 3862 3881 3880
f 3862 3882 3881
f 3862 3861 3882
f 3863 3862 3880
f 3846 3880 3845
f 3846 3863 3880
f 3864 3833 3834
f 3864 3834 3889
f 3865 3889 3888
f 3865 3864 3889
f 3866 3888 3887
f 3866 3865 3888
f 3867 3887 3886
f 3867 3866 3887
f 3868 3886 3885
f 3868 3867 3886
f 3832 3885 3831
f 3832 3868 3885
f 3869 3819 3820
f 3869 3820 3894
f 3870 3894 3893
f 3870 3869 3894
f 3871 3893 3892
f 3871 3870 3893
f 3872 3892 3891
f 3872 3871 3892
f 3873 3891 3890
f 3873 3872 3891
f 3818 3890 3817
f 3818 3873 3890
f 3847 3791 3792
f 3847 3792 3900
f 3848 3900 3899
f 3848 3847 3900
f 3849 3899 3898
f 3849 3848 3899
f 3850 3897 3896
f 3850 3898 3897
f 3850 3849 3898
f 3851 3850 3896
f 3852 3896 3895
f 3852 3851 3896
f 2968 3886 3887
f 2969 3886 2968
f 2967 2968 3887
f 2970 3886 2969
f 2966 2967 3887
f 2971 3886 2970
f 2965 2966 3887
f 2972 3885 3886
f 2972 3886 2971
f 2964 2965 3887
f 2973 3885 2972
f 2963 3887 3888
f 2963 2964 3887
f 2974 3885 2973
f 2962 2963 3888
f 2975 3831 3885
f 2975 3885 2974
f 2961 2962 3888
f 2976 3831 2975
f 2960 2961 3888
f 2977 3831 2976
f 2959 2960 3888
f 3000 3888 3889
f 3000 2959 3888
f 2999 3000 3889
f 2998 2999 3889
f 2997 3889 3834
f 2997 2998 3889
f 2996 2997 3834
f 2877 3893 2876
f 2875 2876 3893
f 2878 3893 2877
f 2916 2875 3893
f 2916 3893 3894
f 2879 3893 2878
f 2879 3892 3893
f 2915 2916 3894
f 3826 2977 2978
f 3826 2978 2979
f 3826 2979 2980
f 3826 2980 2981
f 3826 2981 2982
f 3826 2982 2983
f 3826 2983 2984
f 3826 2984 2985
f 3826 2985 2986
f 3826 2986 2987
f 3826 3831 2977
f 2880 3892 2879
f 2914 2915 3894
f 2881 3892 2880
f 2913 2914 3894
f 2913 3894 3820
f 2882 3892 2881
f 2912 2913 3820
f 2883 3892 2882
f 2884 3891 3892
f 2884 3892 2883
f 2885 3891 2884
f 2886 3891 2885
f 2887 3891 2886
f 2888 3891 2887
f 3890 2888 2889
f 3890 3891 2888
f 2890 3890 2889
f 3835 3826 2987
f 3835 2987 2988
f 3835 2988 2989
f 3835 2989 2990
f 3835 2990 2991
f 3835 2991 2992
f 3835 2992 2993
f 3835 2993 2994
f 3835 2994 2995
f 3835 2995 2996
f 3835 2996 3834
f 2891 3890 2890
f 3821 2912 3820
f 3821 2903 2904
f 3821 2904 2905
f 3821 2905 2906
f 3821 2906 2907
f 3821 2907 2908
f 3821 2908 2909
f 3821 2909 2910
f 3821 2910 2911
f 3821 2911 2912
f 2711 3824 3825
f 2712 3824 2711
f 2710 2711 3825
f 3817 2891 2892
f 3817 2892 2893
f 3817 3890 2891
f 2713 3824 2712
f 2713 3823 3824
f 2709 2710 3825
f 2709 3825 3826
f 2714 3823 2713
f 2708 2709 3826
f 2708 3826 3835
f 2715 3823 2714
f 2715 3821 3823
f 3812 2893 2894
f 3812 2894 2895
f 3812 2895 2896
f 3812 2896 2897
f 3812 2897 2898
f 3812 2898 2899
f 3812 2899 2900
f 3812 2900 2901
f 3812 2901 2902
f 3812 2902 2903
f 3812 2903 3821
f 3812 3817 2893
f 2707 3835 3837
f 2707 2708 3835
f 2716 3821 2715
f 2706 2707 3837
f 2717 3812 3821
f 2717 3821 2716
f 2747 2706 3837
f 2718 3812 2717
f 3838 2747 3837
f 3811 3812 2718
f 2746 2747 3838
f 2719 3811 2718
f 2745 2746 3838
f 2720 3811 2719
f 3839 2745 3838
f 2744 2745 3839
f 3810 3811 2720
f 2721 3810 2720
f 2743 2744 3839
f 2722 3810 2721
f 3840 2743 3839
f 2742 2743 3840
f 3809 3810 2722
f 3061 3840 3845
f 3060 3061 3845
f 3062 3840 3061
f 3059 3845 3880
f 3059 3060 3845
f 3063 3840 3062
f 3058 3059 3880
f 3064 3840 3063
f 3057 3058 3880
f 3065 3840 3064
f 3056 3057 3880
f 3056 3880 3881
f 3066 3840 3065
f 3055 3056 3881
f 2723 3809 2722
f 3067 3840 3066
f 3054 3055 3881
f 3068 3840 3067
f 3053 3054 3881
f 3069 3840 3068
f 3052 3053 3881
f 3070 3840 3069
f 3071 3840 3070
f 2724 3809 2723
f 3882 3052 3881
f 3882 3047 3048
f 3882 3048 3049
f 3882 3049 3050
f 3882 3050 3051
f 3882 3051 3052
f 3902 3840 3071
f 3902 3071 3072
f 3902 3072 3073
f 3902 3073 3074
f 3902 3074 3075
f 3902 3075 3076
f 3902 3076 3077
f 3902 3077 3078
f 3902 3078 3079
f 3902 3079 3080
f 3902 2742 3840
f 3902 2741 2742
f 2740 2741 3902
f 3807 3809 2724
f 2725 3807 2724
f 3883 3043 3044
f 3883 3044 3045
f 3883 3045 3046
f 3883 3046 3047
f 3883 3047 3882
f 3883 3084 3043
f 3903 2740 3902
f 3903 2739 2740
f 2738 2739 3903
f 2825 2826 3807
f 2827 3807 2826
f 2824 2825 3807
f 2828 3806 3807
f 2828 3807 2827
f 2823 2824 3807
f 2829 3806 2828
f 2829 3910 3806
f 2822 2823 3807
f 2830 3910 2829
f 2821 2822 3807
f 2831 3910 2830
f 2820 2821 3807
f 2832 3910 2831
f 2819 2820 3807
f 3884 3081 3082
f 3884 3082 3083
f 3884 3083 3084
f 3884 3084 3883
f 3909 2791 2792
f 3909 2792 2793
f 3909 3910 2832
f 3909 2832 2791
f 3798 2819 3807
f 3798 2816 2817
f 3798 2817 2818
f 3798 2818 2819
f 3798 2725 2726
f 3798 3807 2725
f 2794 3909 2793
f 2815 2816 3798
f 2795 3909 2794
f 2814 2815 3798
f 3904 2738 3903
f 3904 2737 2738
f 2813 2814 3798
f 2812 2813 3798
f 2811 2812 3798
f 2810 2811 3798
f 2809 2810 3798
f 3797 3798 2726
f 3797 2726 2727
f 3797 2727 2728
f 3879 3081 3884
f 3879 3902 3080
f 3879 3080 3081
f 3908 2795 2796
f 3908 2796 2797
f 3908 2797 2798
f 3908 2798 2799
f 3908 2799 2800
f 3908 3909 2795
f 3796 2728 2729
f 3796 2729 2730
f 3796 3797 2728
f 3905 2737 3904
f 3905 2735 2736
f 3905 2736 2737
f 3907 2800 2801
f 3907 2801 2802
f 3907 2802 2803
f 3907 2803 2804
f 3907 3908 2800
f 3795 3796 2730
f 3795 2730 2731
f 3795 2731 2732
f 3901 2735 3905
f 3901 2733 2734
f 3901 2734 2735
f 3906 2804 2805
f 3906 2805 2806
f 3906 2806 2807
f 3906 3907 2804
f 3793 3795 2732
f 3793 2733 3901
f 3793 2732 2733
f 3803 2807 2808
f 3803 2808 2809
f 3803 3906 2807
f 3803 2809 3798
f 3154 3901 3153
f 3152 3153 3901
f 3155 3793 3901
f 3155 3901 3154
f 3151 3152 3901
f 3156 3793 3155
f 3150 3151 3901
f 3157 3793 3156
f 3149 3150 3901
f 3158 3793 3157
f 3148 3149 3901
f 3159 3793 3158
f 3147 3148 3901
f 3160 3793 3159
f 3146 3147 3901
f 3161 3793 3160
f 3145 3146 3901
f 3162 3793 3161
f 3163 3793 3162
f 3164 3793 3163
f 3895 3145 3901
f 3895 3143 3144
f 3895 3144 3145
f 3896 3143 3895
f 3896 3140 3141
f 3896 3141 3142
f 3896 3142 3143
f 3897 3140 3896
f 3897 3136 3137
f 3897 3137 3138
f 3897 3138 3139
f 3897 3139 3140
f 3898 3131 3132
f 3898 3132 3133
f 3898 3133 3134
f 3898 3134 3135
f 3898 3135 3136
f 3898 3136 3897
f 3792 3164 3165
f 3792 3793 3164
f 3899 3168 3127
f 3899 3131 3898
f 3899 3127 3128
f 3899 3128 3129
f 3899 3129 3130
f 3899 3130 3131
f 3900 3165 3166
f 3900 3166 3167
f 3900 3167 3168
f 3900 3792 3165
f 3900 3168 3899
f 3638 3639 3857
f 3640 3857 3639
f 3637 3638 3857
f 3641 3857 3640
f 3636 3637 3857
f 3642 3857 3641
f 3635 3636 3857
f 3643 3857 3642
f 3634 3635 3857
f 3644 3857 3643
f 3633 3857 3902
f 3633 3634 3857
f 3632 3633 3902
f 3631 3632 3902
f 3630 3631 3902
f 3629 3630 3902
f 3628 3629 3902
f 3627 3628 3902
f 3626 3627 3902
f 3625 3626 3902
f 3624 3625 3902
f 3858 3644 3645
f 3858 3645 3646
f 3858 3646 3647
f 3858 3647 3648
f 3858 3648 3649
f 3858 3649 3650
f 3858 3650 3651
f 3858 3651 3652
f 3858 3652 3653
f 3858 3653 3654
f 3858 3654 3655
f 3858 3857 3644
f 3879 3655 3656
f 3879 3656 3657
f 3879 3657 3658
f 3879 3658 3659
f 3879 3659 3660
f 3879 3660 3661
f 3879 3661 3662
f 3879 3662 3663
f 3879 3858 3655
f 3879 3623 3902
f 3623 3624 3902
f 3879 3664 3623
f 3879 3663 3664
f 3905 3853 3901
f 3905 3854 3853
f 3904 3855 3854
f 3904 3856 3855
f 3904 3854 3905
f 3903 3857 3856
f 3903 3856 3904
f 3902 3857 3903
f 3593 3852 3592
f 3591 3592 3852
f 3594 3852 3593
f 3590 3591 3852
f 3595 3852 3594
f 3589 3590 3852
f 3596 3852 3595
f 3588 3589 3852
f 3597 3852 3596
f 3587 3588 3852
f 3598 3852 3597
f 3586 3852 3895
f 3586 3587 3852
f 3585 3586 3895
f 3584 3585 3895
f 3583 3584 3895
f 3582 3583 3895
f 3581 3582 3895
f 3580 3581 3895
f 3579 3580 3895
f 3578 3579 3895
f 3577 3578 3895
f 3576 3577 3895
f 3853 3598 3599
f 3853 3599 3600
f 3853 3600 3601
f 3853 3601 3602
f 3853 3602 3603
f 3853 3603 3604
f 3853 3604 3605
f 3853 3605 3606
f 3853 3606 3607
f 3853 3607 3608
f 3853 3608 3609
f 3853 3609 3610
f 3853 3610 3611
f 3853 3852 3598
f 3901 3853 3611
f 3901 3611 3612
f 3901 3612 3613
f 3901 3613 3614
f 3901 3614 3615
f 3901 3615 3616
f 3901 3616 3617
f 3901 3617 3618
f 3901 3618 3619
f 3901 3619 3620
f 3901 3620 3621
f 3901 3621 3622
f 3901 3574 3895
f 3574 3575 3895
f 3575 3576 3895
f 3901 3622 3574
f 3805 3806 3910
f 3874 3910 3909
f 3874 3805 3910
f 3875 3909 3908
f 3875 3874 3909
f 3876 3908 3907
f 3876 3875 3908
f 3877 3907 3906
f 3877 3876 3907
f 3878 3906 3803
f 3878 3877 3906
f 3804 3878 3803

o p0004
usemtl mat_3
v 0.00474982 -0.01885333 0.00279271
v 0.00304444 -0.01967292 0.00338790
v 0.00141989 -0.02168808 0.00485174
v 0.00141988 -0.02432967 0.00677089
v 0.00326661 -0.02653053 0.00836987
v 0.00631891 -0.02750395 0.00907704
v 0.00951349 -0.02692489 0.00865633
v 0.01151214 -0.02523352 0.00742795
v 0.01215030 -0.02400658 0.00653638
v 0.01151214 -0.02078386 0.00419521
v 0.00600110 -0.02196067 0.00505018
v 0.00565250 -0.02218558 0.00521358
v 0.00544996 -0.02240192 0.00537075
v 0.00535269 -0.02256533 0.00548948
v 0.00526990 -0.02282833 0.00568054
v 0.00525319 -0.02309938 0.00587747
v 0.00528661 -0.02327873 0.00600777
v 0.00540133 -0.02353375 0.00619305
v 0.00565250 -0.02383180 0.00640958
v 0.00590402 -0.02401136 0.00654004
v 0.00609818 -0.02410205 0.00660592
v 0.00641615 -0.02418850 0.00666873
v 0.00674900 -0.02422223 0.00669324
v 0.00697257 -0.02420868 0.00668339
v 0.00739983 -0.02410205 0.00660592
v 0.00759398 -0.02401136 0.00654004
v 0.00797109 -0.02368278 0.00630131
v 0.00823645 -0.02296385 0.00577901
v 0.00798489 -0.02232699 0.00531632
v 0.00776926 -0.02211910 0.00516528
v 0.00759398 -0.02200601 0.00508312
v 0.00707813 -0.02184206 0.00496401
v 0.00674900 -0.01623901 0.00445994
v 0.00674900 -0.01140228 0.01004716
v 0.00592927 -0.00824234 0.01688365
v 0.00404479 -0.00875349 0.01725535
v 0.00221310 -0.01009580 0.01823011
v 0.00162920 -0.01101665 0.01889923
v 0.00126438 -0.01230977 0.01983870
v 0.00198586 -0.01486712 0.02169665
v 0.00272817 -0.01579839 0.02236649
v 0.00837015 -0.01689426 0.02316939
v 0.01017624 -0.01613706 0.02261932
v 0.01104907 -0.01541661 0.02209586
v 0.01201551 -0.01396394 0.02104052
v 0.01223362 -0.01297482 0.02032186
v 0.01201551 -0.01132060 0.01912011
v 0.01104907 -0.00986798 0.01806471
v 0.01016431 -0.00913517 0.01753175
v 0.00798281 -0.00829543 0.01692215
v 0.00113182 -0.01850534 0.01815594
v 0.00143592 -0.01401955 0.02107208
v 0.00038623 -0.01658715 0.01741852
v 0.00044124 -0.01546091 0.01793022
v 0.00158431 -0.02150285 0.01595719
v 0.00798357 -0.02522036 0.01400074
v 0.00938757 -0.02534962 0.01277764
v 0.00830757 -0.02560276 0.01304479
v 0.01049866 -0.02538952 0.01107493
v 0.00085857 -0.01687318 0.01867283
v 0.01112320 -0.02584859 0.00789303
v 0.01016362 -0.02331071 0.01562112
v 0.00221308 -0.01899573 0.01934756
v 0.01058056 -0.02508172 0.01181059
v 0.00388888 -0.02224624 0.01762616
v 0.00199005 -0.01503195 0.02179910
v 0.01174132 -0.02175679 0.01590255
v 0.00334570 -0.01968440 0.01988705
v 0.01250800 -0.02292745 0.01130729
v 0.00291812 -0.01875111 0.02035668
v 0.01193827 -0.02339788 0.01239983
v 0.01251879 -0.02087728 0.01516309
v 0.00575693 -0.02220474 0.01851933
v 0.01269071 -0.02294674 0.00987698
v 0.00370855 -0.01646323 0.02284180
v 0.00519043 -0.02032310 0.02031191
v 0.01299044 -0.02085380 0.01383373
v 0.01235319 -0.02343650 0.00613838
v 0.00393057 -0.01672798 0.02299797
v 0.00782007 -0.02267157 0.01794345
v 0.01315592 -0.02157485 0.01011234
v 0.01328315 -0.02066053 0.00945419
v 0.00433997 -0.01691286 0.02315457
v 0.01347203 -0.01979352 0.01293881
v 0.00700746 -0.02046167 0.02043648
v 0.01296687 -0.01996934 0.00762787
v 0.00607266 -0.01992055 0.02094162
v 0.01328865 -0.01995466 0.00908879
v 0.01364634 -0.01883299 0.01219554
v 0.00830757 -0.02032310 0.02031191
v 0.00710461 -0.01714972 0.02334614
v 0.00891702 -0.02017632 0.02020528
v 0.01346002 -0.01913014 0.01018002
v 0.01352737 -0.01681068 0.01220866
v 0.01176403 -0.02094486 0.00432629
v 0.01292779 -0.01873891 0.00803605
v 0.01110797 -0.02021341 0.01839454
v 0.00805123 -0.01978015 0.02093729
v 0.00967369 -0.02004757 0.01990009
v 0.01333329 -0.01674392 0.01084864
v 0.01013552 -0.01942322 0.00320776
v 0.00983151 -0.02157363 0.01827256
v 0.01231915 -0.01769485 0.00729958
v 0.00860964 -0.01691480 0.02317254
v 0.00879846 -0.01886948 0.00280566
v 0.00870007 -0.01760727 0.00370386
v 0.01106436 -0.01929023 0.01935999
v 0.00819709 -0.01870824 0.00268767
v 0.01185559 -0.01700377 0.00703127
v 0.00998065 -0.01866543 0.02092252
v 0.01265161 -0.01737140 0.00822603
v 0.01251879 -0.01477370 0.01072877
v 0.01128515 -0.01665543 0.00654443
v 0.00802463 -0.01749090 0.00356757
v 0.01049866 -0.01838378 0.02071790
v 0.01204774 -0.01828507 0.01883125
v 0.00733462 -0.01855647 0.00257953
v 0.01137940 -0.01821148 0.01991195
v 0.01250800 -0.01784385 0.01830455
v 0.01267669 -0.01800063 0.01786176
v 0.01128510 -0.01529648 0.02199080
v 0.01339800 -0.01710688 0.01607567
v 0.01315230 -0.01625624 0.01735729
v 0.01245869 -0.01641011 0.01928401
v 0.01280265 -0.01625801 0.01854435
v 0.01328315 -0.01538087 0.01672132
v 0.01340294 -0.01505954 0.01469789
v 0.01328865 -0.01481521 0.01616293
v 0.01305676 -0.01546090 0.01793023
v 0.00952197 -0.01320229 0.00856647
v 0.01052117 -0.01315757 0.00955462
v 0.01233780 -0.01281637 0.02019780
v 0.00902396 -0.01342210 0.00798011
v 0.00922872 -0.01451596 0.00684466
v 0.01299533 -0.01362176 0.01544330
v 0.00885471 -0.01311562 0.00829223
v 0.00711141 -0.01387357 0.00684228
v 0.01283192 -0.01324542 0.01516989
v 0.01293459 -0.01351488 0.01718059
v 0.01236424 -0.01302828 0.01306557
v 0.00799330 -0.01254812 0.00867332
v 0.01263730 -0.01288579 0.01490861
v 0.01295269 -0.01337722 0.01617716
v 0.01204770 -0.01208621 0.01432770
v 0.00959031 -0.01211355 0.01014536
v 0.01194343 -0.01092868 0.01882110
v 0.01137683 -0.01136370 0.01402912
v 0.00877975 -0.01179503 0.01007739
v 0.00800019 -0.01176961 0.00977818
v 0.01202672 -0.01171000 0.01521721
v 0.00799625 -0.01149430 0.01019342
v 0.00839316 -0.01078359 0.01152341
v 0.00907264 -0.00860025 0.01714166
v 0.00880105 -0.00894022 0.01577408
v 0.00823343 -0.00877014 0.01573887
v 0.00802463 -0.00880285 0.01552614
v 0.00737716 -0.00818979 0.01684125
v 0.00517020 -0.01698797 0.00406470
v 0.00547337 -0.01749090 0.00356757
v 0.00588799 -0.01742934 0.00352284
v 0.00366012 -0.01616116 0.00558858
v 0.00420789 -0.01810743 0.00359436
v 0.00429465 -0.01820941 0.00349687
v 0.00312602 -0.01852582 0.00411065
v 0.00186607 -0.01787673 0.00596327
v 0.00322444 -0.01792178 0.00446115
v 0.00339372 -0.01762674 0.00454663
v 0.00520729 -0.01555287 0.00534838
v 0.00510484 -0.01429628 0.00668841
v 0.00311541 -0.01597912 0.00614176
v 0.00316310 -0.01549713 0.00662778
v 0.00220895 -0.01657843 0.00658484
v 0.00119596 -0.01517658 0.00960390
v 0.00336420 -0.01464802 0.00727528
v 0.00363880 -0.01378878 0.00810623
v 0.00422594 -0.01354783 0.00799097
v 0.00253224 -0.01466259 0.00817291
v 0.00229747 -0.01438556 0.00879556
v 0.00218929 -0.01397991 0.00941641
v 0.00297684 -0.01315757 0.00955462
v 0.00333305 -0.01276521 0.00970274
v 0.00382394 -0.01141526 0.01132263
v 0.00422594 -0.01179108 0.01040903
v 0.00231561 -0.01273541 0.01104781
v 0.00530469 -0.01115727 0.01077994
v 0.00520729 -0.00989752 0.01313262
v 0.00366012 -0.01031395 0.01363690
v 0.00279924 -0.01138942 0.01257144
v 0.00270519 -0.01160244 0.01237792
v 0.00517020 -0.00912021 0.01489420
v 0.00654190 -0.00896999 0.01469382
v 0.00547337 -0.00880285 0.01552614
v 0.00466812 -0.00899589 0.01566639
v 0.00220930 -0.01082884 0.01522914
v 0.00347831 -0.00986046 0.01496866
v 0.00406021 -0.00915506 0.01597882
v 0.00322444 -0.00978584 0.01565976
v 0.00328791 -0.00916785 0.01755102
v 0.00154863 -0.01149513 0.01571321
v 0.01037198 -0.01852582 0.00411065
v 0.01089618 -0.01817810 0.00484607
v 0.00980327 -0.01780393 0.00418159
v 0.01001970 -0.01728758 0.00474570
v 0.00833006 -0.01653508 0.00446223
v 0.01062172 -0.01530764 0.00704389
v 0.00908324 -0.01646861 0.00478358
v 0.00835293 -0.01495394 0.00596258
v 0.01167864 -0.01498729 0.00869794
v 0.01062077 -0.01485395 0.00756036
v 0.01137649 -0.01402439 0.00947572
v 0.01071380 -0.01356052 0.00923127
v 0.01071380 -0.01297458 0.01003778
v 0.01120054 -0.01281518 0.01095709
v 0.01096576 -0.01230862 0.01141299
v 0.01062077 -0.01178521 0.01178430
v 0.01093138 -0.01155719 0.01271470
v 0.01000362 -0.01062448 0.01317983
v 0.01001969 -0.00986046 0.01496866
v 0.00867867 -0.01059911 0.01195143
v 0.01027357 -0.00978584 0.01565976
v 0.01072414 -0.01008754 0.01575497
v 0.00980327 -0.00948355 0.01563408
v 0.00826744 -0.00961571 0.01372369
v 0.00833006 -0.00935831 0.01434062
v 0.00560071 -0.01864797 0.00264453
v 0.00481320 -0.01803727 0.00337181
v 0.00550176 -0.01325105 0.00777536
v 0.00549465 -0.01234160 0.00896181
v 0.00534281 -0.01346044 0.00754045
v 0.00433299 -0.01283270 0.00882911
v 0.00145030 -0.01736587 0.00706058
v 0.00081067 -0.01971143 0.00694972
v 0.00099002 -0.01780709 0.00758730
v 0.00056342 -0.02052063 0.00753761
v 0.00085707 -0.01884118 0.00718436
v 0.00512916 -0.01159925 0.01013728
v 0.00486296 -0.01161578 0.01028168
v 0.00081458 -0.01701454 0.00864301
v 0.00033955 -0.01577263 0.01145450
v 0.00038623 -0.01906385 0.00847335
v 0.00056342 -0.02213611 0.00871128
v 0.00020936 -0.01995467 0.00908879
v 0.00002597 -0.01722406 0.01107202
v 0.00033676 -0.02093509 0.00862544
v 0.00081067 -0.02294532 0.00929919
v 0.00003799 -0.01913014 0.01018002
v 0.00031508 -0.02141660 0.00985918
v -0.00014834 -0.01883300 0.01219552
v -0.00002937 -0.01884030 0.01368320
v 0.00057022 -0.02221272 0.01055981
v 0.00086067 -0.02276514 0.01098322
v 0.00220940 -0.02482224 0.01066279
v 0.00016472 -0.02015441 0.01332636
v 0.00105236 -0.02331040 0.01049853
v 0.00144167 -0.02388460 0.01067382
v 0.00299935 -0.02538952 0.01107493
v 0.00081456 -0.02216835 0.01238732
v 0.00097921 -0.02087728 0.01516309
v 0.00351735 -0.02567117 0.01127955
v 0.00530091 -0.00834228 0.01695571
v 0.00205489 -0.02420559 0.01187493
v 0.00164241 -0.01194643 0.01399239
v 0.00481320 -0.00878553 0.01610626
v 0.00146389 -0.01224695 0.01372367
v 0.00289251 -0.02474794 0.01240860
v 0.00046833 -0.01400484 0.01395429
v 0.00239003 -0.02374535 0.01353303
v 0.00066609 -0.01324542 0.01516989
v 0.00382432 -0.02512595 0.01291001
v 0.00003799 -0.01559820 0.01504153
v 0.00050267 -0.01362176 0.01544330
v 0.00440907 -0.02581283 0.01207744
v 0.00519043 -0.02560276 0.01304479
v 0.00093606 -0.01249027 0.01579961
v 0.00371156 -0.02445485 0.01404849
v 0.00031508 -0.01423439 0.01603267
v 0.00705239 -0.02639150 0.01180288
v 0.00544678 -0.02602973 0.01233512
v 0.00150038 -0.01103736 0.01889307
v 0.00627206 -0.02574115 0.01314532
v 0.00485148 -0.02481971 0.01431357
v 0.00010000 -0.01710688 0.01607566
v 0.00856111 -0.02622734 0.01158497
v 0.00022644 -0.01510445 0.01669126
v 0.00653086 -0.02612164 0.01244478
v 0.00056342 -0.01351488 0.01718059
v 0.00601495 -0.02500797 0.01445034
v 0.00115963 -0.01247840 0.01994929
v 0.00697257 -0.01144230 0.01920847
v 0.00719113 -0.01148266 0.01923780
v 0.00739983 -0.01154893 0.01928594
v 0.00759398 -0.01163962 0.01935182
v 0.00784550 -0.01181918 0.01948228
v 0.00804804 -0.01203552 0.01963945
v 0.00814531 -0.01219894 0.01975818
v 0.00821139 -0.01237225 0.01988409
v 0.00824481 -0.01255160 0.02001440
v 0.00824481 -0.01273298 0.02014617
v 0.00821139 -0.01291233 0.02027647
v 0.00814531 -0.01308565 0.02040238
v 0.00792175 -0.01339892 0.02062998
v 0.00776926 -0.01353188 0.02072658
v 0.00759398 -0.01364497 0.02080874
v 0.00739983 -0.01373566 0.02087463
v 0.00719113 -0.01380192 0.02092277
v 0.00697257 -0.01384228 0.02095209
v 0.00663722 -0.01384906 0.02095701
v 0.00630687 -0.01380192 0.02092277
v 0.00609818 -0.01373566 0.02087463
v 0.00590402 -0.01364497 0.02080874
v 0.00572874 -0.01353188 0.02072658
v 0.00557625 -0.01339892 0.02062998
v 0.00535269 -0.01308565 0.02040238
v 0.00526990 -0.01282266 0.02021132
v 0.00525319 -0.01255160 0.02001440
v 0.00528661 -0.01237225 0.01988409
v 0.00535269 -0.01219894 0.01975818
v 0.00544996 -0.01203552 0.01963945
v 0.00557625 -0.01188566 0.01953058
v 0.00572874 -0.01175270 0.01943398
v 0.00590402 -0.01163962 0.01935182
v 0.00609818 -0.01154893 0.01928594
v 0.00630687 -0.01148266 0.01923780
v 0.00674900 -0.01142875 0.01919863
f 3930 3915 3929
f 3928 3929 3915
f 3928 3915 3914
f 3931 3915 3930
f 3932 3916 3915
f 3932 3915 3931
f 3927 3928 3914
f 3926 3927 3914
f 3933 3916 3932
f 3925 3914 3913
f 3925 3926 3914
f 3934 3916 3933
f 3935 3917 3916
f 3935 3916 3934
f 3924 3925 3913
f 3923 3924 3913
f 3936 3917 3935
f 3922 3913 3912
f 3922 3923 3913
f 3937 3917 3936
f 3971 3917 3937
f 3912 3921 3922
f 3918 3971 3937
f 3911 3921 3912
f 3919 3937 3938
f 3919 3918 3937
f 4135 3921 3911
f 4027 3921 4135
f 4027 3942 3921
f 3988 3919 3938
f 4005 3988 3938
f 4005 3938 3939
f 4018 3942 4027
f 4015 3942 4018
f 3920 4005 3939
f 4011 3942 4015
f 4011 3941 3942
f 4011 3920 3939
f 4011 3939 3940
f 4011 3940 3941
f 3962 3963 3970
f 3962 3964 3963
f 3966 3968 3967
f 3966 4012 3990
f 3971 3969 3917
f 3970 3950 3962
f 3972 3966 3967
f 3972 4012 3966
f 3972 3967 3974
f 3973 3961 3965
f 3974 3969 3971
f 3976 3970 3961
f 3976 3950 3970
f 3981 3974 3971
f 3980 3973 3965
f 3984 3918 3919
f 3984 3971 3918
f 3978 3965 3975
f 3978 3980 3965
f 3951 3961 3973
f 3951 3976 3961
f 3977 3972 3974
f 3979 3971 3984
f 3979 3981 3971
f 3989 3978 3975
f 3980 3951 3973
f 3981 3977 3974
f 3981 3982 3977
f 3988 3984 3919
f 3993 3989 3975
f 3985 3978 3989
f 3985 3951 3980
f 3985 3980 3978
f 3986 3993 3975
f 3987 3982 3981
f 3987 3979 3984
f 3987 3981 3979
f 3997 3975 3983
f 3997 3986 3975
f 3991 3984 3988
f 3996 3988 4005
f 3995 3983 3990
f 3992 3991 3988
f 3993 3986 3997
f 3994 3984 3991
f 3994 3987 3984
f 3998 3992 3988
f 3998 3988 3996
f 4008 3995 3990
f 3997 4001 3993
f 3997 3983 3995
f 3999 3994 3991
f 3999 3991 3992
f 4000 4008 3990
f 4001 3995 4008
f 4001 3997 3995
f 4002 4000 3990
f 4003 3992 3998
f 4003 3998 3996
f 4003 4004 3999
f 4003 3999 3992
f 4005 3920 4011
f 4009 3990 4012
f 4009 4002 3990
f 4006 3996 4005
f 4007 4012 3972
f 4007 3972 3977
f 4008 3952 4001
f 4008 4000 4002
f 4021 4006 4005
f 4010 4003 3996
f 4010 3996 4006
f 4010 4004 4003
f 4013 4021 4005
f 4014 3952 4008
f 4014 4002 4009
f 4014 4008 4002
f 4017 4012 4007
f 4019 4013 4005
f 4019 4005 4111
f 4016 4011 4015
f 4017 4007 3977
f 4020 4009 4012
f 4020 4014 4009
f 4020 3953 4014
f 4030 3982 3987
f 4030 3977 3982
f 4021 4022 4010
f 4021 4010 4006
f 4016 4015 4018
f 4028 4017 3977
f 4023 4019 4111
f 4024 4016 4018
f 4025 4020 4012
f 4025 3953 4020
f 4025 4012 4017
f 4026 4028 3977
f 4027 4024 4018
f 4118 4022 4021
f 4118 4021 4013
f 4118 4013 4019
f 4029 3977 4030
f 4029 4026 3977
f 4032 3987 3994
f 4032 4030 3987
f 4028 3953 4025
f 4028 3954 3953
f 4028 4025 4017
f 4031 4028 4026
f 4031 3954 4028
f 4031 4026 4029
f 4032 3994 3999
f 4035 4030 4032
f 4033 4035 4032
f 4034 3955 4031
f 4034 4029 4030
f 4034 4031 4029
f 4037 4032 3999
f 4037 3999 4004
f 4039 4033 4032
f 4035 3955 4034
f 4035 4034 4030
f 4036 4032 4037
f 4036 4039 4032
f 4037 4004 4010
f 4038 4036 4037
f 4039 3956 3955
f 4039 4035 4033
f 4039 3955 4035
f 4053 4038 4037
f 4042 4039 4036
f 4042 3956 4039
f 4042 4036 4038
f 4050 4037 4010
f 4050 4010 4022
f 4043 4044 4117
f 4045 4053 4037
f 4046 4051 4040
f 4046 4040 4043
f 4047 4043 4117
f 4048 4037 4050
f 4048 4045 4037
f 4049 4038 4053
f 4049 3957 4042
f 4049 4042 4038
f 4051 4043 4047
f 4051 4046 4043
f 4051 4047 3944
f 4052 4048 4050
f 4055 4041 4040
f 4060 4052 4050
f 4053 3957 4049
f 4053 4045 4048
f 4054 4060 4050
f 4058 4040 4051
f 4058 4055 4040
f 4056 3957 4053
f 4056 4048 4052
f 4056 4052 4060
f 4056 4053 4048
f 4057 4054 4050
f 4059 4051 3944
f 4059 4058 4051
f 4060 3958 4056
f 4061 4059 3944
f 4061 4058 4059
f 4129 4055 4058
f 4131 4054 4057
f 4131 4060 4054
f 4062 4058 4061
f 4062 4061 3944
f 4062 4129 4058
f 4064 3960 4063
f 4065 3960 4064
f 4067 4065 4066
f 4067 3960 4065
f 4068 4070 4069
f 4068 3943 4070
f 4078 4068 4071
f 4078 3943 4068
f 4074 4072 4073
f 4074 4073 3912
f 4074 3912 4075
f 4076 4074 4075
f 4076 4072 4074
f 4077 4072 4076
f 4077 4076 4075
f 4078 4047 3943
f 4078 4079 4047
f 4078 4084 4079
f 4080 4071 4068
f 4080 4077 4075
f 4080 4072 4077
f 4080 4068 4072
f 4081 4071 4080
f 4081 4078 4071
f 4081 4084 4078
f 4082 4081 4080
f 4084 4082 4083
f 4084 4081 4082
f 4085 4086 4084
f 4087 4084 4083
f 4087 4085 4084
f 4088 4085 4087
f 4088 4087 4083
f 4088 4083 4089
f 4089 4090 4085
f 4089 4085 4088
f 4091 4090 4089
f 4094 4083 4174
f 4094 4091 4089
f 4094 4089 4083
f 4092 4093 4091
f 4094 4092 4091
f 4096 4101 3944
f 4096 3944 4095
f 4096 4095 4092
f 4099 4094 4174
f 4099 4092 4094
f 4098 4097 4096
f 4098 4096 4092
f 4098 4092 4099
f 4099 4172 4098
f 4099 4174 4172
f 4100 4102 4101
f 4100 4096 4097
f 4100 4101 4096
f 4105 4103 4100
f 4105 4098 4104
f 4105 4097 4098
f 4105 4100 4097
f 4106 4103 4105
f 4107 4105 4104
f 4107 4106 4105
f 4108 4109 3947
f 4108 4106 4107
f 4108 4107 4104
f 4108 4104 4109
f 4108 3946 4106
f 4110 4005 4011
f 4110 4111 4005
f 4112 4011 4016
f 4112 4110 4011
f 4112 4111 4110
f 4113 4111 4112
f 4113 4116 4023
f 4113 4023 4111
f 4113 4112 4016
f 4114 4024 4027
f 4114 4116 4113
f 4114 4113 4016
f 4114 4016 4024
f 4114 4027 3943
f 4115 4118 4019
f 4115 4019 4023
f 4115 4023 4116
f 4116 4114 3943
f 4119 4118 4115
f 4119 4115 4044
f 4117 4044 4115
f 4117 3943 4047
f 4117 4115 4116
f 4117 4116 3943
f 4119 4044 4043
f 4119 4040 4118
f 4119 4043 4040
f 4120 4022 4118
f 4120 4118 4040
f 4121 4040 4041
f 4121 4041 4120
f 4121 4120 4040
f 4122 4120 4041
f 4122 4041 4055
f 4123 4022 4120
f 4123 4050 4022
f 4123 4122 4055
f 4123 4120 4122
f 4124 4050 4123
f 4124 4123 4055
f 4125 4055 4129
f 4125 4124 4055
f 4125 4050 4124
f 4126 4050 4125
f 4126 4057 4050
f 4127 4057 4126
f 4127 4125 4129
f 4127 4126 4125
f 4128 4131 4057
f 4128 4057 4127
f 4129 4062 3944
f 4129 3944 4101
f 4130 4131 4128
f 4131 4063 3959
f 4131 3959 3958
f 4131 3958 4060
f 4132 4130 4128
f 4132 4131 4130
f 4132 4063 4131
f 4132 4128 4064
f 4132 4064 4063
f 4133 4129 4101
f 4133 4127 4129
f 4134 4133 4101
f 4134 4065 4064
f 4134 4066 4065
f 4134 4127 4133
f 4134 4067 4066
f 4134 4101 4067
f 4134 4128 4127
f 4134 4064 4128
f 4070 3943 4027
f 4070 4027 4135
f 4069 4070 4135
f 4136 4135 3911
f 4068 4135 4136
f 4068 4069 4135
f 4073 3911 3912
f 4073 4136 3911
f 4072 4068 4136
f 4072 4136 4073
f 4137 3944 4047
f 4137 4047 4079
f 4075 3912 3913
f 4139 3944 4137
f 4139 4138 3944
f 4139 4137 4079
f 4139 4079 4084
f 4082 4080 4075
f 4145 4075 3913
f 4086 4139 4084
f 4140 4138 4139
f 4140 4139 4086
f 4141 4082 4075
f 4142 4145 3913
f 4143 4141 4075
f 4143 4075 4145
f 4085 4140 4086
f 4085 4090 4140
f 4146 3944 4138
f 4083 4082 4141
f 4083 4141 4143
f 4144 4142 3913
f 4095 3944 4146
f 4146 4138 4140
f 4150 4145 4142
f 4147 4095 4146
f 4148 4149 4083
f 4148 4083 4143
f 4148 4143 4145
f 4154 4144 3913
f 4154 3913 3914
f 4150 4142 4144
f 4091 4146 4140
f 4091 4140 4090
f 4093 4147 4146
f 4093 4146 4091
f 4152 4150 4144
f 4151 4154 3914
f 4152 4144 4154
f 4153 4148 4145
f 4153 4145 4150
f 4153 4149 4148
f 4092 4095 4147
f 4092 4147 4093
f 4155 4151 3914
f 4157 4154 4151
f 4156 4158 4153
f 4156 4153 4150
f 4156 4152 4154
f 4156 4150 4152
f 4164 4155 3914
f 4157 4151 4155
f 4160 4157 4155
f 4158 4154 4157
f 4158 4156 4154
f 4165 4164 3914
f 4165 3914 3915
f 4160 4155 4164
f 4161 4160 4164
f 4162 4165 3915
f 4163 4157 4160
f 4163 4158 4157
f 4163 4159 4158
f 4101 3945 4067
f 4166 4162 3915
f 4171 4165 4162
f 4176 4083 4149
f 4176 4174 4083
f 4167 4160 4161
f 4167 4168 4163
f 4167 4163 4160
f 4167 4161 4164
f 4169 4166 3915
f 4170 3945 4101
f 4170 4101 4102
f 4170 4102 4100
f 4171 4162 4166
f 4173 3946 4170
f 4173 4170 4100
f 4173 4100 4103
f 4175 4171 4166
f 4182 4169 3915
f 4182 3915 3916
f 3965 4165 4171
f 3965 4164 4165
f 3965 4168 4167
f 3965 4167 4164
f 4175 4166 4169
f 4106 4173 4103
f 4106 3946 4173
f 4176 4149 4153
f 4104 4098 4172
f 4179 4175 4169
f 4184 4174 4176
f 4188 4182 3916
f 4177 4171 4175
f 4177 3975 3965
f 4177 3965 4171
f 4178 4184 4176
f 4179 4169 4182
f 4109 4172 4174
f 4109 4104 4172
f 4180 4153 4158
f 4180 4176 4153
f 4181 4178 4176
f 4195 4188 3916
f 4186 4176 4180
f 4186 4181 4176
f 4183 4182 4188
f 4184 4109 4174
f 4184 3948 3947
f 4184 3947 4109
f 4185 4175 4179
f 4185 3975 4177
f 4185 4177 4175
f 4192 4180 4158
f 4192 4158 4159
f 4187 4195 3916
f 4189 3948 4184
f 4189 4178 4181
f 4189 4181 4186
f 4189 4184 4178
f 4194 4186 4180
f 4190 4188 4195
f 4191 3983 3975
f 4191 3975 4185
f 4191 4185 4179
f 4191 4179 4182
f 4191 4182 4183
f 4191 4183 4188
f 4192 4159 4163
f 4193 4187 3916
f 4193 3916 3917
f 4194 4180 4192
f 4196 3949 4189
f 4196 4189 4186
f 4196 4186 4194
f 3964 4194 4192
f 3966 4195 4187
f 4197 4190 4195
f 4197 4188 4190
f 4197 3983 4191
f 4197 3990 3983
f 4197 4191 4188
f 3963 3964 4192
f 3966 4187 4193
f 4198 4196 4194
f 4198 3949 4196
f 3961 4163 4168
f 3961 4192 4163
f 3968 3966 4193
f 3974 4193 3917
f 3970 3963 4192
f 3970 4192 3961
f 3967 3968 4193
f 3964 3962 4198
f 3964 4198 4194
f 3966 4197 4195
f 3966 3990 4197
f 3965 3961 4168
f 3969 3974 3917
f 3967 4193 3974
f 4230 4108 3947
f 4229 4230 3947
f 4231 3946 4108
f 4231 4108 4230
f 4228 4229 3947
f 4232 3946 4231
f 4227 3947 3948
f 4227 4228 3947
f 4233 4170 3946
f 4233 3946 4232
f 4226 3948 4189
f 4226 4227 3948
f 4226 4189 3949
f 4234 3945 4170
f 4234 4170 4233
f 4225 3949 4198
f 4225 4226 3949
f 4234 4067 3945
f 4224 4198 3962
f 4224 4225 4198
f 4199 4067 4234
f 4199 3960 4067
f 4200 3960 4199
f 4223 3962 3950
f 4223 4224 3962
f 4201 4063 3960
f 4201 3960 4200
f 4202 4063 4201
f 4202 3959 4063
f 4222 3950 3976
f 4222 4223 3950
f 4203 3959 4202
f 3951 4222 3976
f 3951 4221 4222
f 3958 4203 4204
f 3958 3959 4203
f 3951 4220 4221
f 4056 4204 4205
f 4056 3958 4204
f 3985 4219 4220
f 3985 4220 3951
f 3957 4056 4205
f 3989 4218 4219
f 3989 4219 3985
f 3957 4205 4206
f 3993 4218 3989
f 3993 4217 4218
f 4042 3957 4206
f 4042 4206 4207
f 4042 4207 4208
f 4001 4217 3993
f 4001 4216 4217
f 3956 4042 4208
f 3955 3956 4208
f 3955 4208 4209
f 3952 4216 4001
f 3952 4215 4216
f 3955 4209 4210
f 3955 4210 4211
f 4014 4215 3952
f 4014 4214 4215
f 4031 3955 4211
f 3953 4214 4014
f 3953 4213 4214
f 3954 4031 4211
f 3953 3954 4211
f 3953 4211 4212
f 3953 4212 4213

o p0005
usemtl mat_33
v 0.00674900 -0.02179515 0.00492993
v 0.00674900 -0.01142875 0.01919863
v 0.00697257 -0.01144230 0.01920847
v 0.00719113 -0.01148266 0.01923780
v 0.00739983 -0.01154893 0.01928594
v 0.00759398 -0.01163962 0.01935182
v 0.00776926 -0.01175270 0.01943398
v 0.00792175 -0.01188566 0.01953058
v 0.00804804 -0.01203552 0.01963945
v 0.00814531 -0.01219894 0.01975818
v 0.00821139 -0.01237225 0.01988409
v 0.00824481 -0.01255160 0.02001440
v 0.00824481 -0.01273298 0.02014617
v 0.00821139 -0.01291233 0.02027647
v 0.00814531 -0.01308565 0.02040239
v 0.00804804 -0.01324906 0.02052111
v 0.00792175 -0.01339892 0.02062998
v 0.00776926 -0.01353188 0.02072658
v 0.00759398 -0.01364497 0.02080874
v 0.00739983 -0.01373566 0.02087462
v 0.00719113 -0.01380192 0.02092277
v 0.00697257 -0.01384228 0.02095209
v 0.00674900 -0.01385584 0.02096194
v 0.00652544 -0.01384228 0.02095209
v 0.00630687 -0.01380192 0.02092277
v 0.00609818 -0.01373566 0.02087462
v 0.00590402 -0.01364497 0.02080874
v 0.00572874 -0.01353188 0.02072658
v 0.00557625 -0.01339892 0.02062998
v 0.00544996 -0.01324906 0.02052111
v 0.00535269 -0.01308565 0.02040239
v 0.00528661 -0.01291233 0.02027647
v 0.00525319 -0.01273298 0.02014617
v 0.00525319 -0.01255160 0.02001440
v 0.00528661 -0.01237225 0.01988409
v 0.00535269 -0.01219894 0.01975818
v 0.00544996 -0.01203552 0.01963945
v 0.00557625 -0.01188566 0.01953058
v 0.00572874 -0.01175270 0.01943398
v 0.00590402 -0.01163962 0.01935182
v 0.00609818 -0.01154893 0.01928594
v 0.00630687 -0.01148266 0.01923780
v 0.00652544 -0.01144230 0.01920847
v 0.00652544 -0.02180870 0.00493977
v 0.00630687 -0.02184906 0.00496910
v 0.00609818 -0.02191532 0.00501724
v 0.00590402 -0.02200601 0.00508312
v 0.00572874 -0.02211910 0.00516528
v 0.00557625 -0.02225206 0.00526188
v 0.00544996 -0.02240192 0.00537075
v 0.00535269 -0.02256533 0.00548948
v 0.00528661 -0.02273865 0.00561539
v 0.00525319 -0.02291800 0.00574569
v 0.00525319 -0.02309938 0.00587747
v 0.00528661 -0.02327873 0.00600777
v 0.00535269 -0.02345205 0.00613369
v 0.00544996 -0.02361546 0.00625241
v 0.00557625 -0.02376532 0.00636128
v 0.00572874 -0.02389828 0.00645788
v 0.00590402 -0.02401136 0.00654004
v 0.00609818 -0.02410205 0.00660592
v 0.00630687 -0.02416832 0.00665407
v 0.00652544 -0.02420868 0.00668339
v 0.00674900 -0.02422223 0.00669324
v 0.00697257 -0.02420868 0.00668339
v 0.00719113 -0.02416832 0.00665407
v 0.00739983 -0.02410205 0.00660592
v 0.00759398 -0.02401136 0.00654004
v 0.00776926 -0.02389828 0.00645788
v 0.00792175 -0.02376532 0.00636128
v 0.00804804 -0.02361546 0.00625241
v 0.00814531 -0.02345205 0.00613369
v 0.00821139 -0.02327873 0.00600777
v 0.00824481 -0.02309938 0.00587747
v 0.00824481 -0.02291800 0.00574569
v 0.00821139 -0.02273865 0.00561539
v 0.00814531 -0.02256533 0.00548948
v 0.00804804 -0.02240192 0.00537075
v 0.00792175 -0.02225206 0.00526188
v 0.00776926 -0.02211910 0.00516528
v 0.00759398 -0.02200601 0.00508312
v 0.00739983 -0.02191532 0.00501724
v 0.00719113 -0.02184906 0.00496910
v 0.00697257 -0.02180870 0.00493977
f 4236 4278 4235
f 4277 4279 4278
f 4277 4278 4236
f 4276 4280 4279
f 4276 4279 4277
f 4275 4280 4276
f 4275 4281 4280
f 4274 4281 4275
f 4274 4282 4281
f 4273 4282 4274
f 4273 4283 4282
f 4272 4283 4273
f 4272 4284 4283
f 4271 4284 4272
f 4271 4285 4284
f 4270 4285 4271
f 4270 4286 4285
f 4269 4286 4270
f 4269 4287 4286
f 4268 4287 4269
f 4268 4288 4287
f 4267 4288 4268
f 4267 4289 4288
f 4266 4289 4267
f 4266 4290 4289
f 4265 4290 4266
f 4265 4291 4290
f 4264 4291 4265
f 4264 4292 4291
f 4263 4292 4264
f 4263 4293 4292
f 4262 4293 4263
f 4262 4294 4293
f 4261 4294 4262
f 4261 4295 4294
f 4260 4296 4295
f 4260 4295 4261
f 4259 4297 4296
f 4259 4296 4260
f 4258 4298 4297
f 4258 4297 4259
f 4257 4298 4258
f 4256 4299 4298
f 4256 4298 4257
f 4255 4300 4299
f 4255 4301 4300
f 4255 4299 4256
f 4254 4302 4301
f 4254 4301 4255
f 4253 4302 4254
f 4252 4303 4302
f 4252 4304 4303
f 4252 4302 4253
f 4251 4304 4252
f 4250 4305 4304
f 4250 4306 4305
f 4250 4304 4251
f 4249 4306 4250
f 4248 4306 4249
f 4248 4307 4306
f 4248 4308 4307
f 4247 4308 4248
f 4247 4309 4308
f 4246 4309 4247
f 4245 4309 4246
f 4245 4310 4309
f 4245 4311 4310
f 4244 4311 4245
f 4244 4312 4311
f 4243 4312 4244
f 4243 4313 4312
f 4242 4313 4243
f 4241 4313 4242
f 4241 4314 4313
f 4241 4315 4314
f 4240 4315 4241
f 4240 4316 4315
f 4239 4316 4240
f 4239 4317 4316
f 4238 4317 4239
f 4237 4317 4238
f 4237 4318 4317
f 4236 4318 4237
f 4236 4235 4318

o p0006
usemtl mat_3
v 0.00874818 0.01691229 -0.00881190
v 0.01045356 0.01792520 -0.00881209
v 0.01207812 0.02041592 -0.00881220
v 0.01207812 0.02368106 -0.00881214
v 0.01023139 0.02640145 -0.00881206
v 0.00717909 0.02760462 -0.00881207
v 0.00398452 0.02688887 -0.00881210
v 0.00198586 0.02479849 -0.00881179
v 0.00134771 0.02328183 -0.00881197
v 0.00198586 0.01929849 -0.00881190
v 0.00728938 0.02067164 -0.00881187
v 0.00792175 0.02111326 -0.00881186
v 0.00804804 0.02129849 -0.00881186
v 0.00814531 0.02150048 -0.00881185
v 0.00822810 0.02182555 -0.00881185
v 0.00824481 0.02216059 -0.00881184
v 0.00821139 0.02238227 -0.00881184
v 0.00809668 0.02269750 -0.00881183
v 0.00792175 0.02298373 -0.00881183
v 0.00759398 0.02328785 -0.00881182
v 0.00739983 0.02339994 -0.00881182
v 0.00697257 0.02353174 -0.00881182
v 0.00674900 0.02354849 -0.00881182
v 0.00652544 0.02353174 -0.00881182
v 0.00620252 0.02344090 -0.00881182
v 0.00590402 0.02328785 -0.00881182
v 0.00552691 0.02288170 -0.00881183
v 0.00526990 0.02204849 -0.00881184
v 0.00551311 0.02120587 -0.00881186
v 0.00572874 0.02094891 -0.00881187
v 0.00590402 0.02080913 -0.00881187
v 0.00641987 0.02060648 -0.00881187
v 0.00674900 0.01577712 -0.00592647
v 0.00674900 0.01514792 0.00143662
v 0.00756873 0.01660958 0.00882489
v 0.00945321 0.01724158 0.00882517
v 0.01128491 0.01890050 0.00882484
v 0.01186881 0.02003877 0.00882495
v 0.01223362 0.02163713 0.00882498
v 0.01151214 0.02479815 0.00882504
v 0.01076983 0.02594529 0.00881962
v 0.00512785 0.02730380 0.00882509
v 0.00332176 0.02636788 0.00882512
v 0.00244893 0.02547734 0.00882506
v 0.00148249 0.02368180 0.00882506
v 0.00126438 0.02245917 0.00882500
v 0.00148250 0.02041450 0.00882501
v 0.00244893 0.01861896 0.00882492
v 0.00333369 0.01771284 0.00882446
v 0.00551519 0.01667516 0.00882482
v 0.01236618 0.02566055 0.00382210
v 0.01206209 0.02374534 0.00881791
v 0.01311177 0.02367523 0.00435291
v 0.01305676 0.02306481 0.00542885
v 0.01191370 0.02679333 0.00028142
v 0.00551444 0.02865103 -0.00348642
v 0.00411044 0.02803673 -0.00455192
v 0.00519043 0.02839854 -0.00448457
v 0.00299935 0.02706823 -0.00595293
v 0.01263943 0.02464387 0.00519958
v 0.00237480 0.02556946 -0.00879703
v 0.00333439 0.02805844 -0.00105306
v 0.01128492 0.02675767 0.00449793
v 0.00291745 0.02725160 -0.00517685
v 0.00960912 0.02837571 0.00119475
v 0.01150795 0.02499171 0.00881105
v 0.00175668 0.02696666 0.00008796
v 0.01015231 0.02763192 0.00452963
v 0.00099000 0.02521290 -0.00431785
v 0.01057988 0.02715288 0.00545811
v 0.00155973 0.02623564 -0.00371044
v 0.00097921 0.02582048 0.00000665
v 0.00774109 0.02886709 0.00194173
v 0.00080729 0.02438783 -0.00548636
v 0.00978947 0.02676252 0.00881340
v 0.00830757 0.02839837 0.00449796
v 0.00050756 0.02502014 -0.00105505
v 0.00114482 0.02258668 -0.00879890
v 0.00956742 0.02706852 0.00878414
v 0.00567793 0.02890630 0.00120145
v 0.00034208 0.02341625 -0.00448961
v 0.00021485 0.02228970 -0.00448469
v 0.00915802 0.02731014 0.00880217
v 0.00002597 0.02363635 -0.00115591
v 0.00649055 0.02858369 0.00451730
v 0.00053113 0.02065707 -0.00555600
v 0.00742533 0.02844280 0.00524404
v 0.00020935 0.02150386 -0.00436543
v -0.00014834 0.02242238 -0.00119269
v 0.00519043 0.02839837 0.00449796
v 0.00639338 0.02761436 0.00881794
v 0.00458098 0.02821695 0.00449796
v 0.00003799 0.02147816 -0.00299797
v -0.00002937 0.02079397 0.00000655
v 0.00173397 0.01950579 -0.00880048
v 0.00057021 0.01990151 -0.00450258
v 0.00239003 0.02718268 0.00301121
v 0.00544677 0.02832667 0.00532306
v 0.00382432 0.02793340 0.00432673
v 0.00016471 0.01994060 -0.00105452
v 0.00336247 0.01761731 -0.00881107
v 0.00366650 0.02821147 0.00211305
v 0.00117886 0.01862396 -0.00448476
v 0.00488838 0.02732227 0.00881556
v 0.00469956 0.01693296 -0.00881092
v 0.00479793 0.01643971 -0.00734237
v 0.00243364 0.02700324 0.00433490
v 0.00530091 0.01673316 -0.00881161
v 0.00164241 0.01790715 -0.00429565
v 0.00351735 0.02741614 0.00596628
v 0.00084639 0.01890681 -0.00354512
v 0.00097921 0.01827616 0.00000650
v 0.00221286 0.01733919 -0.00448478
v 0.00547337 0.01626546 -0.00738424
v 0.00299935 0.02706800 0.00596627
v 0.00145026 0.02587926 0.00449791
v 0.00616339 0.01654682 -0.00880989
v 0.00211861 0.02645490 0.00541549
v 0.00099000 0.02521272 0.00433112
v 0.00082131 0.02507931 0.00388074
v 0.00221290 0.02531840 0.00881066
v 0.00010000 0.02330645 0.00296102
v 0.00034570 0.02337153 0.00449787
v 0.00103931 0.02462845 0.00596622
v 0.00069535 0.02407066 0.00545720
v 0.00021485 0.02228953 0.00449784
v 0.00009506 0.02084028 0.00304968
v 0.00020935 0.02150369 0.00437856
v 0.00044125 0.02306482 0.00542887
v 0.00397603 0.01573392 -0.00081928
v 0.00297684 0.01627853 0.00000646
v 0.00116020 0.02225806 0.00881776
v 0.00447403 0.01556712 -0.00142286
v 0.00426928 0.01578473 -0.00298441
v 0.00050267 0.02011517 0.00449780
v 0.00464329 0.01550262 -0.00099021
v 0.00638659 0.01526362 -0.00260877
v 0.00066609 0.01965000 0.00449779
v 0.00056342 0.02104980 0.00596616
v 0.00113377 0.01823750 0.00292295
v 0.00550470 0.01526747 -0.00034834
v 0.00086070 0.01920548 0.00449779
v 0.00054532 0.02034866 0.00523525
v 0.00145030 0.01821715 0.00449777
v 0.00390769 0.01578109 0.00109802
v 0.00155457 0.01992167 0.00881345
v 0.00212118 0.01745713 0.00468086
v 0.00471825 0.01548344 0.00123023
v 0.00549781 0.01528701 0.00100310
v 0.00147129 0.01843560 0.00543853
v 0.00550176 0.01530834 0.00150086
v 0.00510484 0.01551505 0.00299460
v 0.00442537 0.01705079 0.00882326
v 0.00469696 0.01652203 0.00751701
v 0.00526456 0.01636375 0.00758849
v 0.00547337 0.01626517 0.00739716
v 0.00612086 0.01654214 0.00882147
v 0.00832780 0.01615076 -0.00668645
v 0.00802463 0.01626546 -0.00738424
v 0.00761001 0.01618936 -0.00738424
v 0.00983788 0.01637750 -0.00496760
v 0.00929013 0.01678000 -0.00772489
v 0.00920336 0.01680521 -0.00786374
v 0.01037198 0.01742194 -0.00755314
v 0.01163193 0.01798570 -0.00567279
v 0.01027357 0.01713926 -0.00691455
v 0.01010428 0.01695080 -0.00667198
v 0.00829071 0.01574419 -0.00480441
v 0.00839316 0.01551517 -0.00298170
v 0.01038259 0.01655535 -0.00441304
v 0.01033491 0.01645107 -0.00373656
v 0.01128905 0.01730064 -0.00440685
v 0.01230204 0.01794095 -0.00114036
v 0.01013381 0.01614468 -0.00271364
v 0.00985919 0.01593791 -0.00153633
v 0.00927206 0.01567522 -0.00148797
v 0.01096576 0.01668404 -0.00199599
v 0.01120054 0.01682588 -0.00132941
v 0.01130872 0.01686261 -0.00058870
v 0.01052117 0.01627853 0.00000646
v 0.01016495 0.01604815 0.00035690
v 0.00967406 0.01590809 0.00246090
v 0.00927206 0.01567517 0.00150087
v 0.01118239 0.01681462 0.00146264
v 0.00819331 0.01538040 0.00217346
v 0.00829071 0.01574401 0.00481732
v 0.00983788 0.01637731 0.00498053
v 0.01069876 0.01662117 0.00348642
v 0.01079282 0.01667978 0.00320466
v 0.00832781 0.01615051 0.00669939
v 0.00695611 0.01591120 0.00662555
v 0.00802463 0.01626517 0.00739716
v 0.00882988 0.01650378 0.00739717
v 0.01128871 0.01772971 0.00596609
v 0.01001970 0.01679317 0.00632453
v 0.00943779 0.01681619 0.00755637
v 0.01027357 0.01713899 0.00692751
v 0.01021009 0.01775061 0.00882084
v 0.01194937 0.01855328 0.00596611
v 0.00312602 0.01742194 -0.00755314
v 0.00260181 0.01757288 -0.00675376
v 0.00369473 0.01687960 -0.00707145
v 0.00347831 0.01679341 -0.00631158
v 0.00516794 0.01601801 -0.00609863
v 0.00287628 0.01654233 -0.00328853
v 0.00441476 0.01615310 -0.00579958
v 0.00514507 0.01562063 -0.00395545
v 0.00181936 0.01725533 -0.00176205
v 0.00287723 0.01647884 -0.00260403
v 0.00212151 0.01693345 -0.00056686
v 0.00278420 0.01641449 -0.00049198
v 0.00278420 0.01641447 0.00050491
v 0.00229747 0.01682583 0.00134235
v 0.00253224 0.01668396 0.00200892
v 0.00287723 0.01647873 0.00261696
v 0.00256662 0.01684111 0.00350372
v 0.00349438 0.01635989 0.00442822
v 0.00347831 0.01679317 0.00632453
v 0.00481933 0.01561737 0.00344931
v 0.00322444 0.01713899 0.00692751
v 0.00277386 0.01743903 0.00682720
v 0.00369473 0.01687933 0.00708440
v 0.00523056 0.01586341 0.00546114
v 0.00516794 0.01601777 0.00611155
v 0.00789729 0.01665905 -0.00881109
v 0.00868481 0.01659243 -0.00786374
v 0.00799625 0.01530840 -0.00148798
v 0.00800336 0.01526995 0.00000644
v 0.00815519 0.01533973 -0.00180110
v 0.00916501 0.01558928 -0.00038957
v 0.01204770 0.01821733 -0.00448477
v 0.01268734 0.02004982 -0.00595307
v 0.01250798 0.01888388 -0.00431796
v 0.01293459 0.02105003 -0.00595305
v 0.01264093 0.01948367 -0.00525175
v 0.00836884 0.01536025 0.00139375
v 0.00863504 0.01545850 0.00150087
v 0.01268342 0.01886318 -0.00299802
v 0.01315845 0.01951088 0.00000652
v 0.01311178 0.02042143 -0.00433977
v 0.01293459 0.02304685 -0.00595301
v 0.01328865 0.02150386 -0.00436544
v 0.01347203 0.02046035 -0.00115600
v 0.01316124 0.02202472 -0.00531655
v 0.01268733 0.02404708 -0.00595299
v 0.01346002 0.02147816 -0.00299797
v 0.01318292 0.02313943 -0.00460142
v 0.01364634 0.02242238 -0.00119271
v 0.01352737 0.02330267 0.00000660
v 0.01292779 0.02419531 -0.00450250
v 0.01263733 0.02489110 -0.00448464
v 0.01128860 0.02636704 -0.00595294
v 0.01333329 0.02415610 -0.00105448
v 0.01244564 0.02504737 -0.00519725
v 0.01205634 0.02561494 -0.00539292
v 0.01049866 0.02706823 -0.00595293
v 0.01268345 0.02523354 -0.00299790
v 0.01251879 0.02582048 0.00000665
v 0.00998065 0.02741637 -0.00595292
v 0.00819709 0.01673279 0.00882443
v 0.01144313 0.02658058 -0.00460984
v 0.01185559 0.01790698 0.00430864
v 0.00868481 0.01659213 0.00787668
v 0.01203411 0.01799218 0.00391460
v 0.01060549 0.02733304 -0.00449685
v 0.01302967 0.01954993 0.00306798
v 0.01110797 0.02718280 -0.00299786
v 0.01283192 0.01965000 0.00449779
v 0.00967368 0.02793357 -0.00431335
v 0.01346002 0.02147805 0.00301110
v 0.01299533 0.02011517 0.00449780
v 0.00908893 0.02799994 -0.00539066
v 0.00830757 0.02839854 -0.00448457
v 0.01256195 0.01940918 0.00545111
v 0.00978644 0.02805977 -0.00299784
v 0.01318292 0.02095722 0.00461456
v 0.00644562 0.02830673 -0.00595291
v 0.00805123 0.02832687 -0.00530967
v 0.01199762 0.02005191 0.00880780
v 0.00722594 0.02856960 -0.00448457
v 0.00864652 0.02851075 -0.00299783
v 0.01339800 0.02330645 0.00296101
v 0.00493689 0.02804584 -0.00603271
v 0.01327157 0.02204822 0.00463599
v 0.00696714 0.02846568 -0.00527496
v 0.01293459 0.02104980 0.00596616
v 0.00748305 0.02874346 -0.00299783
v 0.01233837 0.02183857 0.00881535
v 0.00652544 0.02056490 0.00882496
v 0.00630687 0.02061479 0.00882496
v 0.00609818 0.02069670 0.00882496
v 0.00590402 0.02080879 0.00882497
v 0.00565250 0.02103074 0.00882497
v 0.00544996 0.02129815 0.00882498
v 0.00535269 0.02150014 0.00882498
v 0.00528661 0.02171437 0.00882498
v 0.00525319 0.02193606 0.00882499
v 0.00525319 0.02216025 0.00882499
v 0.00528661 0.02238193 0.00882500
v 0.00535269 0.02259616 0.00882500
v 0.00551311 0.02289077 0.00882501
v 0.00572874 0.02314773 0.00882501
v 0.00590402 0.02328751 0.00882502
v 0.00609818 0.02339960 0.00882502
v 0.00630687 0.02348151 0.00882502
v 0.00652544 0.02353140 0.00882502
v 0.00686078 0.02353977 0.00882502
v 0.00719113 0.02348151 0.00882502
v 0.00739983 0.02339960 0.00882502
v 0.00759398 0.02328751 0.00882502
v 0.00776926 0.02314773 0.00882501
v 0.00792175 0.02298339 0.00882501
v 0.00809668 0.02269716 0.00882500
v 0.00822810 0.02227109 0.00882500
v 0.00824481 0.02193606 0.00882499
v 0.00821139 0.02171437 0.00882498
v 0.00814531 0.02150014 0.00882498
v 0.00804804 0.02129815 0.00882498
v 0.00792175 0.02111292 0.00882497
v 0.00776926 0.02094857 0.00882497
v 0.00759398 0.02080879 0.00882497
v 0.00739983 0.02069670 0.00882496
v 0.00719113 0.02061479 0.00882496
v 0.00686078 0.02055653 0.00882496
f 4338 4323 4337
f 4336 4337 4323
f 4336 4323 4322
f 4339 4323 4338
f 4340 4324 4323
f 4340 4323 4339
f 4335 4336 4322
f 4334 4335 4322
f 4341 4324 4340
f 4333 4322 4321
f 4333 4334 4322
f 4342 4324 4341
f 4343 4325 4324
f 4343 4324 4342
f 4332 4333 4321
f 4331 4332 4321
f 4344 4325 4343
f 4330 4321 4320
f 4330 4331 4321
f 4345 4325 4344
f 4379 4325 4345
f 4320 4329 4330
f 4326 4379 4345
f 4319 4329 4320
f 4327 4345 4346
f 4327 4326 4345
f 4543 4329 4319
f 4435 4329 4543
f 4435 4350 4329
f 4396 4327 4346
f 4413 4396 4346
f 4413 4346 4347
f 4426 4350 4435
f 4423 4350 4426
f 4328 4413 4347
f 4419 4350 4423
f 4419 4349 4350
f 4419 4328 4347
f 4419 4347 4348
f 4419 4348 4349
f 4370 4371 4378
f 4370 4372 4371
f 4374 4376 4375
f 4374 4420 4398
f 4379 4377 4325
f 4378 4358 4370
f 4380 4374 4375
f 4380 4420 4374
f 4380 4375 4382
f 4381 4369 4373
f 4382 4377 4379
f 4384 4378 4369
f 4384 4358 4378
f 4389 4382 4379
f 4388 4381 4373
f 4392 4326 4327
f 4392 4379 4326
f 4386 4373 4383
f 4386 4388 4373
f 4359 4369 4381
f 4359 4384 4369
f 4385 4380 4382
f 4387 4379 4392
f 4387 4389 4379
f 4397 4386 4383
f 4388 4359 4381
f 4389 4385 4382
f 4389 4390 4385
f 4396 4392 4327
f 4401 4397 4383
f 4393 4386 4397
f 4393 4359 4388
f 4393 4388 4386
f 4394 4401 4383
f 4395 4390 4389
f 4395 4387 4392
f 4395 4389 4387
f 4405 4383 4391
f 4405 4394 4383
f 4399 4392 4396
f 4404 4396 4413
f 4403 4391 4398
f 4400 4399 4396
f 4401 4394 4405
f 4402 4392 4399
f 4402 4395 4392
f 4406 4400 4396
f 4406 4396 4404
f 4416 4403 4398
f 4405 4409 4401
f 4405 4391 4403
f 4407 4402 4399
f 4407 4399 4400
f 4408 4416 4398
f 4409 4403 4416
f 4409 4405 4403
f 4410 4408 4398
f 4411 4400 4406
f 4411 4406 4404
f 4411 4412 4407
f 4411 4407 4400
f 4413 4328 4419
f 4417 4398 4420
f 4417 4410 4398
f 4414 4404 4413
f 4415 4420 4380
f 4415 4380 4385
f 4416 4360 4409
f 4416 4408 4410
f 4429 4414 4413
f 4418 4411 4404
f 4418 4404 4414
f 4418 4412 4411
f 4421 4429 4413
f 4422 4360 4416
f 4422 4410 4417
f 4422 4416 4410
f 4425 4420 4415
f 4427 4421 4413
f 4427 4413 4519
f 4424 4419 4423
f 4425 4415 4385
f 4428 4417 4420
f 4428 4422 4417
f 4428 4361 4422
f 4438 4390 4395
f 4438 4385 4390
f 4429 4430 4418
f 4429 4418 4414
f 4424 4423 4426
f 4436 4425 4385
f 4431 4427 4519
f 4432 4424 4426
f 4433 4428 4420
f 4433 4361 4428
f 4433 4420 4425
f 4434 4436 4385
f 4435 4432 4426
f 4526 4430 4429
f 4526 4429 4421
f 4526 4421 4427
f 4437 4385 4438
f 4437 4434 4385
f 4440 4395 4402
f 4440 4438 4395
f 4436 4361 4433
f 4436 4362 4361
f 4436 4433 4425
f 4439 4436 4434
f 4439 4362 4436
f 4439 4434 4437
f 4440 4402 4407
f 4443 4438 4440
f 4441 4443 4440
f 4442 4363 4439
f 4442 4437 4438
f 4442 4439 4437
f 4445 4440 4407
f 4445 4407 4412
f 4447 4441 4440
f 4443 4363 4442
f 4443 4442 4438
f 4444 4440 4445
f 4444 4447 4440
f 4445 4412 4418
f 4446 4444 4445
f 4447 4364 4363
f 4447 4443 4441
f 4447 4363 4443
f 4461 4446 4445
f 4450 4447 4444
f 4450 4364 4447
f 4450 4444 4446
f 4458 4445 4418
f 4458 4418 4430
f 4451 4452 4525
f 4453 4461 4445
f 4454 4459 4448
f 4454 4448 4451
f 4455 4451 4525
f 4456 4445 4458
f 4456 4453 4445
f 4457 4446 4461
f 4457 4365 4450
f 4457 4450 4446
f 4459 4451 4455
f 4459 4454 4451
f 4459 4455 4352
f 4460 4456 4458
f 4463 4449 4448
f 4468 4460 4458
f 4461 4365 4457
f 4461 4453 4456
f 4462 4468 4458
f 4466 4448 4459
f 4466 4463 4448
f 4464 4365 4461
f 4464 4456 4460
f 4464 4460 4468
f 4464 4461 4456
f 4465 4462 4458
f 4467 4459 4352
f 4467 4466 4459
f 4468 4366 4464
f 4469 4467 4352
f 4469 4466 4467
f 4537 4463 4466
f 4539 4462 4465
f 4539 4468 4462
f 4470 4466 4469
f 4470 4469 4352
f 4470 4537 4466
f 4472 4368 4471
f 4473 4368 4472
f 4475 4473 4474
f 4475 4368 4473
f 4476 4478 4477
f 4476 4351 4478
f 4486 4476 4479
f 4486 4351 4476
f 4482 4480 4481
f 4482 4481 4320
f 4482 4320 4483
f 4484 4482 4483
f 4484 4480 4482
f 4485 4480 4484
f 4485 4484 4483
f 4486 4455 4351
f 4486 4487 4455
f 4486 4492 4487
f 4488 4479 4476
f 4488 4485 4483
f 4488 4480 4485
f 4488 4476 4480
f 4489 4479 4488
f 4489 4486 4479
f 4489 4492 4486
f 4490 4489 4488
f 4492 4490 4491
f 4492 4489 4490
f 4493 4494 4492
f 4495 4492 4491
f 4495 4493 4492
f 4496 4493 4495
f 4496 4495 4491
f 4496 4491 4497
f 4497 4498 4493
f 4497 4493 4496
f 4499 4498 4497
f 4502 4491 4582
f 4502 4499 4497
f 4502 4497 4491
f 4500 4501 4499
f 4502 4500 4499
f 4504 4509 4352
f 4504 4352 4503
f 4504 4503 4500
f 4507 4502 4582
f 4507 4500 4502
f 4506 4505 4504
f 4506 4504 4500
f 4506 4500 4507
f 4507 4580 4506
f 4507 4582 4580
f 4508 4510 4509
f 4508 4504 4505
f 4508 4509 4504
f 4513 4511 4508
f 4513 4506 4512
f 4513 4505 4506
f 4513 4508 4505
f 4514 4511 4513
f 4515 4513 4512
f 4515 4514 4513
f 4516 4517 4355
f 4516 4514 4515
f 4516 4515 4512
f 4516 4512 4517
f 4516 4354 4514
f 4518 4413 4419
f 4518 4519 4413
f 4520 4419 4424
f 4520 4518 4419
f 4520 4519 4518
f 4521 4519 4520
f 4521 4524 4431
f 4521 4431 4519
f 4521 4520 4424
f 4522 4432 4435
f 4522 4524 4521
f 4522 4521 4424
f 4522 4424 4432
f 4522 4435 4351
f 4523 4526 4427
f 4523 4427 4431
f 4523 4431 4524
f 4524 4522 4351
f 4527 4526 4523
f 4527 4523 4452
f 4525 4452 4523
f 4525 4351 4455
f 4525 4523 4524
f 4525 4524 4351
f 4527 4452 4451
f 4527 4448 4526
f 4527 4451 4448
f 4528 4430 4526
f 4528 4526 4448
f 4529 4448 4449
f 4529 4449 4528
f 4529 4528 4448
f 4530 4528 4449
f 4530 4449 4463
f 4531 4430 4528
f 4531 4458 4430
f 4531 4530 4463
f 4531 4528 4530
f 4532 4458 4531
f 4532 4531 4463
f 4533 4463 4537
f 4533 4532 4463
f 4533 4458 4532
f 4534 4458 4533
f 4534 4465 4458
f 4535 4465 4534
f 4535 4533 4537
f 4535 4534 4533
f 4536 4539 4465
f 4536 4465 4535
f 4537 4470 4352
f 4537 4352 4509
f 4538 4539 4536
f 4539 4471 4367
f 4539 4367 4366
f 4539 4366 4468
f 4540 4538 4536
f 4540 4539 4538
f 4540 4471 4539
f 4540 4536 4472
f 4540 4472 4471
f 4541 4537 4509
f 4541 4535 4537
f 4542 4541 4509
f 4542 4473 4472
f 4542 4474 4473
f 4542 4535 4541
f 4542 4475 4474
f 4542 4509 4475
f 4542 4536 4535
f 4542 4472 4536
f 4478 4351 4435
f 4478 4435 4543
f 4477 4478 4543
f 4544 4543 4319
f 4476 4543 4544
f 4476 4477 4543
f 4481 4319 4320
f 4481 4544 4319
f 4480 4476 4544
f 4480 4544 4481
f 4545 4352 4455
f 4545 4455 4487
f 4483 4320 4321
f 4547 4352 4545
f 4547 4546 4352
f 4547 4545 4487
f 4547 4487 4492
f 4490 4488 4483
f 4553 4483 4321
f 4494 4547 4492
f 4548 4546 4547
f 4548 4547 4494
f 4549 4490 4483
f 4550 4553 4321
f 4551 4549 4483
f 4551 4483 4553
f 4493 4548 4494
f 4493 4498 4548
f 4554 4352 4546
f 4491 4490 4549
f 4491 4549 4551
f 4552 4550 4321
f 4503 4352 4554
f 4554 4546 4548
f 4558 4553 4550
f 4555 4503 4554
f 4556 4557 4491
f 4556 4491 4551
f 4556 4551 4553
f 4562 4552 4321
f 4562 4321 4322
f 4558 4550 4552
f 4499 4554 4548
f 4499 4548 4498
f 4501 4555 4554
f 4501 4554 4499
f 4560 4558 4552
f 4559 4562 4322
f 4560 4552 4562
f 4561 4556 4553
f 4561 4553 4558
f 4561 4557 4556
f 4500 4503 4555
f 4500 4555 4501
f 4563 4559 4322
f 4565 4562 4559
f 4564 4566 4561
f 4564 4561 4558
f 4564 4560 4562
f 4564 4558 4560
f 4572 4563 4322
f 4565 4559 4563
f 4568 4565 4563
f 4566 4562 4565
f 4566 4564 4562
f 4573 4572 4322
f 4573 4322 4323
f 4568 4563 4572
f 4569 4568 4572
f 4570 4573 4323
f 4571 4565 4568
f 4571 4566 4565
f 4571 4567 4566
f 4509 4353 4475
f 4574 4570 4323
f 4579 4573 4570
f 4584 4491 4557
f 4584 4582 4491
f 4575 4568 4569
f 4575 4576 4571
f 4575 4571 4568
f 4575 4569 4572
f 4577 4574 4323
f 4578 4353 4509
f 4578 4509 4510
f 4578 4510 4508
f 4579 4570 4574
f 4581 4354 4578
f 4581 4578 4508
f 4581 4508 4511
f 4583 4579 4574
f 4590 4577 4323
f 4590 4323 4324
f 4373 4573 4579
f 4373 4572 4573
f 4373 4576 4575
f 4373 4575 4572
f 4583 4574 4577
f 4514 4581 4511
f 4514 4354 4581
f 4584 4557 4561
f 4512 4506 4580
f 4587 4583 4577
f 4592 4582 4584
f 4596 4590 4324
f 4585 4579 4583
f 4585 4383 4373
f 4585 4373 4579
f 4586 4592 4584
f 4587 4577 4590
f 4517 4580 4582
f 4517 4512 4580
f 4588 4561 4566
f 4588 4584 4561
f 4589 4586 4584
f 4603 4596 4324
f 4594 4584 4588
f 4594 4589 4584
f 4591 4590 4596
f 4592 4517 4582
f 4592 4356 4355
f 4592 4355 4517
f 4593 4583 4587
f 4593 4383 4585
f 4593 4585 4583
f 4600 4588 4566
f 4600 4566 4567
f 4595 4603 4324
f 4597 4356 4592
f 4597 4586 4589
f 4597 4589 4594
f 4597 4592 4586
f 4602 4594 4588
f 4598 4596 4603
f 4599 4391 4383
f 4599 4383 4593
f 4599 4593 4587
f 4599 4587 4590
f 4599 4590 4591
f 4599 4591 4596
f 4600 4567 4571
f 4601 4595 4324
f 4601 4324 4325
f 4602 4588 4600
f 4604 4357 4597
f 4604 4597 4594
f 4604 4594 4602
f 4372 4602 4600
f 4374 4603 4595
f 4605 4598 4603
f 4605 4596 4598
f 4605 4391 4599
f 4605 4398 4391
f 4605 4599 4596
f 4371 4372 4600
f 4374 4595 4601
f 4606 4604 4602
f 4606 4357 4604
f 4369 4571 4576
f 4369 4600 4571
f 4376 4374 4601
f 4382 4601 4325
f 4378 4371 4600
f 4378 4600 4369
f 4375 4376 4601
f 4372 4370 4606
f 4372 4606 4602
f 4374 4605 4603
f 4374 4398 4605
f 4373 4369 4576
f 4377 4382 4325
f 4375 4601 4382
f 4638 4516 4355
f 4637 4638 4355
f 4639 4354 4516
f 4639 4516 4638
f 4636 4637 4355
f 4640 4354 4639
f 4635 4355 4356
f 4635 4636 4355
f 4641 4578 4354
f 4641 4354 4640
f 4634 4356 4597
f 4634 4635 4356
f 4634 4597 4357
f 4642 4353 4578
f 4642 4578 4641
f 4633 4357 4606
f 4633 4634 4357
f 4642 4475 4353
f 4632 4606 4370
f 4632 4633 4606
f 4607 4475 4642
f 4607 4368 4475
f 4608 4368 4607
f 4631 4370 4358
f 4631 4632 4370
f 4609 4471 4368
f 4609 4368 4608
f 4610 4471 4609
f 4610 4367 4471
f 4630 4358 4384
f 4630 4631 4358
f 4611 4367 4610
f 4359 4630 4384
f 4359 4629 4630
f 4366 4611 4612
f 4366 4367 4611
f 4359 4628 4629
f 4464 4612 4613
f 4464 4366 4612
f 4393 4627 4628
f 4393 4628 4359
f 4365 4464 4613
f 4397 4626 4627
f 4397 4627 4393
f 4365 4613 4614
f 4401 4626 4397
f 4401 4625 4626
f 4450 4365 4614
f 4450 4614 4615
f 4450 4615 4616
f 4409 4625 4401
f 4409 4624 4625
f 4364 4450 4616
f 4363 4364 4616
f 4363 4616 4617
f 4360 4624 4409
f 4360 4623 4624
f 4363 4617 4618
f 4363 4618 4619
f 4422 4623 4360
f 4422 4622 4623
f 4439 4363 4619
f 4361 4622 4422
f 4361 4621 4622
f 4362 4439 4619
f 4361 4362 4619
f 4361 4619 4620
f 4361 4620 4621

o p0007
usemtl mat_33
v 0.00674900 0.02054849 -0.00881187
v 0.00674900 0.02054815 0.00882496
v 0.00652544 0.02056490 0.00882496
v 0.00630687 0.02061479 0.00882496
v 0.00609818 0.02069670 0.00882496
v 0.00590402 0.02080879 0.00882497
v 0.00572874 0.02094857 0.00882497
v 0.00557625 0.02111292 0.00882497
v 0.00544996 0.02129815 0.00882498
v 0.00535269 0.02150014 0.00882498
v 0.00528661 0.02171437 0.00882498
v 0.00525319 0.02193605 0.00882499
v 0.00525319 0.02216025 0.00882499
v 0.00528661 0.02238193 0.00882500
v 0.00535269 0.02259616 0.00882500
v 0.00544996 0.02279815 0.00882501
v 0.00557625 0.02298338 0.00882501
v 0.00572874 0.02314773 0.00882501
v 0.00590402 0.02328751 0.00882502
v 0.00609818 0.02339960 0.00882502
v 0.00630687 0.02348151 0.00882502
v 0.00652544 0.02353140 0.00882502
v 0.00674900 0.02354815 0.00882502
v 0.00697257 0.02353140 0.00882502
v 0.00719113 0.02348151 0.00882502
v 0.00739983 0.02339960 0.00882502
v 0.00759398 0.02328751 0.00882502
v 0.00776926 0.02314773 0.00882501
v 0.00792175 0.02298338 0.00882501
v 0.00804804 0.02279815 0.00882501
v 0.00814531 0.02259616 0.00882500
v 0.00821139 0.02238193 0.00882500
v 0.00824481 0.02216025 0.00882499
v 0.00824481 0.02193605 0.00882499
v 0.00821139 0.02171437 0.00882498
v 0.00814531 0.02150014 0.00882498
v 0.00804804 0.02129815 0.00882498
v 0.00792175 0.02111292 0.00882497
v 0.00776926 0.02094857 0.00882497
v 0.00759398 0.02080879 0.00882497
v 0.00739983 0.02069670 0.00882496
v 0.00719113 0.02061479 0.00882496
v 0.00697257 0.02056490 0.00882496
v 0.00697257 0.02056524 -0.00881187
v 0.00719113 0.02061513 -0.00881187
v 0.00739983 0.02069704 -0.00881187
v 0.00759398 0.02080913 -0.00881187
v 0.00776926 0.02094891 -0.00881187
v 0.00792175 0.02111326 -0.00881186
v 0.00804804 0.02129849 -0.00881186
v 0.00814531 0.02150048 -0.00881186
v 0.00821139 0.02171471 -0.00881185
v 0.00824481 0.02193640 -0.00881185
v 0.00824481 0.02216059 -0.00881184
v 0.00821139 0.02238227 -0.00881184
v 0.00814531 0.02259650 -0.00881183
v 0.00804804 0.02279849 -0.00881183
v 0.00792175 0.02298373 -0.00881183
v 0.00776926 0.02314807 -0.00881182
v 0.00759398 0.02328785 -0.00881182
v 0.00739983 0.02339994 -0.00881182
v 0.00719113 0.02348185 -0.00881182
v 0.00697257 0.02353174 -0.00881182
v 0.00674900 0.02354849 -0.00881182
v 0.00652544 0.02353174 -0.00881182
v 0.00630687 0.02348185 -0.00881182
v 0.00609818 0.02339994 -0.00881182
v 0.00590402 0.02328785 -0.00881182
v 0.00572874 0.02314807 -0.00881182
v 0.00557625 0.02298373 -0.00881183
v 0.00544996 0.02279849 -0.00881183
v 0.00535269 0.02259650 -0.00881183
v 0.00528661 0.02238227 -0.00881184
v 0.00525319 0.02216059 -0.00881184
v 0.00525319 0.02193640 -0.00881185
v 0.00528661 0.02171471 -0.00881185
v 0.00535269 0.02150048 -0.00881186
v 0.00544996 0.02129849 -0.00881186
v 0.00557625 0.02111326 -0.00881186
v 0.00572874 0.02094891 -0.00881187
v 0.00590402 0.02080913 -0.00881187
v 0.00609818 0.02069704 -0.00881187
v 0.00630687 0.02061513 -0.00881187
v 0.00652544 0.02056524 -0.00881187
f 4644 4686 4643
f 4685 4687 4686
f 4685 4686 4644
f 4684 4688 4687
f 4684 4687 4685
f 4683 4688 4684
f 4683 4689 4688
f 4682 4689 4683
f 4682 4690 4689
f 4681 4690 4682
f 4681 4691 4690
f 4680 4691 4681
f 4680 4692 4691
f 4679 4692 4680
f 4679 4693 4692
f 4678 4693 4679
f 4678 4694 4693
f 4677 4694 4678
f 4677 4695 4694
f 4676 4695 4677
f 4676 4696 4695
f 4675 4696 4676
f 4675 4697 4696
f 4674 4697 4675
f 4674 4698 4697
f 4673 4698 4674
f 4673 4699 4698
f 4672 4699 4673
f 4672 4700 4699
f 4671 4700 4672
f 4671 4701 4700
f 4670 4701 4671
f 4670 4702 4701
f 4669 4702 4670
f 4669 4703 4702
f 4668 4704 4703
f 4668 4703 4669
f 4667 4705 4704
f 4667 4704 4668
f 4666 4706 4705
f 4666 4705 4667
f 4665 4706 4666
f 4664 4707 4706
f 4664 4706 4665
f 4663 4708 4707
f 4663 4709 4708
f 4663 4707 4664
f 4662 4710 4709
f 4662 4709 4663
f 4661 4710 4662
f 4660 4711 4710
f 4660 4712 4711
f 4660 4710 4661
f 4659 4712 4660
f 4658 4713 4712
f 4658 4714 4713
f 4658 4712 4659
f 4657 4714 4658
f 4656 4714 4657
f 4656 4715 4714
f 4656 4716 4715
f 4655 4716 4656
f 4655 4717 4716
f 4654 4717 4655
f 4653 4717 4654
f 4653 4718 4717
f 4653 4719 4718
f 4652 4719 4653
f 4652 4720 4719
f 4651 4720 4652
f 4651 4721 4720
f 4650 4721 4651
f 4649 4721 4650
f 4649 4722 4721
f 4649 4723 4722
f 4648 4723 4649
f 4648 4724 4723
f 4647 4724 4648
f 4647 4725 4724
f 4646 4725 4647
f 4645 4725 4646
f 4645 4726 4725
f 4644 4726 4645
f 4644 4643 4726

o p0008
usemtl mat_3
v 0.00874818 0.01360910 0.01335372
v 0.01045356 0.01392228 0.01431700
v 0.01207812 0.01469207 0.01668578
v 0.01207812 0.01570099 0.01979113
v 0.01023139 0.01654156 0.02237841
v 0.00717909 0.01691337 0.02352268
v 0.00398452 0.01669222 0.02284196
v 0.00198586 0.01604596 0.02085398
v 0.00134771 0.01557746 0.01941150
v 0.00198586 0.01434647 0.01562314
v 0.00728938 0.01477077 0.01692909
v 0.00784550 0.01488184 0.01727094
v 0.00804804 0.01496447 0.01752526
v 0.00814531 0.01502688 0.01771737
v 0.00822810 0.01512733 0.01802653
v 0.00824481 0.01523085 0.01834517
v 0.00821139 0.01529935 0.01855601
v 0.00809668 0.01539676 0.01885581
v 0.00784550 0.01551059 0.01920618
v 0.00759398 0.01557918 0.01941727
v 0.00739983 0.01561381 0.01952388
v 0.00697257 0.01565454 0.01964922
v 0.00674900 0.01565971 0.01966516
v 0.00652544 0.01565454 0.01964922
v 0.00609818 0.01561381 0.01952388
v 0.00590402 0.01557918 0.01941727
v 0.00556503 0.01546637 0.01907007
v 0.00526990 0.01512733 0.01802653
v 0.00546447 0.01496706 0.01753323
v 0.00572874 0.01485645 0.01719279
v 0.00590402 0.01481326 0.01705985
v 0.00636398 0.01475193 0.01687110
v 0.00674900 0.01051411 0.01316576
v 0.00674900 0.00331695 0.01484268
v 0.00756873 -0.00325803 0.01851590
v 0.00945321 -0.00306300 0.01911706
v 0.01128491 -0.00255005 0.02069467
v 0.01186881 -0.00219841 0.02177728
v 0.01223362 -0.00170452 0.02329742
v 0.01151214 -0.00072777 0.02630374
v 0.01076983 -0.00036813 0.02739306
v 0.00512785 0.00004647 0.02868677
v 0.00332176 -0.00024276 0.02779667
v 0.00244893 -0.00051790 0.02694970
v 0.00148249 -0.00107276 0.02524203
v 0.00126438 -0.00145051 0.02407922
v 0.00148250 -0.00208236 0.02213463
v 0.00244893 -0.00263713 0.02042694
v 0.00333369 -0.00291669 0.01956502
v 0.00551519 -0.00323770 0.01857825
v 0.01236618 0.00429680 0.02557794
v 0.01206209 -0.00104632 0.02530025
v 0.01311177 0.00317848 0.02385382
v 0.01305676 0.00196657 0.02360576
v 0.01191370 0.00801424 0.02556115
v 0.00551443 0.01217172 0.02616360
v 0.00411044 0.01299525 0.02525010
v 0.00519043 0.01304301 0.02561502
v 0.00299935 0.01402841 0.02389607
v 0.01263943 0.00267257 0.02503668
v 0.00237480 0.01627017 0.02159179
v 0.00333439 0.00967435 0.02635196
v 0.01128492 0.00399308 0.02683020
v 0.00291745 0.01334698 0.02431029
v 0.00960912 0.00763461 0.02734831
v 0.01150795 -0.00065465 0.02648350
v 0.00175668 0.00825179 0.02566620
v 0.01015231 0.00423310 0.02767146
v 0.00099000 0.01190003 0.02263681
v 0.01057988 0.00320202 0.02750279
v 0.00155973 0.01163840 0.02379719
v 0.00097921 0.00797494 0.02455100
v 0.00774109 0.00707602 0.02804648
v 0.00080729 0.01275639 0.02149103
v 0.00978946 -0.00010967 0.02816838
v 0.00830757 0.00450006 0.02839061
v 0.00050756 0.00873736 0.02346175
v 0.00114482 0.01535021 0.01875441
v 0.00956742 0.00001272 0.02845035
v 0.00567792 0.00779219 0.02785500
v 0.00034208 0.01150819 0.02087502
v 0.00021485 0.01115538 0.01980513
v 0.00915801 0.00007023 0.02868572
v 0.00002597 0.00840566 0.02211452
v 0.00649054 0.00453894 0.02857284
v 0.00053113 0.01166975 0.01792135
v 0.00742534 0.00380424 0.02866341
v 0.00020935 0.01079912 0.01909460
v -0.00014834 0.00806550 0.02094860
v 0.00519043 0.00450006 0.02839061
v 0.00639338 0.00014924 0.02897992
v 0.00458098 0.00444400 0.02821807
v 0.00003799 0.00949065 0.01949273
v -0.00002937 0.00642176 0.01977047
v 0.00173397 0.01439967 0.01582381
v 0.00057021 0.01043441 0.01752829
v 0.00239003 0.00553838 0.02677499
v 0.00544677 0.00369319 0.02857739
v 0.00382433 0.00451923 0.02789549
v 0.00016471 0.00716718 0.01863098
v 0.00336248 0.01382616 0.01402449
v 0.00366649 0.00671050 0.02747587
v 0.00117886 0.01002268 0.01631878
v 0.00488839 0.00006124 0.02870140
v 0.00469955 0.01361455 0.01337370
v 0.00479794 0.01206545 0.01335838
v 0.00243364 0.00422402 0.02701337
v 0.00530092 0.01355346 0.01318346
v 0.00164241 0.00962132 0.01569549
v 0.00351735 0.00280008 0.02791019
v 0.00084639 0.00921643 0.01687815
v 0.00097921 0.00564376 0.01737588
v 0.00221286 0.00962568 0.01509688
v 0.00547337 0.01205143 0.01317972
v 0.00299935 0.00269251 0.02757909
v 0.00145026 0.00372166 0.02599478
v 0.00616339 0.01349425 0.01300677
v 0.00211861 0.00302688 0.02682579
v 0.00099000 0.00367432 0.02530933
v 0.00082131 0.00406142 0.02504327
v 0.00221289 -0.00055333 0.02679409
v 0.00010001 0.00438829 0.02307297
v 0.00034570 0.00294677 0.02360977
v 0.00103931 0.00193869 0.02525893
v 0.00069535 0.00225044 0.02457114
v 0.00021485 0.00261243 0.02258072
v 0.00009506 0.00354188 0.02075489
v 0.00020935 0.00248305 0.02179648
v 0.00044125 0.00196655 0.02360577
v 0.00397603 0.00564353 0.01470288
v 0.00297684 0.00502649 0.01547601
v 0.00116020 -0.00150577 0.02388572
v 0.00447404 0.00616601 0.01435774
v 0.00426928 0.00771839 0.01408215
v 0.00050267 0.00194056 0.02051277
v 0.00464329 0.00573462 0.01443008
v 0.00638659 0.00720011 0.01370262
v 0.00066609 0.00179682 0.02007037
v 0.00056342 0.00083289 0.02185540
v 0.00113377 0.00285811 0.01824034
v 0.00550470 0.00505150 0.01440479
v 0.00086070 0.00165947 0.01964759
v 0.00054532 0.00131135 0.02096272
v 0.00145030 0.00135408 0.01870764
v 0.00390769 0.00383466 0.01534022
v 0.00155457 -0.00222366 0.02166236
v 0.00212118 0.00094508 0.01804139
v 0.00471825 0.00361692 0.01509799
v 0.00549781 0.00377224 0.01484100
v 0.00147129 0.00052686 0.01920610
v 0.00550176 0.00330543 0.01501510
v 0.00510484 0.00194868 0.01567328
v 0.00442537 -0.00312014 0.01893501
v 0.00469696 -0.00204122 0.01802849
v 0.00526456 -0.00215810 0.01790002
v 0.00547337 -0.00200661 0.01774716
v 0.00612086 -0.00327561 0.01845070
v 0.00832780 0.01135238 0.01328627
v 0.00802463 0.01205143 0.01317972
v 0.00761001 0.01202792 0.01310735
v 0.00983788 0.00978769 0.01403306
v 0.00929012 0.01253441 0.01356381
v 0.00920336 0.01267425 0.01354488
v 0.01037198 0.01256944 0.01422741
v 0.01163193 0.01095533 0.01534463
v 0.01027357 0.01187475 0.01415590
v 0.01010428 0.01158581 0.01405163
v 0.00829071 0.00943680 0.01348118
v 0.00839316 0.00763251 0.01382661
v 0.01038259 0.00931525 0.01437358
v 0.01033491 0.00863964 0.01448345
v 0.01128905 0.00953964 0.01508431
v 0.01230204 0.00663090 0.01670268
v 0.01013381 0.00757210 0.01450815
v 0.00985920 0.00638852 0.01467531
v 0.00927206 0.00626135 0.01444043
v 0.01096576 0.00705624 0.01524288
v 0.01120054 0.00646612 0.01558376
v 0.01130871 0.00577300 0.01584759
v 0.01052117 0.00502649 0.01547601
v 0.01016495 0.00462200 0.01536521
v 0.00967406 0.00257770 0.01588216
v 0.00927206 0.00341878 0.01536397
v 0.01118239 0.00380725 0.01643584
v 0.00819331 0.00268800 0.01529148
v 0.00829071 0.00028592 0.01645428
v 0.00983788 0.00032640 0.01710702
v 0.01069876 0.00182272 0.01687725
v 0.01079282 0.00210883 0.01684591
v 0.00832780 -0.00137843 0.01742248
v 0.00695610 -0.00138215 0.01717208
v 0.00802463 -0.00200661 0.01774716
v 0.00882988 -0.00193288 0.01797409
v 0.01128871 -0.00019301 0.01869779
v 0.01001969 -0.00082331 0.01791784
v 0.00943779 -0.00198776 0.01832041
v 0.01027357 -0.00128991 0.01843308
v 0.01021009 -0.00290158 0.01959983
v 0.01194937 0.00006147 0.01948106
v 0.00312602 0.01256944 0.01422741
v 0.00260182 0.01185582 0.01461798
v 0.00369473 0.01194373 0.01386047
v 0.00347831 0.01119440 0.01401331
v 0.00516794 0.01075228 0.01334166
v 0.00287628 0.00824174 0.01470869
v 0.00441477 0.01050960 0.01356255
v 0.00514507 0.00859120 0.01362601
v 0.00181937 0.00701031 0.01585850
v 0.00287723 0.00757112 0.01485982
v 0.00212151 0.00577413 0.01592171
v 0.00278420 0.00554255 0.01545128
v 0.00278420 0.00459445 0.01575932
v 0.00229747 0.00392511 0.01640934
v 0.00253224 0.00324732 0.01648039
v 0.00287723 0.00260562 0.01647311
v 0.00256662 0.00187425 0.01709176
v 0.00349438 0.00084629 0.01691978
v 0.00347831 -0.00082331 0.01791784
v 0.00481933 0.00154784 0.01591111
v 0.00322444 -0.00128991 0.01843308
v 0.00277386 -0.00110181 0.01868744
v 0.00369473 -0.00151937 0.01823461
v 0.00523056 -0.00028949 0.01676680
v 0.00516794 -0.00086037 0.01711459
v 0.00789728 0.01353007 0.01311313
v 0.00868481 0.01260850 0.01334252
v 0.00799625 0.00614800 0.01409155
v 0.00800336 0.00471484 0.01451679
v 0.00815519 0.00645549 0.01402459
v 0.00916501 0.00519017 0.01469810
v 0.01204770 0.00989703 0.01593205
v 0.01268734 0.01185973 0.01722112
v 0.01250798 0.00994435 0.01661751
v 0.01293459 0.01216880 0.01817239
v 0.01264093 0.01101779 0.01689940
v 0.00836884 0.00342331 0.01503137
v 0.00863504 0.00335183 0.01515791
v 0.01268342 0.00868262 0.01700572
v 0.01315845 0.00602528 0.01855017
v 0.01311178 0.01044024 0.01807308
v 0.01293459 0.01278581 0.02007148
v 0.01328865 0.01079913 0.01909460
v 0.01347203 0.00742431 0.01909393
v 0.01316124 0.01186465 0.01929606
v 0.01268733 0.01309488 0.02102276
v 0.01346002 0.00949065 0.01949273
v 0.01318292 0.01152898 0.02057720
v 0.01364634 0.00806553 0.02094859
v 0.01352737 0.00719694 0.02215641
v 0.01292778 0.01176120 0.02161197
v 0.01263733 0.01195921 0.02227922
v 0.01128860 0.01381175 0.02322919
v 0.01333329 0.00846981 0.02264018
v 0.01244564 0.01268523 0.02220763
v 0.01205634 0.01304671 0.02268696
v 0.01049866 0.01402841 0.02389607
v 0.01268345 0.01065106 0.02306433
v 0.01251879 0.00797494 0.02455100
v 0.00998065 0.01413599 0.02422717
v 0.00819709 -0.00321952 0.01863294
v 0.01144312 0.01260037 0.02384733
v 0.01185559 0.00143810 0.01835420
v 0.00868481 -0.00236162 0.01820629
v 0.01203411 0.00183918 0.01831346
v 0.01060549 0.01272543 0.02459787
v 0.01302967 0.00312573 0.01953336
v 0.01110797 0.01125338 0.02491819
v 0.01283192 0.00179682 0.02007037
v 0.00967368 0.01273649 0.02522572
v 0.01346002 0.00377566 0.02134953
v 0.01299533 0.00194056 0.02051277
v 0.00908893 0.01378158 0.02495592
v 0.00830757 0.01304301 0.02561502
v 0.01256195 0.00081575 0.02013592
v 0.00978644 0.01152436 0.02575225
v 0.01318292 0.00208973 0.02134968
v 0.00644562 0.01441111 0.02507396
v 0.00805123 0.01380558 0.02529189
v 0.01199762 -0.00217804 0.02178446
v 0.00722594 0.01309586 0.02577770
v 0.00864652 0.01166371 0.02618117
v 0.01339800 0.00438829 0.02307297
v 0.00493690 0.01440639 0.02480118
v 0.01327157 0.00240648 0.02239392
v 0.00696713 0.01381547 0.02543463
v 0.01293459 0.00083289 0.02185540
v 0.00748305 0.01173562 0.02640248
v 0.01233837 -0.00163311 0.02348601
v 0.00652544 -0.00203584 0.02227766
v 0.00630687 -0.00202042 0.02232510
v 0.00609818 -0.00199511 0.02240300
v 0.00590402 -0.00196048 0.02250961
v 0.00557625 -0.00186650 0.02279885
v 0.00544996 -0.00180927 0.02297502
v 0.00535269 -0.00174685 0.02316713
v 0.00528661 -0.00168065 0.02337087
v 0.00525319 -0.00161215 0.02358171
v 0.00525319 -0.00154288 0.02379493
v 0.00528661 -0.00147438 0.02400577
v 0.00535269 -0.00140818 0.02420951
v 0.00551311 -0.00131715 0.02448970
v 0.00572874 -0.00123775 0.02473409
v 0.00590402 -0.00119456 0.02486703
v 0.00609818 -0.00115992 0.02497363
v 0.00630687 -0.00113461 0.02505153
v 0.00652544 -0.00111920 0.02509898
v 0.00686078 -0.00111661 0.02510695
v 0.00719113 -0.00113461 0.02505153
v 0.00739983 -0.00115992 0.02497363
v 0.00759398 -0.00119456 0.02486703
v 0.00776926 -0.00123775 0.02473409
v 0.00792175 -0.00128853 0.02457779
v 0.00809668 -0.00137697 0.02430556
v 0.00821139 -0.00147438 0.02400577
v 0.00824481 -0.00161215 0.02358171
v 0.00821139 -0.00168065 0.02337087
v 0.00814531 -0.00174685 0.02316713
v 0.00804804 -0.00180927 0.02297502
v 0.00792175 -0.00186650 0.02279885
v 0.00776926 -0.00191728 0.02264255
v 0.00759398 -0.00196048 0.02250961
v 0.00739983 -0.00199511 0.02240300
v 0.00719113 -0.00202042 0.02232510
v 0.00686078 -0.00203843 0.02226969
f 4746 4731 4745
f 4744 4745 4731
f 4744 4731 4730
f 4747 4731 4746
f 4748 4732 4731
f 4748 4731 4747
f 4743 4744 4730
f 4742 4743 4730
f 4749 4732 4748
f 4741 4730 4729
f 4741 4742 4730
f 4750 4732 4749
f 4751 4733 4732
f 4751 4732 4750
f 4740 4741 4729
f 4739 4740 4729
f 4752 4733 4751
f 4738 4729 4728
f 4738 4739 4729
f 4753 4733 4752
f 4787 4733 4753
f 4728 4737 4738
f 4734 4787 4753
f 4727 4737 4728
f 4735 4753 4754
f 4735 4734 4753
f 4951 4737 4727
f 4843 4737 4951
f 4843 4758 4737
f 4804 4735 4754
f 4821 4804 4754
f 4821 4754 4755
f 4834 4758 4843
f 4831 4758 4834
f 4736 4821 4755
f 4827 4758 4831
f 4827 4757 4758
f 4827 4736 4755
f 4827 4755 4756
f 4827 4756 4757
f 4778 4779 4786
f 4778 4780 4779
f 4782 4784 4783
f 4782 4828 4806
f 4787 4785 4733
f 4786 4766 4778
f 4788 4782 4783
f 4788 4828 4782
f 4788 4783 4790
f 4789 4777 4781
f 4790 4785 4787
f 4792 4786 4777
f 4792 4766 4786
f 4797 4790 4787
f 4796 4789 4781
f 4800 4734 4735
f 4800 4787 4734
f 4794 4781 4791
f 4794 4796 4781
f 4767 4777 4789
f 4767 4792 4777
f 4793 4788 4790
f 4795 4787 4800
f 4795 4797 4787
f 4805 4794 4791
f 4796 4767 4789
f 4797 4793 4790
f 4797 4798 4793
f 4804 4800 4735
f 4809 4805 4791
f 4801 4794 4805
f 4801 4767 4796
f 4801 4796 4794
f 4802 4809 4791
f 4803 4798 4797
f 4803 4795 4800
f 4803 4797 4795
f 4813 4791 4799
f 4813 4802 4791
f 4807 4800 4804
f 4812 4804 4821
f 4811 4799 4806
f 4808 4807 4804
f 4809 4802 4813
f 4810 4800 4807
f 4810 4803 4800
f 4814 4808 4804
f 4814 4804 4812
f 4824 4811 4806
f 4813 4817 4809
f 4813 4799 4811
f 4815 4810 4807
f 4815 4807 4808
f 4816 4824 4806
f 4817 4811 4824
f 4817 4813 4811
f 4818 4816 4806
f 4819 4808 4814
f 4819 4814 4812
f 4819 4820 4815
f 4819 4815 4808
f 4821 4736 4827
f 4825 4806 4828
f 4825 4818 4806
f 4822 4812 4821
f 4823 4828 4788
f 4823 4788 4793
f 4824 4768 4817
f 4824 4816 4818
f 4837 4822 4821
f 4826 4819 4812
f 4826 4812 4822
f 4826 4820 4819
f 4829 4837 4821
f 4830 4768 4824
f 4830 4818 4825
f 4830 4824 4818
f 4833 4828 4823
f 4835 4829 4821
f 4835 4821 4927
f 4832 4827 4831
f 4833 4823 4793
f 4836 4825 4828
f 4836 4830 4825
f 4836 4769 4830
f 4846 4798 4803
f 4846 4793 4798
f 4837 4838 4826
f 4837 4826 4822
f 4832 4831 4834
f 4844 4833 4793
f 4839 4835 4927
f 4840 4832 4834
f 4841 4836 4828
f 4841 4769 4836
f 4841 4828 4833
f 4842 4844 4793
f 4843 4840 4834
f 4934 4838 4837
f 4934 4837 4829
f 4934 4829 4835
f 4845 4793 4846
f 4845 4842 4793
f 4848 4803 4810
f 4848 4846 4803
f 4844 4769 4841
f 4844 4770 4769
f 4844 4841 4833
f 4847 4844 4842
f 4847 4770 4844
f 4847 4842 4845
f 4848 4810 4815
f 4851 4846 4848
f 4849 4851 4848
f 4850 4771 4847
f 4850 4845 4846
f 4850 4847 4845
f 4853 4848 4815
f 4853 4815 4820
f 4855 4849 4848
f 4851 4771 4850
f 4851 4850 4846
f 4852 4848 4853
f 4852 4855 4848
f 4853 4820 4826
f 4854 4852 4853
f 4855 4772 4771
f 4855 4851 4849
f 4855 4771 4851
f 4869 4854 4853
f 4858 4855 4852
f 4858 4772 4855
f 4858 4852 4854
f 4866 4853 4826
f 4866 4826 4838
f 4859 4860 4933
f 4861 4869 4853
f 4862 4867 4856
f 4862 4856 4859
f 4863 4859 4933
f 4864 4853 4866
f 4864 4861 4853
f 4865 4854 4869
f 4865 4773 4858
f 4865 4858 4854
f 4867 4859 4863
f 4867 4862 4859
f 4867 4863 4760
f 4868 4864 4866
f 4871 4857 4856
f 4876 4868 4866
f 4869 4773 4865
f 4869 4861 4864
f 4870 4876 4866
f 4874 4856 4867
f 4874 4871 4856
f 4872 4773 4869
f 4872 4864 4868
f 4872 4868 4876
f 4872 4869 4864
f 4873 4870 4866
f 4875 4867 4760
f 4875 4874 4867
f 4876 4774 4872
f 4877 4875 4760
f 4877 4874 4875
f 4945 4871 4874
f 4947 4870 4873
f 4947 4876 4870
f 4878 4874 4877
f 4878 4877 4760
f 4878 4945 4874
f 4880 4776 4879
f 4881 4776 4880
f 4883 4881 4882
f 4883 4776 4881
f 4884 4886 4885
f 4884 4759 4886
f 4894 4884 4887
f 4894 4759 4884
f 4890 4888 4889
f 4890 4889 4728
f 4890 4728 4891
f 4892 4890 4891
f 4892 4888 4890
f 4893 4888 4892
f 4893 4892 4891
f 4894 4863 4759
f 4894 4895 4863
f 4894 4900 4895
f 4896 4887 4884
f 4896 4893 4891
f 4896 4888 4893
f 4896 4884 4888
f 4897 4887 4896
f 4897 4894 4887
f 4897 4900 4894
f 4898 4897 4896
f 4900 4898 4899
f 4900 4897 4898
f 4901 4902 4900
f 4903 4900 4899
f 4903 4901 4900
f 4904 4901 4903
f 4904 4903 4899
f 4904 4899 4905
f 4905 4906 4901
f 4905 4901 4904
f 4907 4906 4905
f 4910 4899 4990
f 4910 4907 4905
f 4910 4905 4899
f 4908 4909 4907
f 4910 4908 4907
f 4912 4917 4760
f 4912 4760 4911
f 4912 4911 4908
f 4915 4910 4990
f 4915 4908 4910
f 4914 4913 4912
f 4914 4912 4908
f 4914 4908 4915
f 4915 4988 4914
f 4915 4990 4988
f 4916 4918 4917
f 4916 4912 4913
f 4916 4917 4912
f 4921 4919 4916
f 4921 4914 4920
f 4921 4913 4914
f 4921 4916 4913
f 4922 4919 4921
f 4923 4921 4920
f 4923 4922 4921
f 4924 4925 4763
f 4924 4922 4923
f 4924 4923 4920
f 4924 4920 4925
f 4924 4762 4922
f 4926 4821 4827
f 4926 4927 4821
f 4928 4827 4832
f 4928 4926 4827
f 4928 4927 4926
f 4929 4927 4928
f 4929 4932 4839
f 4929 4839 4927
f 4929 4928 4832
f 4930 4840 4843
f 4930 4932 4929
f 4930 4929 4832
f 4930 4832 4840
f 4930 4843 4759
f 4931 4934 4835
f 4931 4835 4839
f 4931 4839 4932
f 4932 4930 4759
f 4935 4934 4931
f 4935 4931 4860
f 4933 4860 4931
f 4933 4759 4863
f 4933 4931 4932
f 4933 4932 4759
f 4935 4860 4859
f 4935 4856 4934
f 4935 4859 4856
f 4936 4838 4934
f 4936 4934 4856
f 4937 4856 4857
f 4937 4857 4936
f 4937 4936 4856
f 4938 4936 4857
f 4938 4857 4871
f 4939 4838 4936
f 4939 4866 4838
f 4939 4938 4871
f 4939 4936 4938
f 4940 4866 4939
f 4940 4939 4871
f 4941 4871 4945
f 4941 4940 4871
f 4941 4866 4940
f 4942 4866 4941
f 4942 4873 4866
f 4943 4873 4942
f 4943 4941 4945
f 4943 4942 4941
f 4944 4947 4873
f 4944 4873 4943
f 4945 4878 4760
f 4945 4760 4917
f 4946 4947 4944
f 4947 4879 4775
f 4947 4775 4774
f 4947 4774 4876
f 4948 4946 4944
f 4948 4947 4946
f 4948 4879 4947
f 4948 4944 4880
f 4948 4880 4879
f 4949 4945 4917
f 4949 4943 4945
f 4950 4949 4917
f 4950 4881 4880
f 4950 4882 4881
f 4950 4943 4949
f 4950 4883 4882
f 4950 4917 4883
f 4950 4944 4943
f 4950 4880 4944
f 4886 4759 4843
f 4886 4843 4951
f 4885 4886 4951
f 4952 4951 4727
f 4884 4951 4952
f 4884 4885 4951
f 4889 4727 4728
f 4889 4952 4727
f 4888 4884 4952
f 4888 4952 4889
f 4953 4760 4863
f 4953 4863 4895
f 4891 4728 4729
f 4955 4760 4953
f 4955 4954 4760
f 4955 4953 4895
f 4955 4895 4900
f 4898 4896 4891
f 4961 4891 4729
f 4902 4955 4900
f 4956 4954 4955
f 4956 4955 4902
f 4957 4898 4891
f 4958 4961 4729
f 4959 4957 4891
f 4959 4891 4961
f 4901 4956 4902
f 4901 4906 4956
f 4962 4760 4954
f 4899 4898 4957
f 4899 4957 4959
f 4960 4958 4729
f 4911 4760 4962
f 4962 4954 4956
f 4966 4961 4958
f 4963 4911 4962
f 4964 4965 4899
f 4964 4899 4959
f 4964 4959 4961
f 4970 4960 4729
f 4970 4729 4730
f 4966 4958 4960
f 4907 4962 4956
f 4907 4956 4906
f 4909 4963 4962
f 4909 4962 4907
f 4968 4966 4960
f 4967 4970 4730
f 4968 4960 4970
f 4969 4964 4961
f 4969 4961 4966
f 4969 4965 4964
f 4908 4911 4963
f 4908 4963 4909
f 4971 4967 4730
f 4973 4970 4967
f 4972 4974 4969
f 4972 4969 4966
f 4972 4968 4970
f 4972 4966 4968
f 4980 4971 4730
f 4973 4967 4971
f 4976 4973 4971
f 4974 4970 4973
f 4974 4972 4970
f 4981 4980 4730
f 4981 4730 4731
f 4976 4971 4980
f 4977 4976 4980
f 4978 4981 4731
f 4979 4973 4976
f 4979 4974 4973
f 4979 4975 4974
f 4917 4761 4883
f 4982 4978 4731
f 4987 4981 4978
f 4992 4899 4965
f 4992 4990 4899
f 4983 4976 4977
f 4983 4984 4979
f 4983 4979 4976
f 4983 4977 4980
f 4985 4982 4731
f 4986 4761 4917
f 4986 4917 4918
f 4986 4918 4916
f 4987 4978 4982
f 4989 4762 4986
f 4989 4986 4916
f 4989 4916 4919
f 4991 4987 4982
f 4998 4985 4731
f 4998 4731 4732
f 4781 4981 4987
f 4781 4980 4981
f 4781 4984 4983
f 4781 4983 4980
f 4991 4982 4985
f 4922 4989 4919
f 4922 4762 4989
f 4992 4965 4969
f 4920 4914 4988
f 4995 4991 4985
f 5000 4990 4992
f 5004 4998 4732
f 4993 4987 4991
f 4993 4791 4781
f 4993 4781 4987
f 4994 5000 4992
f 4995 4985 4998
f 4925 4988 4990
f 4925 4920 4988
f 4996 4969 4974
f 4996 4992 4969
f 4997 4994 4992
f 5011 5004 4732
f 5002 4992 4996
f 5002 4997 4992
f 4999 4998 5004
f 5000 4925 4990
f 5000 4764 4763
f 5000 4763 4925
f 5001 4991 4995
f 5001 4791 4993
f 5001 4993 4991
f 5008 4996 4974
f 5008 4974 4975
f 5003 5011 4732
f 5005 4764 5000
f 5005 4994 4997
f 5005 4997 5002
f 5005 5000 4994
f 5010 5002 4996
f 5006 5004 5011
f 5007 4799 4791
f 5007 4791 5001
f 5007 5001 4995
f 5007 4995 4998
f 5007 4998 4999
f 5007 4999 5004
f 5008 4975 4979
f 5009 5003 4732
f 5009 4732 4733
f 5010 4996 5008
f 5012 4765 5005
f 5012 5005 5002
f 5012 5002 5010
f 4780 5010 5008
f 4782 5011 5003
f 5013 5006 5011
f 5013 5004 5006
f 5013 4799 5007
f 5013 4806 4799
f 5013 5007 5004
f 4779 4780 5008
f 4782 5003 5009
f 5014 5012 5010
f 5014 4765 5012
f 4777 4979 4984
f 4777 5008 4979
f 4784 4782 5009
f 4790 5009 4733
f 4786 4779 5008
f 4786 5008 4777
f 4783 4784 5009
f 4780 4778 5014
f 4780 5014 5010
f 4782 5013 5011
f 4782 4806 5013
f 4781 4777 4984
f 4785 4790 4733
f 4783 5009 4790
f 5046 4924 4763
f 5045 5046 4763
f 5047 4762 4924
f 5047 4924 5046
f 5044 5045 4763
f 5048 4762 5047
f 5043 4763 4764
f 5043 5044 4763
f 5049 4986 4762
f 5049 4762 5048
f 5042 4764 5005
f 5042 5043 4764
f 5042 5005 4765
f 5050 4761 4986
f 5050 4986 5049
f 5041 4765 5014
f 5041 5042 4765
f 5050 4883 4761
f 5040 5014 4778
f 5040 5041 5014
f 5015 4883 5050
f 5015 4776 4883
f 5016 4776 5015
f 5039 4778 4766
f 5039 5040 4778
f 5017 4879 4776
f 5017 4776 5016
f 5018 4879 5017
f 5018 4775 4879
f 5038 4766 4792
f 5038 5039 4766
f 5019 4775 5018
f 4767 5038 4792
f 4767 5037 5038
f 4774 5019 5020
f 4774 4775 5019
f 4767 5036 5037
f 4872 5020 5021
f 4872 4774 5020
f 4801 5035 5036
f 4801 5036 4767
f 4773 4872 5021
f 4805 5034 5035
f 4805 5035 4801
f 4773 5021 5022
f 4809 5034 4805
f 4809 5033 5034
f 4858 4773 5022
f 4858 5022 5023
f 4858 5023 5024
f 4817 5033 4809
f 4817 5032 5033
f 4772 4858 5024
f 4771 4772 5024
f 4771 5024 5025
f 4768 5032 4817
f 4768 5031 5032
f 4771 5025 5026
f 4771 5026 5027
f 4830 5031 4768
f 4830 5030 5031
f 4847 4771 5027
f 4769 5030 4830
f 4769 5029 5030
f 4770 4847 5027
f 4769 4770 5027
f 4769 5027 5028
f 4769 5028 5029

o p0009
usemtl mat_33
v 0.00674900 0.01473272 0.01681197
v 0.00674900 -0.00204101 0.02226172
v 0.00652544 -0.00203584 0.02227766
v 0.00630687 -0.00202042 0.02232510
v 0.00609818 -0.00199511 0.02240300
v 0.00590402 -0.00196048 0.02250961
v 0.00572874 -0.00191728 0.02264255
v 0.00557625 -0.00186650 0.02279885
v 0.00544996 -0.00180927 0.02297502
v 0.00535269 -0.00174685 0.02316713
v 0.00528661 -0.00168065 0.02337087
v 0.00525319 -0.00161215 0.02358171
v 0.00525319 -0.00154288 0.02379493
v 0.00528661 -0.00147438 0.02400577
v 0.00535269 -0.00140818 0.02420951
v 0.00544996 -0.00134577 0.02440162
v 0.00557625 -0.00128853 0.02457779
v 0.00572874 -0.00123775 0.02473409
v 0.00590402 -0.00119456 0.02486703
v 0.00609818 -0.00115992 0.02497364
v 0.00630687 -0.00113461 0.02505153
v 0.00652544 -0.00111920 0.02509898
v 0.00674900 -0.00111402 0.02511491
v 0.00697257 -0.00111920 0.02509898
v 0.00719113 -0.00113461 0.02505153
v 0.00739983 -0.00115992 0.02497364
v 0.00759398 -0.00119456 0.02486703
v 0.00776926 -0.00123775 0.02473409
v 0.00792175 -0.00128853 0.02457779
v 0.00804804 -0.00134577 0.02440162
v 0.00814531 -0.00140818 0.02420951
v 0.00821139 -0.00147438 0.02400577
v 0.00824481 -0.00154288 0.02379493
v 0.00824481 -0.00161215 0.02358171
v 0.00821139 -0.00168065 0.02337087
v 0.00814531 -0.00174685 0.02316713
v 0.00804804 -0.00180927 0.02297502
v 0.00792175 -0.00186650 0.02279885
v 0.00776926 -0.00191728 0.02264255
v 0.00759398 -0.00196048 0.02250961
v 0.00739983 -0.00199511 0.02240300
v 0.00719113 -0.00202042 0.02232510
v 0.00697257 -0.00203584 0.02227766
v 0.00697257 0.01473790 0.01682790
v 0.00719113 0.01475331 0.01687535
v 0.00739983 0.01477862 0.01695324
v 0.00759398 0.01481326 0.01705985
v 0.00776926 0.01485645 0.01719279
v 0.00792175 0.01490723 0.01734909
v 0.00804804 0.01496447 0.01752526
v 0.00814531 0.01502688 0.01771737
v 0.00821139 0.01509308 0.01792111
v 0.00824481 0.01516158 0.01813195
v 0.00824481 0.01523085 0.01834517
v 0.00821139 0.01529935 0.01855601
v 0.00814531 0.01536555 0.01875975
v 0.00804804 0.01542797 0.01895186
v 0.00792175 0.01548520 0.01912803
v 0.00776926 0.01553598 0.01928433
v 0.00759398 0.01557918 0.01941727
v 0.00739983 0.01561381 0.01952388
v 0.00719113 0.01563912 0.01960178
v 0.00697257 0.01565454 0.01964922
v 0.00674900 0.01565971 0.01966515
v 0.00652544 0.01565454 0.01964922
v 0.00630687 0.01563912 0.01960178
v 0.00609818 0.01561381 0.01952388
v 0.00590402 0.01557918 0.01941727
v 0.00572874 0.01553598 0.01928433
v 0.00557625 0.01548520 0.01912803
v 0.00544996 0.01542797 0.01895186
v 0.00535269 0.01536555 0.01875975
v 0.00528661 0.01529935 0.01855601
v 0.00525319 0.01523085 0.01834517
v 0.00525319 0.01516158 0.01813195
v 0.00528661 0.01509308 0.01792111
v 0.00535269 0.01502688 0.01771737
v 0.00544996 0.01496447 0.01752526
v 0.00557625 0.01490723 0.01734909
v 0.00572874 0.01485645 0.01719279
v 0.00590402 0.01481326 0.01705985
v 0.00609818 0.01477862 0.01695324
v 0.00630687 0.01475331 0.01687535
v 0.00652544 0.01473790 0.01682790
f 5052 5094 5051
f 5093 5095 5094
f 5093 5094 5052
f 5092 5096 5095
f 5092 5095 5093
f 5091 5096 5092
f 5091 5097 5096
f 5090 5097 5091
f 5090 5098 5097
f 5089 5098 5090
f 5089 5099 5098
f 5088 5099 5089
f 5088 5100 5099
f 5087 5100 5088
f 5087 5101 5100
f 5086 5101 5087
f 5086 5102 5101
f 5085 5102 5086
f 5085 5103 5102
f 5084 5103 5085
f 5084 5104 5103
f 5083 5104 5084
f 5083 5105 5104
f 5082 5105 5083
f 5082 5106 5105
f 5081 5106 5082
f 5081 5107 5106
f 5080 5107 5081
f 5080 5108 5107
f 5079 5108 5080
f 5079 5109 5108
f 5078 5109 5079
f 5078 5110 5109
f 5077 5110 5078
f 5077 5111 5110
f 5076 5112 5111
f 5076 5111 5077
f 5075 5113 5112
f 5075 5112 5076
f 5074 5114 5113
f 5074 5113 5075
f 5073 5114 5074
f 5072 5115 5114
f 5072 5114 5073
f 5071 5116 5115
f 5071 5117 5116
f 5071 5115 5072
f 5070 5118 5117
f 5070 5117 5071
f 5069 5118 5070
f 5068 5119 5118
f 5068 5120 5119
f 5068 5118 5069
f 5067 5120 5068
f 5066 5121 5120
f 5066 5122 5121
f 5066 5120 5067
f 5065 5122 5066
f 5064 5122 5065
f 5064 5123 5122
f 5064 5124 5123
f 5063 5124 5064
f 5063 5125 5124
f 5062 5125 5063
f 5061 5125 5062
f 5061 5126 5125
f 5061 5127 5126
f 5060 5127 5061
f 5060 5128 5127
f 5059 5128 5060
f 5059 5129 5128
f 5058 5129 5059
f 5057 5129 5058
f 5057 5130 5129
f 5057 5131 5130
f 5056 5131 5057
f 5056 5132 5131
f 5055 5132 5056
f 5055 5133 5132
f 5054 5133 5055
f 5053 5133 5054
f 5053 5134 5133
f 5052 5134 5053
f 5052 5051 5134

o p0010
usemtl mat_3
v 0.00474982 0.01362620 -0.01334756
v 0.00304444 0.01393942 -0.01431083
v 0.00141989 0.01470929 -0.01667958
v 0.00141988 0.01571834 -0.01978489
v 0.00326661 0.01655901 -0.02237213
v 0.00631891 0.01693086 -0.02351640
v 0.00951348 0.01670969 -0.02283568
v 0.01151214 0.01606335 -0.02084773
v 0.01215030 0.01559479 -0.01940527
v 0.01151214 0.01436366 -0.01561695
v 0.00620863 0.01478801 -0.01692288
v 0.00572874 0.01487370 -0.01718659
v 0.00544996 0.01498173 -0.01751905
v 0.00535269 0.01504415 -0.01771116
v 0.00525319 0.01517886 -0.01812573
v 0.00525319 0.01524815 -0.01833895
v 0.00528661 0.01531666 -0.01854979
v 0.00540133 0.01541407 -0.01884958
v 0.00572874 0.01555331 -0.01927810
v 0.00590402 0.01559651 -0.01941103
v 0.00609818 0.01563115 -0.01951764
v 0.00641615 0.01566417 -0.01961926
v 0.00674900 0.01567706 -0.01965892
v 0.00697257 0.01567188 -0.01964298
v 0.00719113 0.01565646 -0.01959554
v 0.00759398 0.01559651 -0.01941103
v 0.00793297 0.01548369 -0.01906384
v 0.00821975 0.01523063 -0.01828505
v 0.00814531 0.01504415 -0.01771116
v 0.00776926 0.01487370 -0.01718659
v 0.00759398 0.01483050 -0.01705365
v 0.00707813 0.01476787 -0.01686091
v 0.00674900 0.01053120 -0.01315972
v 0.00674900 0.00333411 -0.01483692
v 0.00592927 -0.00324073 -0.01851039
v 0.00404479 -0.00304567 -0.01911155
v 0.00221310 -0.00253267 -0.02068914
v 0.00162920 -0.00218098 -0.02177173
v 0.00126438 -0.00168703 -0.02329185
v 0.00198586 -0.00071017 -0.02629814
v 0.00272818 -0.00035048 -0.02738744
v 0.00837015 0.00006417 -0.02868114
v 0.01017624 -0.00022510 -0.02779105
v 0.01104907 -0.00050027 -0.02694408
v 0.01201551 -0.00105520 -0.02523644
v 0.01223362 -0.00143300 -0.02407364
v 0.01201551 -0.00206492 -0.02212908
v 0.01104907 -0.00261976 -0.02042141
v 0.01016431 -0.00289935 -0.01955951
v 0.00798280 -0.00322040 -0.01857275
v 0.00113182 0.00431440 -0.02557214
v 0.00143592 -0.00102876 -0.02529466
v 0.00038623 0.00319599 -0.02384807
v 0.00044124 0.00198407 -0.02360005
v 0.00158431 0.00803181 -0.02555521
v 0.00798357 0.01218931 -0.02615750
v 0.00938756 0.01301281 -0.02524397
v 0.00830757 0.01306058 -0.02560888
v 0.01049866 0.01404592 -0.02388990
v 0.00085857 0.00269012 -0.02503094
v 0.01112321 0.01628759 -0.02158552
v 0.01016362 0.00969195 -0.02634595
v 0.00221308 0.00401071 -0.02682442
v 0.01058056 0.01336451 -0.02430413
v 0.00388888 0.00765223 -0.02734238
v 0.00199005 -0.00063704 -0.02647790
v 0.01174132 0.00826937 -0.02566026
v 0.00334570 0.00425075 -0.02766567
v 0.01250800 0.01191749 -0.02263071
v 0.00291812 0.00321967 -0.02749703
v 0.01193827 0.01165590 -0.02379111
v 0.01251879 0.00799248 -0.02454506
v 0.00575692 0.00709368 -0.02804058
v 0.01269072 0.01277380 -0.02148491
v 0.00370852 -0.00009199 -0.02816274
v 0.00519043 0.00451774 -0.02838480
v 0.01299044 0.00875486 -0.02345578
v 0.01235319 0.01536752 -0.01874819
v 0.00393059 0.00003040 -0.02844472
v 0.00782006 0.00780984 -0.02784907
v 0.01315592 0.01152558 -0.02086894
v 0.01328315 0.01117273 -0.01979906
v 0.00433997 0.00008793 -0.02868008
v 0.01347203 0.00842310 -0.02210856
v 0.00700746 0.00455662 -0.02856703
v 0.01296687 0.01168703 -0.01791527
v 0.00607266 0.00382192 -0.02865764
v 0.01328865 0.01081645 -0.01908855
v 0.01364634 0.00808290 -0.02094265
v 0.00830757 0.00451774 -0.02838480
v 0.00710462 0.00016694 -0.02897428
v 0.00891702 0.00446167 -0.02821226
v 0.01346002 0.00950799 -0.01948673
v 0.01352737 0.00643911 -0.01976459
v 0.01176403 0.01441687 -0.01581763
v 0.01292779 0.01045167 -0.01752226
v 0.01110797 0.00555600 -0.02676914
v 0.00805123 0.00371086 -0.02857161
v 0.00967368 0.00453690 -0.02788968
v 0.01333329 0.00718449 -0.01862507
v 0.01013553 0.01384329 -0.01401833
v 0.00983151 0.00672814 -0.02746998
v 0.01231915 0.01003989 -0.01631276
v 0.00860962 0.00007894 -0.02869576
v 0.00879846 0.01363165 -0.01336754
v 0.00870007 0.01208255 -0.01335228
v 0.01106434 0.00424166 -0.02700759
v 0.00819709 0.01357056 -0.01317730
v 0.01185559 0.00963851 -0.01568948
v 0.00998065 0.00281774 -0.02790445
v 0.01265161 0.00923367 -0.01687216
v 0.01251879 0.00566101 -0.01737003
v 0.01128515 0.00964285 -0.01509088
v 0.00802463 0.01206852 -0.01317363
v 0.01049866 0.00271016 -0.02757335
v 0.01204774 0.00373924 -0.02598900
v 0.00733462 0.01351134 -0.01300061
v 0.01137940 0.00304450 -0.02682004
v 0.01250800 0.00369188 -0.02530355
v 0.01267669 0.00407898 -0.02503748
v 0.01128510 -0.00053570 -0.02678848
v 0.01339800 0.00440577 -0.02306716
v 0.01315230 0.00296427 -0.02360402
v 0.01245869 0.00195625 -0.02525322
v 0.01280265 0.00226797 -0.02456542
v 0.01328315 0.00262989 -0.02257499
v 0.01340294 0.00355927 -0.02074913
v 0.01328865 0.00250047 -0.02179075
v 0.01305676 0.00198405 -0.02360006
v 0.00952198 0.00566068 -0.01469704
v 0.01052117 0.00504368 -0.01547018
v 0.01233780 -0.00148826 -0.02388014
v 0.00902396 0.00618316 -0.01435186
v 0.00922872 0.00773552 -0.01407622
v 0.01299533 0.00195794 -0.02050707
v 0.00885471 0.00575176 -0.01442423
v 0.00711141 0.00721722 -0.01369671
v 0.01283192 0.00181419 -0.02006467
v 0.01293459 0.00085032 -0.02184974
v 0.01236424 0.00287540 -0.01823460
v 0.00799330 0.00506865 -0.01439896
v 0.01263730 0.00167681 -0.01964190
v 0.01295269 0.00132875 -0.02095704
v 0.01204770 0.00137138 -0.01870195
v 0.00959031 0.00385183 -0.01533444
v 0.01194343 -0.00220624 -0.02165682
v 0.01137683 0.00096236 -0.01803572
v 0.00877975 0.00363409 -0.01509222
v 0.00800019 0.00378940 -0.01483522
v 0.01202672 0.00054419 -0.01920045
v 0.00799625 0.00332259 -0.01500934
v 0.00839316 0.00196587 -0.01566757
v 0.00907264 -0.00310282 -0.01892950
v 0.00880104 -0.00202394 -0.01802294
v 0.00823343 -0.00214082 -0.01789447
v 0.00802463 -0.00198934 -0.01774160
v 0.00737715 -0.00325832 -0.01844520
v 0.00517020 0.01136947 -0.01328020
v 0.00547337 0.01206852 -0.01317363
v 0.00588799 0.01204501 -0.01310126
v 0.00366012 0.00980482 -0.01402705
v 0.00420789 0.01255153 -0.01355769
v 0.00429465 0.01269136 -0.01353876
v 0.00312602 0.01258657 -0.01422129
v 0.00186607 0.01097251 -0.01533858
v 0.00322444 0.01189188 -0.01414981
v 0.00339372 0.01160294 -0.01404555
v 0.00520729 0.00945390 -0.01347518
v 0.00510484 0.00764963 -0.01382069
v 0.00311541 0.00933240 -0.01436758
v 0.00316310 0.00865678 -0.01447748
v 0.00220895 0.00955680 -0.01507831
v 0.00119596 0.00664813 -0.01669679
v 0.00336420 0.00758924 -0.01450223
v 0.00363880 0.00640568 -0.01466943
v 0.00422594 0.00627849 -0.01443455
v 0.00253224 0.00707342 -0.01523698
v 0.00229747 0.00648331 -0.01557788
v 0.00218929 0.00579020 -0.01584173
v 0.00297684 0.00504368 -0.01547018
v 0.00333305 0.00463918 -0.01535939
v 0.00382395 0.00259490 -0.01587643
v 0.00422594 0.00343596 -0.01535821
v 0.00231561 0.00382447 -0.01643006
v 0.00530469 0.00270517 -0.01528575
v 0.00520729 0.00030314 -0.01644864
v 0.00366012 0.00034364 -0.01710138
v 0.00279924 0.00183997 -0.01687155
v 0.00270519 0.00212606 -0.01684020
v 0.00517020 -0.00136114 -0.01741689
v 0.00654190 -0.00136491 -0.01716650
v 0.00547337 -0.00198934 -0.01774160
v 0.00466812 -0.00191560 -0.01796853
v 0.00220930 -0.00017570 -0.01869217
v 0.00347831 -0.00080602 -0.01791223
v 0.00406021 -0.00197047 -0.01831485
v 0.00322444 -0.00127262 -0.01842749
v 0.00328791 -0.00288424 -0.01959431
v 0.00154863 0.00007881 -0.01947543
v 0.01037198 0.01258657 -0.01422129
v 0.01089619 0.01187298 -0.01461189
v 0.00980327 0.01196085 -0.01385437
v 0.01001969 0.01121154 -0.01400724
v 0.00833006 0.01076938 -0.01333561
v 0.01062172 0.00825890 -0.01470274
v 0.00908324 0.01052670 -0.01355651
v 0.00835293 0.00860832 -0.01362004
v 0.01167863 0.00702751 -0.01585259
v 0.01062077 0.00758828 -0.01485390
v 0.01137649 0.00579133 -0.01591586
v 0.01071380 0.00555973 -0.01544544
v 0.01071380 0.00461164 -0.01575351
v 0.01120054 0.00394233 -0.01640355
v 0.01096576 0.00326455 -0.01647464
v 0.01062077 0.00262284 -0.01646737
v 0.01093138 0.00189149 -0.01708606
v 0.01000363 0.00086353 -0.01691412
v 0.01001969 -0.00080602 -0.01791223
v 0.00867867 0.00156505 -0.01590541
v 0.01027357 -0.00127262 -0.01842749
v 0.01072414 -0.00108450 -0.01868185
v 0.00980327 -0.00150208 -0.01822903
v 0.00826744 -0.00027226 -0.01676118
v 0.00833006 -0.00084312 -0.01710899
v 0.00560072 0.01354716 -0.01310698
v 0.00481320 0.01262560 -0.01333640
v 0.00550176 0.00616513 -0.01408568
v 0.00549465 0.00473199 -0.01451097
v 0.00534281 0.00647261 -0.01401871
v 0.00433299 0.00520730 -0.01469228
v 0.00145030 0.00991423 -0.01592603
v 0.00081067 0.01187698 -0.01721503
v 0.00099002 0.00996158 -0.01661150
v 0.00056342 0.01218608 -0.01816628
v 0.00085707 0.01103502 -0.01689334
v 0.00512916 0.00344048 -0.01502561
v 0.00486296 0.00336900 -0.01515214
v 0.00081458 0.00869987 -0.01699975
v 0.00033955 0.00604259 -0.01854431
v 0.00038623 0.01045752 -0.01806705
v 0.00056342 0.01280317 -0.02006535
v 0.00020936 0.01081645 -0.01908855
v 0.00002597 0.00744163 -0.01908801
v 0.00033676 0.01188198 -0.01928997
v 0.00081067 0.01311228 -0.02101663
v 0.00003799 0.00950799 -0.01948673
v 0.00031508 0.01154636 -0.02057111
v -0.00014834 0.00808292 -0.02094265
v -0.00002937 0.00721438 -0.02215050
v 0.00057022 0.01177862 -0.02160589
v 0.00086067 0.01197666 -0.02227313
v 0.00220940 0.01382923 -0.02322303
v 0.00016472 0.00848727 -0.02263422
v 0.00105236 0.01270268 -0.02220151
v 0.00144167 0.01306418 -0.02268082
v 0.00299935 0.01404592 -0.02388990
v 0.00081456 0.01066853 -0.02305829
v 0.00097921 0.00799248 -0.02454506
v 0.00351735 0.01415351 -0.02422099
v 0.00530090 -0.00320222 -0.01862743
v 0.00205488 0.01261787 -0.02384121
v 0.00164241 0.00145539 -0.01834852
v 0.00481320 -0.00234433 -0.01820075
v 0.00146389 0.00185647 -0.01830776
v 0.00289251 0.01274296 -0.02459174
v 0.00046833 0.00314308 -0.01952760
v 0.00239003 0.01127092 -0.02491213
v 0.00066609 0.00181419 -0.02006467
v 0.00382432 0.01275405 -0.02521959
v 0.00003799 0.00379307 -0.02134375
v 0.00050267 0.00195794 -0.02050707
v 0.00440908 0.01379912 -0.02494976
v 0.00519043 0.01306058 -0.02560888
v 0.00093606 0.00083312 -0.02013025
v 0.00371156 0.01154194 -0.02574618
v 0.00031508 0.00210714 -0.02134397
v 0.00705239 0.01442866 -0.02506777
v 0.00544678 0.01382314 -0.02528572
v 0.00150038 -0.00216061 -0.02177892
v 0.00627206 0.01311344 -0.02577156
v 0.00485148 0.01168131 -0.02617508
v 0.00010000 0.00440577 -0.02306716
v 0.00856111 0.01442393 -0.02479499
v 0.00022644 0.00242393 -0.02238819
v 0.00653086 0.01383303 -0.02542846
v 0.00056342 0.00085032 -0.02184974
v 0.00601495 0.01175322 -0.02639639
v 0.00115963 -0.00161561 -0.02348044
v 0.00697257 -0.00201839 -0.02227211
v 0.00719113 -0.00200297 -0.02231955
v 0.00739983 -0.00197766 -0.02239745
v 0.00759398 -0.00194302 -0.02250406
v 0.00784550 -0.00187443 -0.02271514
v 0.00804804 -0.00179179 -0.02296946
v 0.00814531 -0.00172937 -0.02316156
v 0.00821139 -0.00166317 -0.02336530
v 0.00824481 -0.00159466 -0.02357614
v 0.00824481 -0.00152537 -0.02378936
v 0.00821139 -0.00145687 -0.02400019
v 0.00814531 -0.00139066 -0.02420393
v 0.00798489 -0.00129962 -0.02448412
v 0.00776926 -0.00122021 -0.02472850
v 0.00759398 -0.00117701 -0.02486144
v 0.00739983 -0.00114237 -0.02496805
v 0.00719113 -0.00111706 -0.02504594
v 0.00697257 -0.00110164 -0.02509339
v 0.00652544 -0.00110164 -0.02509339
v 0.00630687 -0.00111706 -0.02504594
v 0.00609818 -0.00114237 -0.02496805
v 0.00590402 -0.00117701 -0.02486144
v 0.00572874 -0.00122021 -0.02472850
v 0.00557625 -0.00127100 -0.02457220
v 0.00540133 -0.00135945 -0.02429998
v 0.00526990 -0.00149112 -0.02389477
v 0.00525319 -0.00159466 -0.02357614
v 0.00528661 -0.00166317 -0.02336530
v 0.00535269 -0.00172937 -0.02316156
v 0.00544996 -0.00179179 -0.02296946
v 0.00557625 -0.00184904 -0.02279329
v 0.00572874 -0.00189982 -0.02263699
v 0.00590402 -0.00194302 -0.02250406
v 0.00609818 -0.00197766 -0.02239745
v 0.00630687 -0.00200297 -0.02231955
v 0.00663722 -0.00202098 -0.02226414
f 5154 5139 5153
f 5152 5153 5139
f 5152 5139 5138
f 5155 5139 5154
f 5156 5140 5139
f 5156 5139 5155
f 5151 5152 5138
f 5150 5151 5138
f 5157 5140 5156
f 5149 5138 5137
f 5149 5150 5138
f 5158 5140 5157
f 5159 5141 5140
f 5159 5140 5158
f 5148 5149 5137
f 5147 5148 5137
f 5160 5141 5159
f 5146 5137 5136
f 5146 5147 5137
f 5161 5141 5160
f 5195 5141 5161
f 5136 5145 5146
f 5142 5195 5161
f 5135 5145 5136
f 5143 5161 5162
f 5143 5142 5161
f 5359 5145 5135
f 5251 5145 5359
f 5251 5166 5145
f 5212 5143 5162
f 5229 5212 5162
f 5229 5162 5163
f 5242 5166 5251
f 5239 5166 5242
f 5144 5229 5163
f 5235 5166 5239
f 5235 5165 5166
f 5235 5144 5163
f 5235 5163 5164
f 5235 5164 5165
f 5186 5187 5194
f 5186 5188 5187
f 5190 5192 5191
f 5190 5236 5214
f 5195 5193 5141
f 5194 5174 5186
f 5196 5190 5191
f 5196 5236 5190
f 5196 5191 5198
f 5197 5185 5189
f 5198 5193 5195
f 5200 5194 5185
f 5200 5174 5194
f 5205 5198 5195
f 5204 5197 5189
f 5208 5142 5143
f 5208 5195 5142
f 5202 5189 5199
f 5202 5204 5189
f 5175 5185 5197
f 5175 5200 5185
f 5201 5196 5198
f 5203 5195 5208
f 5203 5205 5195
f 5213 5202 5199
f 5204 5175 5197
f 5205 5201 5198
f 5205 5206 5201
f 5212 5208 5143
f 5217 5213 5199
f 5209 5202 5213
f 5209 5175 5204
f 5209 5204 5202
f 5210 5217 5199
f 5211 5206 5205
f 5211 5203 5208
f 5211 5205 5203
f 5221 5199 5207
f 5221 5210 5199
f 5215 5208 5212
f 5220 5212 5229
f 5219 5207 5214
f 5216 5215 5212
f 5217 5210 5221
f 5218 5208 5215
f 5218 5211 5208
f 5222 5216 5212
f 5222 5212 5220
f 5232 5219 5214
f 5221 5225 5217
f 5221 5207 5219
f 5223 5218 5215
f 5223 5215 5216
f 5224 5232 5214
f 5225 5219 5232
f 5225 5221 5219
f 5226 5224 5214
f 5227 5216 5222
f 5227 5222 5220
f 5227 5228 5223
f 5227 5223 5216
f 5229 5144 5235
f 5233 5214 5236
f 5233 5226 5214
f 5230 5220 5229
f 5231 5236 5196
f 5231 5196 5201
f 5232 5176 5225
f 5232 5224 5226
f 5245 5230 5229
f 5234 5227 5220
f 5234 5220 5230
f 5234 5228 5227
f 5237 5245 5229
f 5238 5176 5232
f 5238 5226 5233
f 5238 5232 5226
f 5241 5236 5231
f 5243 5237 5229
f 5243 5229 5335
f 5240 5235 5239
f 5241 5231 5201
f 5244 5233 5236
f 5244 5238 5233
f 5244 5177 5238
f 5254 5206 5211
f 5254 5201 5206
f 5245 5246 5234
f 5245 5234 5230
f 5240 5239 5242
f 5252 5241 5201
f 5247 5243 5335
f 5248 5240 5242
f 5249 5244 5236
f 5249 5177 5244
f 5249 5236 5241
f 5250 5252 5201
f 5251 5248 5242
f 5342 5246 5245
f 5342 5245 5237
f 5342 5237 5243
f 5253 5201 5254
f 5253 5250 5201
f 5256 5211 5218
f 5256 5254 5211
f 5252 5177 5249
f 5252 5178 5177
f 5252 5249 5241
f 5255 5252 5250
f 5255 5178 5252
f 5255 5250 5253
f 5256 5218 5223
f 5259 5254 5256
f 5257 5259 5256
f 5258 5179 5255
f 5258 5253 5254
f 5258 5255 5253
f 5261 5256 5223
f 5261 5223 5228
f 5263 5257 5256
f 5259 5179 5258
f 5259 5258 5254
f 5260 5256 5261
f 5260 5263 5256
f 5261 5228 5234
f 5262 5260 5261
f 5263 5180 5179
f 5263 5259 5257
f 5263 5179 5259
f 5277 5262 5261
f 5266 5263 5260
f 5266 5180 5263
f 5266 5260 5262
f 5274 5261 5234
f 5274 5234 5246
f 5267 5268 5341
f 5269 5277 5261
f 5270 5275 5264
f 5270 5264 5267
f 5271 5267 5341
f 5272 5261 5274
f 5272 5269 5261
f 5273 5262 5277
f 5273 5181 5266
f 5273 5266 5262
f 5275 5267 5271
f 5275 5270 5267
f 5275 5271 5168
f 5276 5272 5274
f 5279 5265 5264
f 5284 5276 5274
f 5277 5181 5273
f 5277 5269 5272
f 5278 5284 5274
f 5282 5264 5275
f 5282 5279 5264
f 5280 5181 5277
f 5280 5272 5276
f 5280 5276 5284
f 5280 5277 5272
f 5281 5278 5274
f 5283 5275 5168
f 5283 5282 5275
f 5284 5182 5280
f 5285 5283 5168
f 5285 5282 5283
f 5353 5279 5282
f 5355 5278 5281
f 5355 5284 5278
f 5286 5282 5285
f 5286 5285 5168
f 5286 5353 5282
f 5288 5184 5287
f 5289 5184 5288
f 5291 5289 5290
f 5291 5184 5289
f 5292 5294 5293
f 5292 5167 5294
f 5302 5292 5295
f 5302 5167 5292
f 5298 5296 5297
f 5298 5297 5136
f 5298 5136 5299
f 5300 5298 5299
f 5300 5296 5298
f 5301 5296 5300
f 5301 5300 5299
f 5302 5271 5167
f 5302 5303 5271
f 5302 5308 5303
f 5304 5295 5292
f 5304 5301 5299
f 5304 5296 5301
f 5304 5292 5296
f 5305 5295 5304
f 5305 5302 5295
f 5305 5308 5302
f 5306 5305 5304
f 5308 5306 5307
f 5308 5305 5306
f 5309 5310 5308
f 5311 5308 5307
f 5311 5309 5308
f 5312 5309 5311
f 5312 5311 5307
f 5312 5307 5313
f 5313 5314 5309
f 5313 5309 5312
f 5315 5314 5313
f 5318 5307 5398
f 5318 5315 5313
f 5318 5313 5307
f 5316 5317 5315
f 5318 5316 5315
f 5320 5325 5168
f 5320 5168 5319
f 5320 5319 5316
f 5323 5318 5398
f 5323 5316 5318
f 5322 5321 5320
f 5322 5320 5316
f 5322 5316 5323
f 5323 5396 5322
f 5323 5398 5396
f 5324 5326 5325
f 5324 5320 5321
f 5324 5325 5320
f 5329 5327 5324
f 5329 5322 5328
f 5329 5321 5322
f 5329 5324 5321
f 5330 5327 5329
f 5331 5329 5328
f 5331 5330 5329
f 5332 5333 5171
f 5332 5330 5331
f 5332 5331 5328
f 5332 5328 5333
f 5332 5170 5330
f 5334 5229 5235
f 5334 5335 5229
f 5336 5235 5240
f 5336 5334 5235
f 5336 5335 5334
f 5337 5335 5336
f 5337 5340 5247
f 5337 5247 5335
f 5337 5336 5240
f 5338 5248 5251
f 5338 5340 5337
f 5338 5337 5240
f 5338 5240 5248
f 5338 5251 5167
f 5339 5342 5243
f 5339 5243 5247
f 5339 5247 5340
f 5340 5338 5167
f 5343 5342 5339
f 5343 5339 5268
f 5341 5268 5339
f 5341 5167 5271
f 5341 5339 5340
f 5341 5340 5167
f 5343 5268 5267
f 5343 5264 5342
f 5343 5267 5264
f 5344 5246 5342
f 5344 5342 5264
f 5345 5264 5265
f 5345 5265 5344
f 5345 5344 5264
f 5346 5344 5265
f 5346 5265 5279
f 5347 5246 5344
f 5347 5274 5246
f 5347 5346 5279
f 5347 5344 5346
f 5348 5274 5347
f 5348 5347 5279
f 5349 5279 5353
f 5349 5348 5279
f 5349 5274 5348
f 5350 5274 5349
f 5350 5281 5274
f 5351 5281 5350
f 5351 5349 5353
f 5351 5350 5349
f 5352 5355 5281
f 5352 5281 5351
f 5353 5286 5168
f 5353 5168 5325
f 5354 5355 5352
f 5355 5287 5183
f 5355 5183 5182
f 5355 5182 5284
f 5356 5354 5352
f 5356 5355 5354
f 5356 5287 5355
f 5356 5352 5288
f 5356 5288 5287
f 5357 5353 5325
f 5357 5351 5353
f 5358 5357 5325
f 5358 5289 5288
f 5358 5290 5289
f 5358 5351 5357
f 5358 5291 5290
f 5358 5325 5291
f 5358 5352 5351
f 5358 5288 5352
f 5294 5167 5251
f 5294 5251 5359
f 5293 5294 5359
f 5360 5359 5135
f 5292 5359 5360
f 5292 5293 5359
f 5297 5135 5136
f 5297 5360 5135
f 5296 5292 5360
f 5296 5360 5297
f 5361 5168 5271
f 5361 5271 5303
f 5299 5136 5137
f 5363 5168 5361
f 5363 5362 5168
f 5363 5361 5303
f 5363 5303 5308
f 5306 5304 5299
f 5369 5299 5137
f 5310 5363 5308
f 5364 5362 5363
f 5364 5363 5310
f 5365 5306 5299
f 5366 5369 5137
f 5367 5365 5299
f 5367 5299 5369
f 5309 5364 5310
f 5309 5314 5364
f 5370 5168 5362
f 5307 5306 5365
f 5307 5365 5367
f 5368 5366 5137
f 5319 5168 5370
f 5370 5362 5364
f 5374 5369 5366
f 5371 5319 5370
f 5372 5373 5307
f 5372 5307 5367
f 5372 5367 5369
f 5378 5368 5137
f 5378 5137 5138
f 5374 5366 5368
f 5315 5370 5364
f 5315 5364 5314
f 5317 5371 5370
f 5317 5370 5315
f 5376 5374 5368
f 5375 5378 5138
f 5376 5368 5378
f 5377 5372 5369
f 5377 5369 5374
f 5377 5373 5372
f 5316 5319 5371
f 5316 5371 5317
f 5379 5375 5138
f 5381 5378 5375
f 5380 5382 5377
f 5380 5377 5374
f 5380 5376 5378
f 5380 5374 5376
f 5388 5379 5138
f 5381 5375 5379
f 5384 5381 5379
f 5382 5378 5381
f 5382 5380 5378
f 5389 5388 5138
f 5389 5138 5139
f 5384 5379 5388
f 5385 5384 5388
f 5386 5389 5139
f 5387 5381 5384
f 5387 5382 5381
f 5387 5383 5382
f 5325 5169 5291
f 5390 5386 5139
f 5395 5389 5386
f 5400 5307 5373
f 5400 5398 5307
f 5391 5384 5385
f 5391 5392 5387
f 5391 5387 5384
f 5391 5385 5388
f 5393 5390 5139
f 5394 5169 5325
f 5394 5325 5326
f 5394 5326 5324
f 5395 5386 5390
f 5397 5170 5394
f 5397 5394 5324
f 5397 5324 5327
f 5399 5395 5390
f 5406 5393 5139
f 5406 5139 5140
f 5189 5389 5395
f 5189 5388 5389
f 5189 5392 5391
f 5189 5391 5388
f 5399 5390 5393
f 5330 5397 5327
f 5330 5170 5397
f 5400 5373 5377
f 5328 5322 5396
f 5403 5399 5393
f 5408 5398 5400
f 5412 5406 5140
f 5401 5395 5399
f 5401 5199 5189
f 5401 5189 5395
f 5402 5408 5400
f 5403 5393 5406
f 5333 5396 5398
f 5333 5328 5396
f 5404 5377 5382
f 5404 5400 5377
f 5405 5402 5400
f 5419 5412 5140
f 5410 5400 5404
f 5410 5405 5400
f 5407 5406 5412
f 5408 5333 5398
f 5408 5172 5171
f 5408 5171 5333
f 5409 5399 5403
f 5409 5199 5401
f 5409 5401 5399
f 5416 5404 5382
f 5416 5382 5383
f 5411 5419 5140
f 5413 5172 5408
f 5413 5402 5405
f 5413 5405 5410
f 5413 5408 5402
f 5418 5410 5404
f 5414 5412 5419
f 5415 5207 5199
f 5415 5199 5409
f 5415 5409 5403
f 5415 5403 5406
f 5415 5406 5407
f 5415 5407 5412
f 5416 5383 5387
f 5417 5411 5140
f 5417 5140 5141
f 5418 5404 5416
f 5420 5173 5413
f 5420 5413 5410
f 5420 5410 5418
f 5188 5418 5416
f 5190 5419 5411
f 5421 5414 5419
f 5421 5412 5414
f 5421 5207 5415
f 5421 5214 5207
f 5421 5415 5412
f 5187 5188 5416
f 5190 5411 5417
f 5422 5420 5418
f 5422 5173 5420
f 5185 5387 5392
f 5185 5416 5387
f 5192 5190 5417
f 5198 5417 5141
f 5194 5187 5416
f 5194 5416 5185
f 5191 5192 5417
f 5188 5186 5422
f 5188 5422 5418
f 5190 5421 5419
f 5190 5214 5421
f 5189 5185 5392
f 5193 5198 5141
f 5191 5417 5198
f 5454 5332 5171
f 5453 5454 5171
f 5455 5170 5332
f 5455 5332 5454
f 5452 5453 5171
f 5456 5170 5455
f 5451 5171 5172
f 5451 5452 5171
f 5457 5394 5170
f 5457 5170 5456
f 5450 5172 5413
f 5450 5451 5172
f 5450 5413 5173
f 5458 5169 5394
f 5458 5394 5457
f 5449 5173 5422
f 5449 5450 5173
f 5458 5291 5169
f 5448 5422 5186
f 5448 5449 5422
f 5423 5291 5458
f 5423 5184 5291
f 5424 5184 5423
f 5447 5186 5174
f 5447 5448 5186
f 5425 5287 5184
f 5425 5184 5424
f 5426 5287 5425
f 5426 5183 5287
f 5446 5174 5200
f 5446 5447 5174
f 5427 5183 5426
f 5175 5446 5200
f 5175 5445 5446
f 5182 5427 5428
f 5182 5183 5427
f 5175 5444 5445
f 5280 5428 5429
f 5280 5182 5428
f 5209 5443 5444
f 5209 5444 5175
f 5181 5280 5429
f 5213 5442 5443
f 5213 5443 5209
f 5181 5429 5430
f 5217 5442 5213
f 5217 5441 5442
f 5266 5181 5430
f 5266 5430 5431
f 5266 5431 5432
f 5225 5441 5217
f 5225 5440 5441
f 5180 5266 5432
f 5179 5180 5432
f 5179 5432 5433
f 5176 5440 5225
f 5176 5439 5440
f 5179 5433 5434
f 5179 5434 5435
f 5238 5439 5176
f 5238 5438 5439
f 5255 5179 5435
f 5177 5438 5238
f 5177 5437 5438
f 5178 5255 5435
f 5177 5178 5435
f 5177 5435 5436
f 5177 5436 5437

o p0011
usemtl mat_33
v 0.00674900 0.01474995 -0.01680577
v 0.00674900 -0.00202357 -0.02225617
v 0.00697257 -0.00201839 -0.02227211
v 0.00719113 -0.00200297 -0.02231955
v 0.00739983 -0.00197766 -0.02239745
v 0.00759398 -0.00194302 -0.02250406
v 0.00776926 -0.00189982 -0.02263699
v 0.00792175 -0.00184904 -0.02279329
v 0.00804804 -0.00179179 -0.02296946
v 0.00814531 -0.00172937 -0.02316156
v 0.00821139 -0.00166317 -0.02336530
v 0.00824481 -0.00159466 -0.02357614
v 0.00824481 -0.00152537 -0.02378936
v 0.00821139 -0.00145687 -0.02400019
v 0.00814531 -0.00139066 -0.02420393
v 0.00804804 -0.00132824 -0.02439604
v 0.00792175 -0.00127100 -0.02457220
v 0.00776926 -0.00122021 -0.02472850
v 0.00759398 -0.00117701 -0.02486144
v 0.00739983 -0.00114237 -0.02496805
v 0.00719113 -0.00111706 -0.02504594
v 0.00697257 -0.00110164 -0.02509339
v 0.00674900 -0.00109646 -0.02510932
v 0.00652544 -0.00110164 -0.02509339
v 0.00630687 -0.00111706 -0.02504594
v 0.00609818 -0.00114237 -0.02496805
v 0.00590402 -0.00117701 -0.02486144
v 0.00572874 -0.00122021 -0.02472850
v 0.00557625 -0.00127100 -0.02457220
v 0.00544996 -0.00132824 -0.02439604
v 0.00535269 -0.00139066 -0.02420393
v 0.00528661 -0.00145687 -0.02400019
v 0.00525319 -0.00152537 -0.02378936
v 0.00525319 -0.00159466 -0.02357614
v 0.00528661 -0.00166317 -0.02336530
v 0.00535269 -0.00172937 -0.02316156
v 0.00544996 -0.00179179 -0.02296946
v 0.00557625 -0.00184904 -0.02279329
v 0.00572874 -0.00189982 -0.02263699
v 0.00590402 -0.00194302 -0.02250406
v 0.00609818 -0.00197766 -0.02239745
v 0.00630687 -0.00200297 -0.02231955
v 0.00652544 -0.00201839 -0.02227211
v 0.00652544 0.01475513 -0.01682170
v 0.00630687 0.01477055 -0.01686914
v 0.00609818 0.01479586 -0.01694704
v 0.00590402 0.01483050 -0.01705365
v 0.00572874 0.01487370 -0.01718659
v 0.00557625 0.01492449 -0.01734289
v 0.00544996 0.01498173 -0.01751905
v 0.00535269 0.01504415 -0.01771115
v 0.00528661 0.01511036 -0.01791490
v 0.00525319 0.01517886 -0.01812573
v 0.00525319 0.01524815 -0.01833895
v 0.00528661 0.01531666 -0.01854978
v 0.00535269 0.01538286 -0.01875353
v 0.00544996 0.01544528 -0.01894563
v 0.00557625 0.01550253 -0.01912180
v 0.00572874 0.01555331 -0.01927810
v 0.00590402 0.01559651 -0.01941103
v 0.00609818 0.01563115 -0.01951764
v 0.00630687 0.01565646 -0.01959554
v 0.00652544 0.01567188 -0.01964298
v 0.00674900 0.01567706 -0.01965892
v 0.00697257 0.01567188 -0.01964298
v 0.00719113 0.01565646 -0.01959554
v 0.00739983 0.01563115 -0.01951764
v 0.00759398 0.01559651 -0.01941103
v 0.00776926 0.01555331 -0.01927810
v 0.00792175 0.01550253 -0.01912180
v 0.00804804 0.01544528 -0.01894563
v 0.00814531 0.01538286 -0.01875353
v 0.00821139 0.01531666 -0.01854978
v 0.00824481 0.01524815 -0.01833895
v 0.00824481 0.01517886 -0.01812573
v 0.00821139 0.01511036 -0.01791490
v 0.00814531 0.01504415 -0.01771115
v 0.00804804 0.01498173 -0.01751905
v 0.00792175 0.01492449 -0.01734289
v 0.00776926 0.01487370 -0.01718659
v 0.00759398 0.01483050 -0.01705365
v 0.00739983 0.01479586 -0.01694704
v 0.00719113 0.01477055 -0.01686914
v 0.00697257 0.01475513 -0.01682170
f 5460 5502 5459
f 5501 5503 5502
f 5501 5502 5460
f 5500 5504 5503
f 5500 5503 5501
f 5499 5504 5500
f 5499 5505 5504
f 5498 5505 5499
f 5498 5506 5505
f 5497 5506 5498
f 5497 5507 5506
f 5496 5507 5497
f 5496 5508 5507
f 5495 5508 5496
f 5495 5509 5508
f 5494 5509 5495
f 5494 5510 5509
f 5493 5510 5494
f 5493 5511 5510
f 5492 5511 5493
f 5492 5512 5511
f 5491 5512 5492
f 5491 5513 5512
f 5490 5513 5491
f 5490 5514 5513
f 5489 5514 5490
f 5489 5515 5514
f 5488 5515 5489
f 5488 5516 5515
f 5487 5516 5488
f 5487 5517 5516
f 5486 5517 5487
f 5486 5518 5517
f 5485 5518 5486
f 5485 5519 5518
f 5484 5520 5519
f 5484 5519 5485
f 5483 5521 5520
f 5483 5520 5484
f 5482 5522 5521
f 5482 5521 5483
f 5481 5522 5482
f 5480 5523 5522
f 5480 5522 5481
f 5479 5524 5523
f 5479 5525 5524
f 5479 5523 5480
f 5478 5526 5525
f 5478 5525 5479
f 5477 5526 5478
f 5476 5527 5526
f 5476 5528 5527
f 5476 5526 5477
f 5475 5528 5476
f 5474 5529 5528
f 5474 5530 5529
f 5474 5528 5475
f 5473 5530 5474
f 5472 5530 5473
f 5472 5531 5530
f 5472 5532 5531
f 5471 5532 5472
f 5471 5533 5532
f 5470 5533 5471
f 5469 5533 5470
f 5469 5534 5533
f 5469 5535 5534
f 5468 5535 5469
f 5468 5536 5535
f 5467 5536 5468
f 5467 5537 5536
f 5466 5537 5467
f 5465 5537 5466
f 5465 5538 5537
f 5465 5539 5538
f 5464 5539 5465
f 5464 5540 5539
f 5463 5540 5464
f 5463 5541 5540
f 5462 5541 5463
f 5461 5541 5462
f 5461 5542 5541
f 5460 5542 5461
f 5460 5459 5542

o p0012
usemtl mat_3
v -0.00475182 0.01887295 0.00279344
v -0.00304644 0.01969252 0.00338867
v -0.00142188 0.02170762 0.00485258
v -0.00142188 0.02434913 0.00677183
v -0.00326861 0.02654993 0.00837090
v -0.00632091 0.02752332 0.00907810
v -0.00951548 0.02694428 0.00865737
v -0.01151414 0.02525295 0.00742892
v -0.01215229 0.02402605 0.00653731
v -0.01151414 0.02080342 0.00419602
v -0.00621062 0.02191430 0.00500315
v -0.00557825 0.02227158 0.00526274
v -0.00545196 0.02242143 0.00537162
v -0.00535469 0.02258484 0.00549035
v -0.00528861 0.02275816 0.00561627
v -0.00525519 0.02311887 0.00587836
v -0.00528861 0.02329822 0.00600867
v -0.00535469 0.02347153 0.00613459
v -0.00573074 0.02391775 0.00645880
v -0.00590602 0.02403083 0.00654097
v -0.00610017 0.02412152 0.00660686
v -0.00641815 0.02420796 0.00666966
v -0.00675100 0.02424170 0.00669417
v -0.00697456 0.02422814 0.00668432
v -0.00729748 0.02415465 0.00663093
v -0.00759598 0.02403083 0.00654097
v -0.00784750 0.02385127 0.00641050
v -0.00823010 0.02320854 0.00594351
v -0.00798689 0.02234650 0.00531718
v -0.00777126 0.02213862 0.00516614
v -0.00759598 0.02202554 0.00508397
v -0.00708013 0.02186159 0.00496485
v -0.00675100 0.01625856 0.00446057
v -0.00675100 0.01142162 0.01004759
v -0.00593126 0.00826141 0.01688397
v -0.00404679 0.00877254 0.01725569
v -0.00221509 0.01011482 0.01823050
v -0.00163119 0.01103564 0.01889966
v -0.00126638 0.01232873 0.01983918
v -0.00198786 0.01488600 0.02169722
v -0.00273017 0.01581725 0.02236711
v -0.00837215 0.01691309 0.02317005
v -0.01017824 0.01615590 0.02261995
v -0.01105107 0.01543548 0.02209645
v -0.01201751 0.01398285 0.02104106
v -0.01223562 0.01299375 0.02032237
v -0.01201750 0.01133958 0.01912055
v -0.01105107 0.00988700 0.01806509
v -0.01016631 0.00915421 0.01753210
v -0.00798480 0.00831450 0.01692247
v -0.00113382 0.01852436 0.01815666
v -0.00143791 0.01403845 0.02107262
v -0.00038823 0.01660620 0.01741916
v -0.00044324 0.01547994 0.01793081
v -0.00158631 0.02152195 0.01595803
v -0.00798557 0.02523954 0.01400172
v -0.00938956 0.02536885 0.01277862
v -0.00830956 0.02562198 0.01304578
v -0.01050065 0.02540882 0.01107591
v -0.00086056 0.01689218 0.01867347
v -0.01112520 0.02586801 0.00789403
v -0.01016561 0.02332984 0.01562201
v -0.00221508 0.01901470 0.01934829
v -0.01058255 0.02510099 0.01181155
v -0.00389088 0.02226528 0.01762702
v -0.00199205 0.01505082 0.02179967
v -0.01174332 0.02177589 0.01590339
v -0.00334770 0.01970336 0.01988781
v -0.01250999 0.02294675 0.01130818
v -0.00292011 0.01877006 0.02035739
v -0.01194027 0.02341713 0.01240073
v -0.01252079 0.02089641 0.01516390
v -0.00575891 0.02222375 0.01852018
v -0.01269271 0.02296608 0.00987787
v -0.00371051 0.01648206 0.02284242
v -0.00519243 0.02034204 0.02031270
v -0.01299244 0.02087298 0.01383454
v -0.01235518 0.02345598 0.00613929
v -0.00393258 0.01674682 0.02299862
v -0.00782207 0.02269060 0.01794432
v -0.01315792 0.02159418 0.01011318
v -0.01328515 0.02067989 0.00945499
v -0.00434198 0.01693169 0.02315523
v -0.01347403 0.01981275 0.01293957
v -0.00700946 0.02048060 0.02043727
v -0.01296887 0.01998876 0.00762865
v -0.00607468 0.01993946 0.02094239
v -0.01329064 0.01997403 0.00908956
v -0.01364834 0.01885224 0.01219626
v -0.00830956 0.02034204 0.02031270
v -0.00710660 0.01716854 0.02334680
v -0.00891902 0.02019527 0.02020606
v -0.01346201 0.01914947 0.01018076
v -0.01352937 0.01682993 0.01220931
v -0.01176603 0.02096441 0.00432710
v -0.01292979 0.01875832 0.00803677
v -0.01110997 0.02023242 0.01839532
v -0.00805323 0.01979905 0.02093806
v -0.00967568 0.02006652 0.01990087
v -0.01333529 0.01676322 0.01084929
v -0.01013752 0.01944282 0.00320851
v -0.00983350 0.02159264 0.01827341
v -0.01232114 0.01771429 0.00730027
v -0.00861161 0.01693364 0.02317319
v -0.00880045 0.01888910 0.00280639
v -0.00870207 0.01762685 0.00370454
v -0.01106635 0.01930920 0.01936074
v -0.00819909 0.01872786 0.00268839
v -0.01185759 0.01702322 0.00703193
v -0.00998265 0.01868434 0.02092325
v -0.01265361 0.01739080 0.00822671
v -0.01252079 0.01479301 0.01072934
v -0.01128714 0.01667490 0.00654508
v -0.00802663 0.01751049 0.00356825
v -0.01050065 0.01840270 0.02071861
v -0.01204974 0.01830406 0.01883196
v -0.00733662 0.01857610 0.00258025
v -0.01138139 0.01823043 0.01991265
v -0.01251000 0.01786287 0.01830524
v -0.01267869 0.01801966 0.01786246
v -0.01128710 0.01531535 0.02199138
v -0.01339999 0.01712599 0.01607633
v -0.01315430 0.01627530 0.01735791
v -0.01246069 0.01642909 0.01928464
v -0.01280465 0.01627703 0.01854497
v -0.01328515 0.01539995 0.01672191
v -0.01340493 0.01507869 0.01469848
v -0.01329064 0.01483431 0.01616350
v -0.01305875 0.01547993 0.01793083
v -0.00952397 0.01322168 0.00856698
v -0.01052316 0.01317692 0.00955513
v -0.01233980 0.01283531 0.02019830
v -0.00902595 0.01344151 0.00798062
v -0.00923072 0.01453542 0.00684522
v -0.01299733 0.01364088 0.01544382
v -0.00885671 0.01313502 0.00829274
v -0.00711341 0.01389304 0.00684281
v -0.01283391 0.01326456 0.01517040
v -0.01293658 0.01353394 0.01718111
v -0.01236623 0.01304750 0.01306607
v -0.00799530 0.01256752 0.00867378
v -0.01263930 0.01290494 0.01490911
v -0.01295468 0.01339632 0.01617768
v -0.01204969 0.01210538 0.01432817
v -0.00959231 0.01213289 0.01014582
v -0.01194543 0.01094767 0.01882153
v -0.01137882 0.01138288 0.01402956
v -0.00878174 0.01181436 0.01007785
v -0.00800219 0.01178896 0.00977863
v -0.01202871 0.01172913 0.01521766
v -0.00799824 0.01151363 0.01019387
v -0.00839516 0.01080287 0.01152382
v -0.00907463 0.00861931 0.01714199
v -0.00880304 0.00895933 0.01577443
v -0.00823543 0.00878925 0.01573921
v -0.00802663 0.00882197 0.01552648
v -0.00737915 0.00820886 0.01684157
v -0.00517220 0.01700754 0.00406536
v -0.00547537 0.01751049 0.00356825
v -0.00588999 0.01744893 0.00352352
v -0.00366212 0.01618067 0.00558920
v -0.00420988 0.01812700 0.00359508
v -0.00429664 0.01822900 0.00349758
v -0.00312802 0.01854538 0.00411136
v -0.00186806 0.01789623 0.00596397
v -0.00322643 0.01794133 0.00446184
v -0.00339572 0.01764629 0.00454731
v -0.00520929 0.01557239 0.00534898
v -0.00510684 0.01431574 0.00668896
v -0.00311741 0.01599861 0.00614237
v -0.00316509 0.01551660 0.00662838
v -0.00221095 0.01659790 0.00658548
v -0.00119796 0.01519593 0.00960449
v -0.00336619 0.01466747 0.00727585
v -0.00364080 0.01380818 0.00810677
v -0.00422794 0.01356724 0.00799150
v -0.00253424 0.01468199 0.00817347
v -0.00229946 0.01440494 0.00879612
v -0.00219128 0.01399927 0.00941696
v -0.00297883 0.01317692 0.00955513
v -0.00333505 0.01278456 0.00970324
v -0.00382594 0.01143454 0.01132308
v -0.00422794 0.01181040 0.01040949
v -0.00231761 0.01275471 0.01104831
v -0.00530669 0.01117657 0.01078039
v -0.00520929 0.00991673 0.01313301
v -0.00366212 0.01033315 0.01363729
v -0.00280124 0.01140865 0.01257188
v -0.00270718 0.01162168 0.01237838
v -0.00517219 0.00913935 0.01489455
v -0.00654390 0.00898914 0.01469417
v -0.00547537 0.00882197 0.01552648
v -0.00467012 0.00901500 0.01566674
v -0.00221129 0.01084797 0.01522956
v -0.00348030 0.00987961 0.01496905
v -0.00406221 0.00917416 0.01597918
v -0.00322643 0.00980496 0.01566014
v -0.00328991 0.00918689 0.01755138
v -0.00155063 0.01151424 0.01571365
v -0.01037398 0.01854538 0.00411136
v -0.01089818 0.01819763 0.00484678
v -0.00980527 0.01782349 0.00418228
v -0.01002169 0.01730712 0.00474637
v -0.00833206 0.01655464 0.00446287
v -0.01062372 0.01532709 0.00704449
v -0.00908524 0.01648815 0.00478422
v -0.00835492 0.01497344 0.00596316
v -0.01168063 0.01500667 0.00869852
v -0.01062277 0.01487338 0.00756093
v -0.01137849 0.01404375 0.00947626
v -0.01071579 0.01357989 0.00923180
v -0.01071579 0.01299392 0.01003828
v -0.01120253 0.01283448 0.01095759
v -0.01096775 0.01232790 0.01141347
v -0.01062277 0.01180447 0.01178475
v -0.01093338 0.01157642 0.01271515
v -0.01000562 0.01064369 0.01318024
v -0.01002169 0.00987961 0.01496905
v -0.00868067 0.01061838 0.01195183
v -0.01027556 0.00980496 0.01566014
v -0.01072614 0.01010665 0.01575536
v -0.00980527 0.00950267 0.01563445
v -0.00826944 0.00963491 0.01372406
v -0.00833206 0.00937748 0.01434098
v -0.00560271 0.01866759 0.00264525
v -0.00481519 0.01805686 0.00337251
v -0.00550375 0.01327048 0.00777588
v -0.00549664 0.01236098 0.00896229
v -0.00534480 0.01347986 0.00754099
v -0.00433499 0.01285208 0.00882960
v -0.00145230 0.01738532 0.00706125
v -0.00081266 0.01973088 0.00695048
v -0.00099202 0.01782651 0.00758799
v -0.00056541 0.02054006 0.00753841
v -0.00085907 0.01886063 0.00718509
v -0.00513116 0.01161857 0.01013775
v -0.00486496 0.01163511 0.01028213
v -0.00081658 0.01703393 0.00864367
v -0.00034155 0.01579191 0.01145511
v -0.00038822 0.01908325 0.00847409
v -0.00056541 0.02215549 0.00871214
v -0.00021135 0.01997404 0.00908956
v -0.00002797 0.01724336 0.01107269
v -0.00033876 0.02095447 0.00862625
v -0.00081267 0.02296468 0.00930007
v -0.00003998 0.01914947 0.01018076
v -0.00031708 0.02143594 0.00986001
v 0.00014634 0.01885225 0.01219625
v 0.00002737 0.01885949 0.01368393
v -0.00057221 0.02223204 0.01056067
v -0.00086266 0.02278444 0.01098410
v -0.00221140 0.02484155 0.01066375
v -0.00016671 0.02017362 0.01332714
v -0.00105436 0.02332972 0.01049944
v -0.00144366 0.02390391 0.01067476
v -0.00300134 0.02540882 0.01107591
v -0.00081655 0.02218759 0.01238818
v -0.00098121 0.02089641 0.01516390
v -0.00351935 0.02569046 0.01128055
v -0.00530290 0.00836135 0.01695603
v -0.00205688 0.02422486 0.01187587
v -0.00164441 0.01196561 0.01399285
v -0.00481519 0.00880463 0.01610660
v -0.00146589 0.01226614 0.01372413
v -0.00289451 0.02476719 0.01240956
v -0.00047033 0.01402402 0.01395484
v -0.00239202 0.02376455 0.01353395
v -0.00066808 0.01326456 0.01517040
v -0.00382632 0.02514517 0.01291099
v -0.00003998 0.01561734 0.01504213
v -0.00050467 0.01364088 0.01544382
v -0.00441107 0.02583209 0.01207842
v -0.00519243 0.02562198 0.01304578
v -0.00093805 0.01250938 0.01580010
v -0.00371356 0.02447403 0.01404944
v -0.00031707 0.01425349 0.01603322
v -0.00705438 0.02641077 0.01180390
v -0.00544877 0.02604898 0.01233612
v -0.00150238 0.01105635 0.01889350
v -0.00627406 0.02576036 0.01314632
v -0.00485348 0.02483888 0.01431453
v -0.00010200 0.01712599 0.01607633
v -0.00856310 0.02624661 0.01158599
v -0.00022843 0.01512353 0.01669184
v -0.00653286 0.02614088 0.01244579
v -0.00056541 0.01353394 0.01718111
v -0.00601695 0.02502713 0.01445131
v -0.00116162 0.01249735 0.01994978
v -0.00697456 0.01146128 0.01920892
v -0.00719313 0.01150164 0.01923824
v -0.00740182 0.01156791 0.01928638
v -0.00759598 0.01165859 0.01935227
v -0.00784750 0.01183815 0.01948274
v -0.00805004 0.01205448 0.01963992
v -0.00814731 0.01221789 0.01975865
v -0.00821339 0.01239121 0.01988457
v -0.00824680 0.01257055 0.02001488
v -0.00824680 0.01275192 0.02014666
v -0.00821339 0.01293127 0.02027697
v -0.00814731 0.01310458 0.02040289
v -0.00798689 0.01334292 0.02057606
v -0.00777126 0.01355080 0.02072710
v -0.00759598 0.01366389 0.02080926
v -0.00740182 0.01375457 0.02087516
v -0.00719313 0.01382083 0.02092330
v -0.00697456 0.01386119 0.02095262
v -0.00675100 0.01387475 0.02096247
v -0.00630887 0.01382083 0.02092330
v -0.00610017 0.01375457 0.02087516
v -0.00590602 0.01366389 0.02080926
v -0.00573074 0.01355080 0.02072710
v -0.00557825 0.01341785 0.02063050
v -0.00540332 0.01318629 0.02046226
v -0.00527190 0.01284160 0.02021181
v -0.00525519 0.01257055 0.02001488
v -0.00528861 0.01239121 0.01988457
v -0.00535469 0.01221789 0.01975865
v -0.00545196 0.01205448 0.01963992
v -0.00557825 0.01190463 0.01953104
v -0.00573074 0.01177167 0.01943444
v -0.00590602 0.01165859 0.01935227
v -0.00610017 0.01156791 0.01928638
v -0.00630887 0.01150164 0.01923824
v -0.00663922 0.01145451 0.01920399
f 5562 5547 5561
f 5560 5561 5547
f 5560 5547 5546
f 5563 5547 5562
f 5564 5548 5547
f 5564 5547 5563
f 5559 5560 5546
f 5558 5559 5546
f 5565 5548 5564
f 5557 5546 5545
f 5557 5558 5546
f 5566 5548 5565
f 5567 5549 5548
f 5567 5548 5566
f 5556 5557 5545
f 5555 5556 5545
f 5568 5549 5567
f 5554 5545 5544
f 5554 5555 5545
f 5569 5549 5568
f 5603 5549 5569
f 5544 5553 5554
f 5550 5603 5569
f 5543 5553 5544
f 5551 5569 5570
f 5551 5550 5569
f 5767 5553 5543
f 5659 5553 5767
f 5659 5574 5553
f 5620 5551 5570
f 5637 5620 5570
f 5637 5570 5571
f 5650 5574 5659
f 5647 5574 5650
f 5552 5637 5571
f 5643 5574 5647
f 5643 5573 5574
f 5643 5552 5571
f 5643 5571 5572
f 5643 5572 5573
f 5594 5595 5602
f 5594 5596 5595
f 5598 5600 5599
f 5598 5644 5622
f 5603 5601 5549
f 5602 5582 5594
f 5604 5598 5599
f 5604 5644 5598
f 5604 5599 5606
f 5605 5593 5597
f 5606 5601 5603
f 5608 5602 5593
f 5608 5582 5602
f 5613 5606 5603
f 5612 5605 5597
f 5616 5550 5551
f 5616 5603 5550
f 5610 5597 5607
f 5610 5612 5597
f 5583 5593 5605
f 5583 5608 5593
f 5609 5604 5606
f 5611 5603 5616
f 5611 5613 5603
f 5621 5610 5607
f 5612 5583 5605
f 5613 5609 5606
f 5613 5614 5609
f 5620 5616 5551
f 5625 5621 5607
f 5617 5610 5621
f 5617 5583 5612
f 5617 5612 5610
f 5618 5625 5607
f 5619 5614 5613
f 5619 5611 5616
f 5619 5613 5611
f 5629 5607 5615
f 5629 5618 5607
f 5623 5616 5620
f 5628 5620 5637
f 5627 5615 5622
f 5624 5623 5620
f 5625 5618 5629
f 5626 5616 5623
f 5626 5619 5616
f 5630 5624 5620
f 5630 5620 5628
f 5640 5627 5622
f 5629 5633 5625
f 5629 5615 5627
f 5631 5626 5623
f 5631 5623 5624
f 5632 5640 5622
f 5633 5627 5640
f 5633 5629 5627
f 5634 5632 5622
f 5635 5624 5630
f 5635 5630 5628
f 5635 5636 5631
f 5635 5631 5624
f 5637 5552 5643
f 5641 5622 5644
f 5641 5634 5622
f 5638 5628 5637
f 5639 5644 5604
f 5639 5604 5609
f 5640 5584 5633
f 5640 5632 5634
f 5653 5638 5637
f 5642 5635 5628
f 5642 5628 5638
f 5642 5636 5635
f 5645 5653 5637
f 5646 5584 5640
f 5646 5634 5641
f 5646 5640 5634
f 5649 5644 5639
f 5651 5645 5637
f 5651 5637 5743
f 5648 5643 5647
f 5649 5639 5609
f 5652 5641 5644
f 5652 5646 5641
f 5652 5585 5646
f 5662 5614 5619
f 5662 5609 5614
f 5653 5654 5642
f 5653 5642 5638
f 5648 5647 5650
f 5660 5649 5609
f 5655 5651 5743
f 5656 5648 5650
f 5657 5652 5644
f 5657 5585 5652
f 5657 5644 5649
f 5658 5660 5609
f 5659 5656 5650
f 5750 5654 5653
f 5750 5653 5645
f 5750 5645 5651
f 5661 5609 5662
f 5661 5658 5609
f 5664 5619 5626
f 5664 5662 5619
f 5660 5585 5657
f 5660 5586 5585
f 5660 5657 5649
f 5663 5660 5658
f 5663 5586 5660
f 5663 5658 5661
f 5664 5626 5631
f 5667 5662 5664
f 5665 5667 5664
f 5666 5587 5663
f 5666 5661 5662
f 5666 5663 5661
f 5669 5664 5631
f 5669 5631 5636
f 5671 5665 5664
f 5667 5587 5666
f 5667 5666 5662
f 5668 5664 5669
f 5668 5671 5664
f 5669 5636 5642
f 5670 5668 5669
f 5671 5588 5587
f 5671 5667 5665
f 5671 5587 5667
f 5685 5670 5669
f 5674 5671 5668
f 5674 5588 5671
f 5674 5668 5670
f 5682 5669 5642
f 5682 5642 5654
f 5675 5676 5749
f 5677 5685 5669
f 5678 5683 5672
f 5678 5672 5675
f 5679 5675 5749
f 5680 5669 5682
f 5680 5677 5669
f 5681 5670 5685
f 5681 5589 5674
f 5681 5674 5670
f 5683 5675 5679
f 5683 5678 5675
f 5683 5679 5576
f 5684 5680 5682
f 5687 5673 5672
f 5692 5684 5682
f 5685 5589 5681
f 5685 5677 5680
f 5686 5692 5682
f 5690 5672 5683
f 5690 5687 5672
f 5688 5589 5685
f 5688 5680 5684
f 5688 5684 5692
f 5688 5685 5680
f 5689 5686 5682
f 5691 5683 5576
f 5691 5690 5683
f 5692 5590 5688
f 5693 5691 5576
f 5693 5690 5691
f 5761 5687 5690
f 5763 5686 5689
f 5763 5692 5686
f 5694 5690 5693
f 5694 5693 5576
f 5694 5761 5690
f 5696 5592 5695
f 5697 5592 5696
f 5699 5697 5698
f 5699 5592 5697
f 5700 5702 5701
f 5700 5575 5702
f 5710 5700 5703
f 5710 5575 5700
f 5706 5704 5705
f 5706 5705 5544
f 5706 5544 5707
f 5708 5706 5707
f 5708 5704 5706
f 5709 5704 5708
f 5709 5708 5707
f 5710 5679 5575
f 5710 5711 5679
f 5710 5716 5711
f 5712 5703 5700
f 5712 5709 5707
f 5712 5704 5709
f 5712 5700 5704
f 5713 5703 5712
f 5713 5710 5703
f 5713 5716 5710
f 5714 5713 5712
f 5716 5714 5715
f 5716 5713 5714
f 5717 5718 5716
f 5719 5716 5715
f 5719 5717 5716
f 5720 5717 5719
f 5720 5719 5715
f 5720 5715 5721
f 5721 5722 5717
f 5721 5717 5720
f 5723 5722 5721
f 5726 5715 5806
f 5726 5723 5721
f 5726 5721 5715
f 5724 5725 5723
f 5726 5724 5723
f 5728 5733 5576
f 5728 5576 5727
f 5728 5727 5724
f 5731 5726 5806
f 5731 5724 5726
f 5730 5729 5728
f 5730 5728 5724
f 5730 5724 5731
f 5731 5804 5730
f 5731 5806 5804
f 5732 5734 5733
f 5732 5728 5729
f 5732 5733 5728
f 5737 5735 5732
f 5737 5730 5736
f 5737 5729 5730
f 5737 5732 5729
f 5738 5735 5737
f 5739 5737 5736
f 5739 5738 5737
f 5740 5741 5579
f 5740 5738 5739
f 5740 5739 5736
f 5740 5736 5741
f 5740 5578 5738
f 5742 5637 5643
f 5742 5743 5637
f 5744 5643 5648
f 5744 5742 5643
f 5744 5743 5742
f 5745 5743 5744
f 5745 5748 5655
f 5745 5655 5743
f 5745 5744 5648
f 5746 5656 5659
f 5746 5748 5745
f 5746 5745 5648
f 5746 5648 5656
f 5746 5659 5575
f 5747 5750 5651
f 5747 5651 5655
f 5747 5655 5748
f 5748 5746 5575
f 5751 5750 5747
f 5751 5747 5676
f 5749 5676 5747
f 5749 5575 5679
f 5749 5747 5748
f 5749 5748 5575
f 5751 5676 5675
f 5751 5672 5750
f 5751 5675 5672
f 5752 5654 5750
f 5752 5750 5672
f 5753 5672 5673
f 5753 5673 5752
f 5753 5752 5672
f 5754 5752 5673
f 5754 5673 5687
f 5755 5654 5752
f 5755 5682 5654
f 5755 5754 5687
f 5755 5752 5754
f 5756 5682 5755
f 5756 5755 5687
f 5757 5687 5761
f 5757 5756 5687
f 5757 5682 5756
f 5758 5682 5757
f 5758 5689 5682
f 5759 5689 5758
f 5759 5757 5761
f 5759 5758 5757
f 5760 5763 5689
f 5760 5689 5759
f 5761 5694 5576
f 5761 5576 5733
f 5762 5763 5760
f 5763 5695 5591
f 5763 5591 5590
f 5763 5590 5692
f 5764 5762 5760
f 5764 5763 5762
f 5764 5695 5763
f 5764 5760 5696
f 5764 5696 5695
f 5765 5761 5733
f 5765 5759 5761
f 5766 5765 5733
f 5766 5697 5696
f 5766 5698 5697
f 5766 5759 5765
f 5766 5699 5698
f 5766 5733 5699
f 5766 5760 5759
f 5766 5696 5760
f 5702 5575 5659
f 5702 5659 5767
f 5701 5702 5767
f 5768 5767 5543
f 5700 5767 5768
f 5700 5701 5767
f 5705 5543 5544
f 5705 5768 5543
f 5704 5700 5768
f 5704 5768 5705
f 5769 5576 5679
f 5769 5679 5711
f 5707 5544 5545
f 5771 5576 5769
f 5771 5770 5576
f 5771 5769 5711
f 5771 5711 5716
f 5714 5712 5707
f 5777 5707 5545
f 5718 5771 5716
f 5772 5770 5771
f 5772 5771 5718
f 5773 5714 5707
f 5774 5777 5545
f 5775 5773 5707
f 5775 5707 5777
f 5717 5772 5718
f 5717 5722 5772
f 5778 5576 5770
f 5715 5714 5773
f 5715 5773 5775
f 5776 5774 5545
f 5727 5576 5778
f 5778 5770 5772
f 5782 5777 5774
f 5779 5727 5778
f 5780 5781 5715
f 5780 5715 5775
f 5780 5775 5777
f 5786 5776 5545
f 5786 5545 5546
f 5782 5774 5776
f 5723 5778 5772
f 5723 5772 5722
f 5725 5779 5778
f 5725 5778 5723
f 5784 5782 5776
f 5783 5786 5546
f 5784 5776 5786
f 5785 5780 5777
f 5785 5777 5782
f 5785 5781 5780
f 5724 5727 5779
f 5724 5779 5725
f 5787 5783 5546
f 5789 5786 5783
f 5788 5790 5785
f 5788 5785 5782
f 5788 5784 5786
f 5788 5782 5784
f 5796 5787 5546
f 5789 5783 5787
f 5792 5789 5787
f 5790 5786 5789
f 5790 5788 5786
f 5797 5796 5546
f 5797 5546 5547
f 5792 5787 5796
f 5793 5792 5796
f 5794 5797 5547
f 5795 5789 5792
f 5795 5790 5789
f 5795 5791 5790
f 5733 5577 5699
f 5798 5794 5547
f 5803 5797 5794
f 5808 5715 5781
f 5808 5806 5715
f 5799 5792 5793
f 5799 5800 5795
f 5799 5795 5792
f 5799 5793 5796
f 5801 5798 5547
f 5802 5577 5733
f 5802 5733 5734
f 5802 5734 5732
f 5803 5794 5798
f 5805 5578 5802
f 5805 5802 5732
f 5805 5732 5735
f 5807 5803 5798
f 5814 5801 5547
f 5814 5547 5548
f 5597 5797 5803
f 5597 5796 5797
f 5597 5800 5799
f 5597 5799 5796
f 5807 5798 5801
f 5738 5805 5735
f 5738 5578 5805
f 5808 5781 5785
f 5736 5730 5804
f 5811 5807 5801
f 5816 5806 5808
f 5820 5814 5548
f 5809 5803 5807
f 5809 5607 5597
f 5809 5597 5803
f 5810 5816 5808
f 5811 5801 5814
f 5741 5804 5806
f 5741 5736 5804
f 5812 5785 5790
f 5812 5808 5785
f 5813 5810 5808
f 5827 5820 5548
f 5818 5808 5812
f 5818 5813 5808
f 5815 5814 5820
f 5816 5741 5806
f 5816 5580 5579
f 5816 5579 5741
f 5817 5807 5811
f 5817 5607 5809
f 5817 5809 5807
f 5824 5812 5790
f 5824 5790 5791
f 5819 5827 5548
f 5821 5580 5816
f 5821 5810 5813
f 5821 5813 5818
f 5821 5816 5810
f 5826 5818 5812
f 5822 5820 5827
f 5823 5615 5607
f 5823 5607 5817
f 5823 5817 5811
f 5823 5811 5814
f 5823 5814 5815
f 5823 5815 5820
f 5824 5791 5795
f 5825 5819 5548
f 5825 5548 5549
f 5826 5812 5824
f 5828 5581 5821
f 5828 5821 5818
f 5828 5818 5826
f 5596 5826 5824
f 5598 5827 5819
f 5829 5822 5827
f 5829 5820 5822
f 5829 5615 5823
f 5829 5622 5615
f 5829 5823 5820
f 5595 5596 5824
f 5598 5819 5825
f 5830 5828 5826
f 5830 5581 5828
f 5593 5795 5800
f 5593 5824 5795
f 5600 5598 5825
f 5606 5825 5549
f 5602 5595 5824
f 5602 5824 5593
f 5599 5600 5825
f 5596 5594 5830
f 5596 5830 5826
f 5598 5829 5827
f 5598 5622 5829
f 5597 5593 5800
f 5601 5606 5549
f 5599 5825 5606
f 5862 5740 5579
f 5861 5862 5579
f 5863 5578 5740
f 5863 5740 5862
f 5860 5861 5579
f 5864 5578 5863
f 5859 5579 5580
f 5859 5860 5579
f 5865 5802 5578
f 5865 5578 5864
f 5858 5580 5821
f 5858 5859 5580
f 5858 5821 5581
f 5866 5577 5802
f 5866 5802 5865
f 5857 5581 5830
f 5857 5858 5581
f 5866 5699 5577
f 5856 5830 5594
f 5856 5857 5830
f 5831 5699 5866
f 5831 5592 5699
f 5832 5592 5831
f 5855 5594 5582
f 5855 5856 5594
f 5833 5695 5592
f 5833 5592 5832
f 5834 5695 5833
f 5834 5591 5695
f 5854 5582 5608
f 5854 5855 5582
f 5835 5591 5834
f 5583 5854 5608
f 5583 5853 5854
f 5590 5835 5836
f 5590 5591 5835
f 5583 5852 5853
f 5688 5836 5837
f 5688 5590 5836
f 5617 5851 5852
f 5617 5852 5583
f 5589 5688 5837
f 5621 5850 5851
f 5621 5851 5617
f 5589 5837 5838
f 5625 5850 5621
f 5625 5849 5850
f 5674 5589 5838
f 5674 5838 5839
f 5674 5839 5840
f 5633 5849 5625
f 5633 5848 5849
f 5588 5674 5840
f 5587 5588 5840
f 5587 5840 5841
f 5584 5848 5633
f 5584 5847 5848
f 5587 5841 5842
f 5587 5842 5843
f 5646 5847 5584
f 5646 5846 5847
f 5663 5587 5843
f 5585 5846 5646
f 5585 5845 5846
f 5586 5663 5843
f 5585 5586 5843
f 5585 5843 5844
f 5585 5844 5845

o p0013
usemtl mat_33
v -0.00675100 0.02181468 0.00493077
v -0.00675100 0.01144773 0.01919907
v -0.00697456 0.01146128 0.01920892
v -0.00719313 0.01150164 0.01923824
v -0.00740182 0.01156791 0.01928638
v -0.00759598 0.01165859 0.01935227
v -0.00777126 0.01177167 0.01943444
v -0.00792375 0.01190463 0.01953104
v -0.00805004 0.01205448 0.01963992
v -0.00814731 0.01221789 0.01975865
v -0.00821339 0.01239121 0.01988457
v -0.00824680 0.01257055 0.02001488
v -0.00824680 0.01275192 0.02014666
v -0.00821339 0.01293127 0.02027697
v -0.00814731 0.01310458 0.02040289
v -0.00805004 0.01326799 0.02052162
v -0.00792375 0.01341785 0.02063050
v -0.00777126 0.01355080 0.02072710
v -0.00759598 0.01366389 0.02080927
v -0.00740182 0.01375457 0.02087516
v -0.00719313 0.01382083 0.02092330
v -0.00697456 0.01386119 0.02095262
v -0.00675100 0.01387475 0.02096247
v -0.00652743 0.01386119 0.02095262
v -0.00630887 0.01382083 0.02092330
v -0.00610017 0.01375457 0.02087516
v -0.00590602 0.01366389 0.02080927
v -0.00573074 0.01355080 0.02072710
v -0.00557825 0.01341785 0.02063050
v -0.00545196 0.01326799 0.02052162
v -0.00535469 0.01310458 0.02040289
v -0.00528861 0.01293127 0.02027697
v -0.00525519 0.01275192 0.02014666
v -0.00525519 0.01257055 0.02001488
v -0.00528861 0.01239121 0.01988457
v -0.00535469 0.01221789 0.01975865
v -0.00545196 0.01205448 0.01963992
v -0.00557825 0.01190463 0.01953104
v -0.00573074 0.01177167 0.01943444
v -0.00590602 0.01165859 0.01935227
v -0.00610017 0.01156791 0.01928638
v -0.00630887 0.01150164 0.01923824
v -0.00652743 0.01146128 0.01920892
v -0.00652743 0.02182823 0.00494062
v -0.00630887 0.02186859 0.00496994
v -0.00610017 0.02193485 0.00501808
v -0.00590602 0.02202554 0.00508397
v -0.00573074 0.02213862 0.00516614
v -0.00557825 0.02227158 0.00526274
v -0.00545196 0.02242143 0.00537162
v -0.00535469 0.02258484 0.00549035
v -0.00528861 0.02275816 0.00561627
v -0.00525519 0.02293750 0.00574658
v -0.00525519 0.02311887 0.00587836
v -0.00528861 0.02329822 0.00600867
v -0.00535469 0.02347153 0.00613459
v -0.00545196 0.02363494 0.00625332
v -0.00557825 0.02378480 0.00636220
v -0.00573074 0.02391775 0.00645880
v -0.00590602 0.02403083 0.00654097
v -0.00610017 0.02412152 0.00660686
v -0.00630887 0.02418778 0.00665500
v -0.00652743 0.02422814 0.00668432
v -0.00675100 0.02424169 0.00669417
v -0.00697456 0.02422814 0.00668432
v -0.00719313 0.02418778 0.00665500
v -0.00740182 0.02412152 0.00660686
v -0.00759598 0.02403083 0.00654097
v -0.00777126 0.02391775 0.00645880
v -0.00792375 0.02378480 0.00636220
v -0.00805004 0.02363494 0.00625332
v -0.00814731 0.02347153 0.00613459
v -0.00821339 0.02329822 0.00600867
v -0.00824680 0.02311887 0.00587836
v -0.00824680 0.02293750 0.00574658
v -0.00821339 0.02275816 0.00561627
v -0.00814731 0.02258484 0.00549035
v -0.00805004 0.02242143 0.00537162
v -0.00792375 0.02227158 0.00526274
v -0.00777126 0.02213862 0.00516614
v -0.00759598 0.02202554 0.00508397
v -0.00740182 0.02193485 0.00501808
v -0.00719313 0.02186859 0.00496994
v -0.00697456 0.02182823 0.00494062
f 5868 5910 5867
f 5909 5911 5910
f 5909 5910 5868
f 5908 5912 5911
f 5908 5911 5909
f 5907 5912 5908
f 5907 5913 5912
f 5906 5913 5907
f 5906 5914 5913
f 5905 5914 5906
f 5905 5915 5914
f 5904 5915 5905
f 5904 5916 5915
f 5903 5916 5904
f 5903 5917 5916
f 5902 5917 5903
f 5902 5918 5917
f 5901 5918 5902
f 5901 5919 5918
f 5900 5919 5901
f 5900 5920 5919
f 5899 5920 5900
f 5899 5921 5920
f 5898 5921 5899
f 5898 5922 5921
f 5897 5922 5898
f 5897 5923 5922
f 5896 5923 5897
f 5896 5924 5923
f 5895 5924 5896
f 5895 5925 5924
f 5894 5925 5895
f 5894 5926 5925
f 5893 5926 5894
f 5893 5927 5926
f 5892 5928 5927
f 5892 5927 5893
f 5891 5929 5928
f 5891 5928 5892
f 5890 5930 5929
f 5890 5929 5891
f 5889 5930 5890
f 5888 5931 5930
f 5888 5930 5889
f 5887 5932 5931
f 5887 5933 5932
f 5887 5931 5888
f 5886 5934 5933
f 5886 5933 5887
f 5885 5934 5886
f 5884 5935 5934
f 5884 5936 5935
f 5884 5934 5885
f 5883 5936 5884
f 5882 5937 5936
f 5882 5938 5937
f 5882 5936 5883
f 5881 5938 5882
f 5880 5938 5881
f 5880 5939 5938
f 5880 5940 5939
f 5879 5940 5880
f 5879 5941 5940
f 5878 5941 5879
f 5877 5941 5878
f 5877 5942 5941
f 5877 5943 5942
f 5876 5943 5877
f 5876 5944 5943
f 5875 5944 5876
f 5875 5945 5944
f 5874 5945 5875
f 5873 5945 5874
f 5873 5946 5945
f 5873 5947 5946
f 5872 5947 5873
f 5872 5948 5947
f 5871 5948 5872
f 5871 5949 5948
f 5870 5949 5871
f 5869 5949 5870
f 5869 5950 5949
f 5868 5950 5869
f 5868 5867 5950

o p0014
usemtl mat_3
v -0.00475183 0.00849645 -0.01707521
v -0.00304644 0.00931581 -0.01767073
v -0.00142188 0.01133078 -0.01913483
v -0.00142188 0.01397236 -0.02105398
v -0.00326861 0.01617326 -0.02265293
v -0.00632091 0.01714664 -0.02336013
v -0.00951548 0.01656757 -0.02293945
v -0.01151414 0.01487659 -0.02171051
v -0.01215229 0.01364949 -0.02081918
v -0.01151414 0.01042694 -0.01847778
v -0.00600310 0.01160375 -0.01933274
v -0.00565450 0.01182866 -0.01949614
v -0.00545196 0.01204500 -0.01965332
v -0.00535469 0.01220841 -0.01977204
v -0.00527190 0.01247140 -0.01996311
v -0.00525519 0.01274245 -0.02016003
v -0.00528861 0.01292180 -0.02029033
v -0.00540332 0.01317683 -0.02047561
v -0.00565450 0.01347488 -0.02069214
v -0.00590602 0.01365444 -0.02082260
v -0.00610017 0.01374513 -0.02088849
v -0.00641815 0.01383157 -0.02095129
v -0.00675100 0.01386531 -0.02097580
v -0.00697456 0.01385175 -0.02096595
v -0.00740182 0.01374513 -0.02088849
v -0.00759598 0.01365444 -0.02082260
v -0.00793496 0.01335909 -0.02060803
v -0.00823010 0.01265177 -0.02009414
v -0.00792375 0.01189514 -0.01954444
v -0.00777126 0.01176218 -0.01944785
v -0.00759598 0.01164909 -0.01936569
v -0.00702424 0.01148175 -0.01924411
v -0.00675100 0.00927410 -0.01407361
v -0.00675100 0.01309299 -0.00774691
v -0.00593126 0.01861821 -0.00262882
v -0.00404679 0.01912967 -0.00300007
v -0.00221509 0.02047157 -0.00397542
v -0.00163119 0.02139252 -0.00464439
v -0.00126638 0.02268564 -0.00558386
v -0.00198786 0.02524299 -0.00744181
v -0.00273017 0.02616786 -0.00812047
v -0.00837215 0.02727013 -0.00891456
v -0.01017824 0.02651297 -0.00836442
v -0.01105107 0.02579248 -0.00784102
v -0.01201751 0.02433985 -0.00678563
v -0.01223562 0.02335069 -0.00606703
v -0.01201750 0.02169653 -0.00486520
v -0.01105107 0.02024385 -0.00380987
v -0.01016631 0.01951050 -0.00327764
v -0.00798480 0.01867123 -0.00266742
v -0.00113382 0.02300003 -0.01199620
v -0.00143791 0.02438706 -0.00682875
v -0.00038823 0.02170588 -0.01039981
v -0.00044324 0.02184446 -0.00917056
v -0.00158630 0.02183531 -0.01552648
v -0.00798556 0.02112355 -0.01966665
v -0.00938956 0.02000027 -0.02016759
v -0.00830956 0.02033257 -0.02032577
v -0.01050065 0.01839325 -0.02073176
v -0.00086057 0.02298718 -0.01028419
v -0.01112520 0.01550900 -0.02215174
v -0.01016561 0.02207442 -0.01734970
v -0.00221508 0.02428486 -0.01209430
v -0.01058255 0.01899776 -0.02021168
v -0.00389088 0.02365232 -0.01571769
v -0.00199205 0.02539136 -0.00756690
v -0.01174332 0.02186183 -0.01578487
v -0.00334770 0.02501079 -0.01258253
v -0.01251000 0.01785332 -0.01831841
v -0.00292011 0.02516897 -0.01154980
v -0.01194027 0.01903777 -0.01842815
v -0.01252079 0.02088675 -0.01517696
v -0.00575892 0.02448893 -0.01540220
v -0.01269271 0.01649900 -0.01877880
v -0.00371053 0.02682536 -0.00860586
v -0.00519243 0.02561224 -0.01305865
v -0.01299244 0.01961521 -0.01556547
v -0.01235518 0.01309479 -0.02040001
v -0.00393258 0.02705572 -0.00880939
v -0.00782207 0.02408552 -0.01602413
v -0.01315792 0.01629885 -0.01740133
v -0.01328515 0.01539035 -0.01673518
v -0.00434198 0.02726179 -0.00893683
v -0.01347403 0.01843642 -0.01483369
v -0.00700945 0.02577353 -0.01315193
v -0.01296887 0.01343982 -0.01664225
v -0.00607466 0.02608671 -0.01248118
v -0.01329064 0.01482468 -0.01617679
v -0.01364834 0.01743268 -0.01414988
v -0.00830956 0.02561224 -0.01305865
v -0.00710661 0.02751718 -0.00910288
v -0.00891902 0.02546546 -0.01295201
v -0.01346201 0.01560767 -0.01505539
v -0.01352937 0.01682016 -0.01222252
v -0.01176603 0.01060135 -0.01859038
v -0.01292979 0.01344774 -0.01534591
v -0.01110997 0.02375483 -0.01354690
v -0.00805322 0.02603920 -0.01234899
v -0.00967569 0.02513542 -0.01292388
v -0.01333529 0.01550608 -0.01257935
v -0.01013752 0.00906732 -0.01748893
v -0.00983350 0.02405921 -0.01487823
v -0.01232114 0.01242466 -0.01458057
v -0.00861161 0.02727948 -0.00893312
v -0.00880044 0.00851376 -0.01708656
v -0.00870206 0.00897790 -0.01560855
v -0.01106634 0.02438771 -0.01237055
v -0.00819909 0.00835172 -0.01696968
v -0.01185759 0.01195590 -0.01400625
v -0.00998265 0.02568065 -0.01129342
v -0.01265361 0.01320579 -0.01398663
v -0.01252079 0.01478318 -0.01074263
v -0.01128714 0.01138524 -0.01382542
v -0.00802663 0.00881232 -0.01554001
v -0.01050065 0.02539899 -0.01108879
v -0.01204974 0.02357420 -0.01157799
v -0.00733661 0.00820197 -0.01685877
v -0.01138139 0.02457925 -0.01117401
v -0.01251000 0.02293692 -0.01132115
v -0.01267869 0.02256427 -0.01160710
v -0.01128710 0.02565543 -0.00775924
v -0.01339999 0.02058939 -0.01130911
v -0.01315430 0.02154538 -0.01010402
v -0.01246069 0.02342533 -0.00965490
v -0.01280465 0.02267487 -0.00973884
v -0.01328515 0.02067001 -0.00946806
v -0.01340493 0.01864633 -0.00978780
v -0.01329064 0.01996413 -0.00910266
v -0.01305875 0.02184447 -0.00917054
v -0.00952397 0.01224108 -0.00991641
v -0.01052316 0.01316704 -0.00956849
v -0.01233980 0.02318373 -0.00595468
v -0.00902595 0.01175136 -0.01030667
v -0.00923072 0.01100956 -0.01169790
v -0.01299733 0.01891089 -0.00819004
v -0.00885671 0.01195348 -0.00991874
v -0.00711341 0.01080876 -0.01108770
v -0.01283391 0.01853456 -0.00791662
v -0.01293658 0.02053010 -0.00755148
v -0.01236623 0.01646614 -0.00836046
v -0.00799530 0.01214053 -0.00926124
v -0.01263930 0.01817492 -0.00765535
v -0.01295468 0.01953326 -0.00773067
v -0.01204969 0.01737534 -0.00707444
v -0.00959231 0.01340619 -0.00839302
v -0.01194543 0.02129102 -0.00458487
v -0.01137883 0.01686810 -0.00647958
v -0.00878175 0.01324312 -0.00811108
v -0.00800219 0.01295070 -0.00817939
v -0.01202871 0.01810503 -0.00644174
v -0.00799824 0.01326053 -0.00778923
v -0.00839516 0.01430575 -0.00670227
v -0.00907463 0.01897419 -0.00288947
v -0.00880304 0.01777864 -0.00363545
v -0.00823543 0.01769258 -0.00348459
v -0.00802663 0.01750038 -0.00358143
v -0.00737915 0.01856164 -0.00259195
v -0.00517220 0.00912967 -0.01490808
v -0.00547537 0.00881232 -0.01554001
v -0.00588999 0.00875076 -0.01549528
v -0.00366212 0.01032343 -0.01365076
v -0.00420989 0.00902834 -0.01611805
v -0.00429664 0.00896714 -0.01624518
v -0.00312802 0.00964866 -0.01635642
v -0.00186806 0.01120999 -0.01516655
v -0.00322643 0.00979532 -0.01567363
v -0.00339572 0.00978543 -0.01536661
v -0.00520929 0.00990699 -0.01314649
v -0.00510684 0.01079307 -0.01153727
v -0.00311741 0.01079326 -0.01330668
v -0.00316509 0.01110653 -0.01269807
v -0.00221095 0.01139987 -0.01373970
v -0.00119796 0.01383789 -0.01147343
v -0.00336619 0.01145992 -0.01169042
v -0.00364080 0.01198464 -0.01061643
v -0.00422794 0.01180055 -0.01042289
v -0.00253424 0.01231810 -0.01142685
v -0.00229946 0.01282465 -0.01097095
v -0.00219128 0.01328975 -0.01039329
v -0.00297883 0.01316704 -0.00956849
v -0.00333505 0.01318665 -0.00914956
v -0.00382594 0.01431003 -0.00736506
v -0.00422794 0.01355730 -0.00800484
v -0.00231761 0.01445666 -0.00870552
v -0.00530669 0.01371416 -0.00728744
v -0.00520929 0.01556235 -0.00536224
v -0.00366212 0.01617063 -0.00560244
v -0.00280125 0.01548972 -0.00695453
v -0.00270718 0.01537151 -0.00721694
v -0.00517220 0.01699746 -0.00407855
v -0.00654390 0.01676047 -0.00399762
v -0.00547537 0.01750038 -0.00358143
v -0.00467012 0.01769342 -0.00372168
v -0.00221129 0.01784405 -0.00560003
v -0.00348030 0.01729705 -0.00475956
v -0.00406221 0.01803976 -0.00377649
v -0.00322643 0.01793126 -0.00447501
v -0.00328991 0.01953894 -0.00330277
v -0.00155063 0.01851035 -0.00608410
v -0.01037398 0.00964866 -0.01635642
v -0.01089817 0.01024061 -0.01579843
v -0.00980527 0.00949303 -0.01564794
v -0.01002169 0.00986994 -0.01498252
v -0.00833206 0.00936779 -0.01435448
v -0.01062372 0.01144371 -0.01238926
v -0.00908524 0.00965286 -0.01419194
v -0.00835492 0.01030603 -0.01238705
v -0.01168063 0.01291777 -0.01157340
v -0.01062277 0.01179468 -0.01179816
v -0.01137849 0.01335990 -0.01041726
v -0.01071579 0.01298406 -0.01005165
v -0.01071579 0.01356999 -0.00924514
v -0.01120253 0.01439503 -0.00880942
v -0.01096775 0.01467206 -0.00818677
v -0.01062277 0.01486342 -0.00757422
v -0.01093338 0.01567781 -0.00706982
v -0.01000562 0.01583191 -0.00603902
v -0.01002169 0.01729705 -0.00475956
v -0.00868067 0.01465581 -0.00639454
v -0.01027556 0.01793126 -0.00447501
v -0.01072614 0.01811504 -0.00473251
v -0.00980527 0.01781341 -0.00419546
v -0.00826944 0.01603738 -0.00491156
v -0.00833206 0.01654456 -0.00447610
v -0.00560272 0.00829206 -0.01692570
v -0.00481519 0.00879500 -0.01612012
v -0.00550375 0.01150378 -0.01020728
v -0.00549664 0.01235107 -0.00897568
v -0.00534480 0.01134508 -0.01047903
v -0.00433499 0.01237664 -0.00948375
v -0.00145230 0.01209568 -0.01434156
v -0.00081266 0.01271515 -0.01660655
v -0.00099202 0.01273298 -0.01459840
v -0.00056541 0.01352435 -0.01719445
v -0.00085907 0.01266935 -0.01570640
v -0.00513116 0.01323959 -0.00790635
v -0.00486496 0.01338201 -0.00787748
v -0.00081658 0.01349207 -0.01351838
v -0.00034155 0.01578210 -0.01146836
v -0.00038822 0.01396406 -0.01551980
v -0.00056541 0.01513983 -0.01836812
v -0.00021135 0.01482468 -0.01617680
v -0.00002797 0.01586692 -0.01296695
v -0.00033876 0.01468702 -0.01725242
v -0.00081267 0.01594905 -0.01895602
v -0.00003998 0.01560767 -0.01505539
v -0.00031708 0.01600917 -0.01732907
v 0.00014634 0.01743266 -0.01414990
v 0.00002737 0.01884977 -0.01369706
v -0.00057221 0.01692155 -0.01786969
v -0.00086266 0.01749495 -0.01826420
v -0.00221140 0.01782596 -0.02031962
v -0.00016671 0.01891653 -0.01505713
v -0.00105435 0.01720251 -0.01893256
v -0.00144367 0.01754668 -0.01942449
v -0.00300134 0.01839325 -0.02073176
v -0.00081655 0.01864588 -0.01726269
v -0.00098121 0.02088675 -0.01517696
v -0.00351935 0.01867490 -0.02093639
v -0.00530290 0.01871762 -0.00270160
v -0.00205688 0.01878819 -0.01935855
v -0.00164441 0.01701323 -0.00704513
v -0.00481519 0.01804674 -0.00338567
v -0.00146589 0.01685055 -0.00741399
v -0.00289450 0.01946334 -0.01970941
v -0.00047033 0.01761318 -0.00901454
v -0.00239202 0.02022288 -0.01840840
v -0.00066808 0.01853456 -0.00791662
v -0.00382630 0.02005704 -0.01991395
v -0.00003998 0.01913962 -0.01019389
v -0.00050467 0.01891089 -0.00819004
v -0.00441107 0.01947752 -0.02082452
v -0.00519243 0.02033257 -0.02032577
v -0.00093805 0.01890007 -0.00700382
v -0.00371356 0.02093238 -0.01892386
v -0.00031707 0.01966075 -0.00859052
v -0.00705438 0.01939523 -0.02145972
v -0.00544877 0.01978961 -0.02095117
v -0.00150238 0.02139306 -0.00466599
v -0.00627406 0.02047096 -0.02042631
v -0.00485348 0.02129724 -0.01918893
v -0.00010200 0.02058939 -0.01130911
v -0.00856311 0.01913726 -0.02137093
v -0.00022843 0.02055599 -0.00921446
v -0.00653285 0.01992231 -0.02100468
v -0.00056541 0.02053010 -0.00755148
v -0.00601695 0.02148550 -0.01932571
v -0.00116162 0.02284294 -0.00571006
v -0.00697456 0.02181817 -0.00495364
v -0.00719313 0.02185853 -0.00498296
v -0.00740182 0.02192480 -0.00503110
v -0.00759598 0.02201549 -0.00509699
v -0.00784750 0.02219505 -0.00522744
v -0.00805004 0.02241139 -0.00538462
v -0.00814731 0.02257480 -0.00550334
v -0.00821339 0.02274812 -0.00562926
v -0.00824680 0.02292747 -0.00575956
v -0.00824680 0.02310885 -0.00589133
v -0.00821339 0.02328820 -0.00602163
v -0.00814731 0.02346152 -0.00614755
v -0.00805004 0.02362493 -0.00626627
v -0.00777126 0.02390775 -0.00647174
v -0.00759598 0.02402084 -0.00655390
v -0.00740182 0.02411153 -0.00661979
v -0.00719313 0.02417779 -0.00666793
v -0.00697456 0.02421815 -0.00669725
v -0.00652743 0.02421815 -0.00669725
v -0.00630887 0.02417779 -0.00666793
v -0.00610017 0.02411153 -0.00661979
v -0.00590602 0.02402084 -0.00655390
v -0.00573074 0.02390775 -0.00647174
v -0.00557825 0.02377479 -0.00637515
v -0.00540332 0.02354323 -0.00620691
v -0.00527190 0.02319853 -0.00595648
v -0.00525519 0.02292747 -0.00575956
v -0.00528861 0.02274812 -0.00562926
v -0.00535469 0.02257480 -0.00550334
v -0.00545196 0.02241139 -0.00538462
v -0.00557825 0.02226153 -0.00527574
v -0.00573074 0.02212857 -0.00517915
v -0.00590602 0.02201549 -0.00509699
v -0.00610017 0.02192480 -0.00503110
v -0.00630887 0.02185853 -0.00498296
v -0.00652743 0.02181817 -0.00495364
f 5970 5955 5969
f 5968 5969 5955
f 5968 5955 5954
f 5971 5955 5970
f 5972 5956 5955
f 5972 5955 5971
f 5967 5968 5954
f 5966 5967 5954
f 5973 5956 5972
f 5965 5954 5953
f 5965 5966 5954
f 5974 5956 5973
f 5975 5957 5956
f 5975 5956 5974
f 5964 5965 5953
f 5963 5964 5953
f 5976 5957 5975
f 5962 5953 5952
f 5962 5963 5953
f 5977 5957 5976
f 6011 5957 5977
f 5952 5961 5962
f 5958 6011 5977
f 5951 5961 5952
f 5959 5977 5978
f 5959 5958 5977
f 6175 5961 5951
f 6067 5961 6175
f 6067 5982 5961
f 6028 5959 5978
f 6045 6028 5978
f 6045 5978 5979
f 6058 5982 6067
f 6055 5982 6058
f 5960 6045 5979
f 6051 5982 6055
f 6051 5981 5982
f 6051 5960 5979
f 6051 5979 5980
f 6051 5980 5981
f 6002 6003 6010
f 6002 6004 6003
f 6006 6008 6007
f 6006 6052 6030
f 6011 6009 5957
f 6010 5990 6002
f 6012 6006 6007
f 6012 6052 6006
f 6012 6007 6014
f 6013 6001 6005
f 6014 6009 6011
f 6016 6010 6001
f 6016 5990 6010
f 6021 6014 6011
f 6020 6013 6005
f 6024 5958 5959
f 6024 6011 5958
f 6018 6005 6015
f 6018 6020 6005
f 5991 6001 6013
f 5991 6016 6001
f 6017 6012 6014
f 6019 6011 6024
f 6019 6021 6011
f 6029 6018 6015
f 6020 5991 6013
f 6021 6017 6014
f 6021 6022 6017
f 6028 6024 5959
f 6033 6029 6015
f 6025 6018 6029
f 6025 5991 6020
f 6025 6020 6018
f 6026 6033 6015
f 6027 6022 6021
f 6027 6019 6024
f 6027 6021 6019
f 6037 6015 6023
f 6037 6026 6015
f 6031 6024 6028
f 6036 6028 6045
f 6035 6023 6030
f 6032 6031 6028
f 6033 6026 6037
f 6034 6024 6031
f 6034 6027 6024
f 6038 6032 6028
f 6038 6028 6036
f 6048 6035 6030
f 6037 6041 6033
f 6037 6023 6035
f 6039 6034 6031
f 6039 6031 6032
f 6040 6048 6030
f 6041 6035 6048
f 6041 6037 6035
f 6042 6040 6030
f 6043 6032 6038
f 6043 6038 6036
f 6043 6044 6039
f 6043 6039 6032
f 6045 5960 6051
f 6049 6030 6052
f 6049 6042 6030
f 6046 6036 6045
f 6047 6052 6012
f 6047 6012 6017
f 6048 5992 6041
f 6048 6040 6042
f 6061 6046 6045
f 6050 6043 6036
f 6050 6036 6046
f 6050 6044 6043
f 6053 6061 6045
f 6054 5992 6048
f 6054 6042 6049
f 6054 6048 6042
f 6057 6052 6047
f 6059 6053 6045
f 6059 6045 6151
f 6056 6051 6055
f 6057 6047 6017
f 6060 6049 6052
f 6060 6054 6049
f 6060 5993 6054
f 6070 6022 6027
f 6070 6017 6022
f 6061 6062 6050
f 6061 6050 6046
f 6056 6055 6058
f 6068 6057 6017
f 6063 6059 6151
f 6064 6056 6058
f 6065 6060 6052
f 6065 5993 6060
f 6065 6052 6057
f 6066 6068 6017
f 6067 6064 6058
f 6158 6062 6061
f 6158 6061 6053
f 6158 6053 6059
f 6069 6017 6070
f 6069 6066 6017
f 6072 6027 6034
f 6072 6070 6027
f 6068 5993 6065
f 6068 5994 5993
f 6068 6065 6057
f 6071 6068 6066
f 6071 5994 6068
f 6071 6066 6069
f 6072 6034 6039
f 6075 6070 6072
f 6073 6075 6072
f 6074 5995 6071
f 6074 6069 6070
f 6074 6071 6069
f 6077 6072 6039
f 6077 6039 6044
f 6079 6073 6072
f 6075 5995 6074
f 6075 6074 6070
f 6076 6072 6077
f 6076 6079 6072
f 6077 6044 6050
f 6078 6076 6077
f 6079 5996 5995
f 6079 6075 6073
f 6079 5995 6075
f 6093 6078 6077
f 6082 6079 6076
f 6082 5996 6079
f 6082 6076 6078
f 6090 6077 6050
f 6090 6050 6062
f 6083 6084 6157
f 6085 6093 6077
f 6086 6091 6080
f 6086 6080 6083
f 6087 6083 6157
f 6088 6077 6090
f 6088 6085 6077
f 6089 6078 6093
f 6089 5997 6082
f 6089 6082 6078
f 6091 6083 6087
f 6091 6086 6083
f 6091 6087 5984
f 6092 6088 6090
f 6095 6081 6080
f 6100 6092 6090
f 6093 5997 6089
f 6093 6085 6088
f 6094 6100 6090
f 6098 6080 6091
f 6098 6095 6080
f 6096 5997 6093
f 6096 6088 6092
f 6096 6092 6100
f 6096 6093 6088
f 6097 6094 6090
f 6099 6091 5984
f 6099 6098 6091
f 6100 5998 6096
f 6101 6099 5984
f 6101 6098 6099
f 6169 6095 6098
f 6171 6094 6097
f 6171 6100 6094
f 6102 6098 6101
f 6102 6101 5984
f 6102 6169 6098
f 6104 6000 6103
f 6105 6000 6104
f 6107 6105 6106
f 6107 6000 6105
f 6108 6110 6109
f 6108 5983 6110
f 6118 6108 6111
f 6118 5983 6108
f 6114 6112 6113
f 6114 6113 5952
f 6114 5952 6115
f 6116 6114 6115
f 6116 6112 6114
f 6117 6112 6116
f 6117 6116 6115
f 6118 6087 5983
f 6118 6119 6087
f 6118 6124 6119
f 6120 6111 6108
f 6120 6117 6115
f 6120 6112 6117
f 6120 6108 6112
f 6121 6111 6120
f 6121 6118 6111
f 6121 6124 6118
f 6122 6121 6120
f 6124 6122 6123
f 6124 6121 6122
f 6125 6126 6124
f 6127 6124 6123
f 6127 6125 6124
f 6128 6125 6127
f 6128 6127 6123
f 6128 6123 6129
f 6129 6130 6125
f 6129 6125 6128
f 6131 6130 6129
f 6134 6123 6214
f 6134 6131 6129
f 6134 6129 6123
f 6132 6133 6131
f 6134 6132 6131
f 6136 6141 5984
f 6136 5984 6135
f 6136 6135 6132
f 6139 6134 6214
f 6139 6132 6134
f 6138 6137 6136
f 6138 6136 6132
f 6138 6132 6139
f 6139 6212 6138
f 6139 6214 6212
f 6140 6142 6141
f 6140 6136 6137
f 6140 6141 6136
f 6145 6143 6140
f 6145 6138 6144
f 6145 6137 6138
f 6145 6140 6137
f 6146 6143 6145
f 6147 6145 6144
f 6147 6146 6145
f 6148 6149 5987
f 6148 6146 6147
f 6148 6147 6144
f 6148 6144 6149
f 6148 5986 6146
f 6150 6045 6051
f 6150 6151 6045
f 6152 6051 6056
f 6152 6150 6051
f 6152 6151 6150
f 6153 6151 6152
f 6153 6156 6063
f 6153 6063 6151
f 6153 6152 6056
f 6154 6064 6067
f 6154 6156 6153
f 6154 6153 6056
f 6154 6056 6064
f 6154 6067 5983
f 6155 6158 6059
f 6155 6059 6063
f 6155 6063 6156
f 6156 6154 5983
f 6159 6158 6155
f 6159 6155 6084
f 6157 6084 6155
f 6157 5983 6087
f 6157 6155 6156
f 6157 6156 5983
f 6159 6084 6083
f 6159 6080 6158
f 6159 6083 6080
f 6160 6062 6158
f 6160 6158 6080
f 6161 6080 6081
f 6161 6081 6160
f 6161 6160 6080
f 6162 6160 6081
f 6162 6081 6095
f 6163 6062 6160
f 6163 6090 6062
f 6163 6162 6095
f 6163 6160 6162
f 6164 6090 6163
f 6164 6163 6095
f 6165 6095 6169
f 6165 6164 6095
f 6165 6090 6164
f 6166 6090 6165
f 6166 6097 6090
f 6167 6097 6166
f 6167 6165 6169
f 6167 6166 6165
f 6168 6171 6097
f 6168 6097 6167
f 6169 6102 5984
f 6169 5984 6141
f 6170 6171 6168
f 6171 6103 5999
f 6171 5999 5998
f 6171 5998 6100
f 6172 6170 6168
f 6172 6171 6170
f 6172 6103 6171
f 6172 6168 6104
f 6172 6104 6103
f 6173 6169 6141
f 6173 6167 6169
f 6174 6173 6141
f 6174 6105 6104
f 6174 6106 6105
f 6174 6167 6173
f 6174 6107 6106
f 6174 6141 6107
f 6174 6168 6167
f 6174 6104 6168
f 6110 5983 6067
f 6110 6067 6175
f 6109 6110 6175
f 6176 6175 5951
f 6108 6175 6176
f 6108 6109 6175
f 6113 5951 5952
f 6113 6176 5951
f 6112 6108 6176
f 6112 6176 6113
f 6177 5984 6087
f 6177 6087 6119
f 6115 5952 5953
f 6179 5984 6177
f 6179 6178 5984
f 6179 6177 6119
f 6179 6119 6124
f 6122 6120 6115
f 6185 6115 5953
f 6126 6179 6124
f 6180 6178 6179
f 6180 6179 6126
f 6181 6122 6115
f 6182 6185 5953
f 6183 6181 6115
f 6183 6115 6185
f 6125 6180 6126
f 6125 6130 6180
f 6186 5984 6178
f 6123 6122 6181
f 6123 6181 6183
f 6184 6182 5953
f 6135 5984 6186
f 6186 6178 6180
f 6190 6185 6182
f 6187 6135 6186
f 6188 6189 6123
f 6188 6123 6183
f 6188 6183 6185
f 6194 6184 5953
f 6194 5953 5954
f 6190 6182 6184
f 6131 6186 6180
f 6131 6180 6130
f 6133 6187 6186
f 6133 6186 6131
f 6192 6190 6184
f 6191 6194 5954
f 6192 6184 6194
f 6193 6188 6185
f 6193 6185 6190
f 6193 6189 6188
f 6132 6135 6187
f 6132 6187 6133
f 6195 6191 5954
f 6197 6194 6191
f 6196 6198 6193
f 6196 6193 6190
f 6196 6192 6194
f 6196 6190 6192
f 6204 6195 5954
f 6197 6191 6195
f 6200 6197 6195
f 6198 6194 6197
f 6198 6196 6194
f 6205 6204 5954
f 6205 5954 5955
f 6200 6195 6204
f 6201 6200 6204
f 6202 6205 5955
f 6203 6197 6200
f 6203 6198 6197
f 6203 6199 6198
f 6141 5985 6107
f 6206 6202 5955
f 6211 6205 6202
f 6216 6123 6189
f 6216 6214 6123
f 6207 6200 6201
f 6207 6208 6203
f 6207 6203 6200
f 6207 6201 6204
f 6209 6206 5955
f 6210 5985 6141
f 6210 6141 6142
f 6210 6142 6140
f 6211 6202 6206
f 6213 5986 6210
f 6213 6210 6140
f 6213 6140 6143
f 6215 6211 6206
f 6222 6209 5955
f 6222 5955 5956
f 6005 6205 6211
f 6005 6204 6205
f 6005 6208 6207
f 6005 6207 6204
f 6215 6206 6209
f 6146 6213 6143
f 6146 5986 6213
f 6216 6189 6193
f 6144 6138 6212
f 6219 6215 6209
f 6224 6214 6216
f 6228 6222 5956
f 6217 6211 6215
f 6217 6015 6005
f 6217 6005 6211
f 6218 6224 6216
f 6219 6209 6222
f 6149 6212 6214
f 6149 6144 6212
f 6220 6193 6198
f 6220 6216 6193
f 6221 6218 6216
f 6235 6228 5956
f 6226 6216 6220
f 6226 6221 6216
f 6223 6222 6228
f 6224 6149 6214
f 6224 5988 5987
f 6224 5987 6149
f 6225 6215 6219
f 6225 6015 6217
f 6225 6217 6215
f 6232 6220 6198
f 6232 6198 6199
f 6227 6235 5956
f 6229 5988 6224
f 6229 6218 6221
f 6229 6221 6226
f 6229 6224 6218
f 6234 6226 6220
f 6230 6228 6235
f 6231 6023 6015
f 6231 6015 6225
f 6231 6225 6219
f 6231 6219 6222
f 6231 6222 6223
f 6231 6223 6228
f 6232 6199 6203
f 6233 6227 5956
f 6233 5956 5957
f 6234 6220 6232
f 6236 5989 6229
f 6236 6229 6226
f 6236 6226 6234
f 6004 6234 6232
f 6006 6235 6227
f 6237 6230 6235
f 6237 6228 6230
f 6237 6023 6231
f 6237 6030 6023
f 6237 6231 6228
f 6003 6004 6232
f 6006 6227 6233
f 6238 6236 6234
f 6238 5989 6236
f 6001 6203 6208
f 6001 6232 6203
f 6008 6006 6233
f 6014 6233 5957
f 6010 6003 6232
f 6010 6232 6001
f 6007 6008 6233
f 6004 6002 6238
f 6004 6238 6234
f 6006 6237 6235
f 6006 6030 6237
f 6005 6001 6208
f 6009 6014 5957
f 6007 6233 6014
f 6270 6148 5987
f 6269 6270 5987
f 6271 5986 6148
f 6271 6148 6270
f 6268 6269 5987
f 6272 5986 6271
f 6267 5987 5988
f 6267 6268 5987
f 6273 6210 5986
f 6273 5986 6272
f 6266 5988 6229
f 6266 6267 5988
f 6266 6229 5989
f 6274 5985 6210
f 6274 6210 6273
f 6265 5989 6238
f 6265 6266 5989
f 6274 6107 5985
f 6264 6238 6002
f 6264 6265 6238
f 6239 6107 6274
f 6239 6000 6107
f 6240 6000 6239
f 6263 6002 5990
f 6263 6264 6002
f 6241 6103 6000
f 6241 6000 6240
f 6242 6103 6241
f 6242 5999 6103
f 6262 5990 6016
f 6262 6263 5990
f 6243 5999 6242
f 5991 6262 6016
f 5991 6261 6262
f 5998 6243 6244
f 5998 5999 6243
f 5991 6260 6261
f 6096 6244 6245
f 6096 5998 6244
f 6025 6259 6260
f 6025 6260 5991
f 5997 6096 6245
f 6029 6258 6259
f 6029 6259 6025
f 5997 6245 6246
f 6033 6258 6029
f 6033 6257 6258
f 6082 5997 6246
f 6082 6246 6247
f 6082 6247 6248
f 6041 6257 6033
f 6041 6256 6257
f 5996 6082 6248
f 5995 5996 6248
f 5995 6248 6249
f 5992 6256 6041
f 5992 6255 6256
f 5995 6249 6250
f 5995 6250 6251
f 6054 6255 5992
f 6054 6254 6255
f 6071 5995 6251
f 5993 6254 6054
f 5993 6253 6254
f 5994 6071 6251
f 5993 5994 6251
f 5993 6251 6252
f 5993 6252 6253

o p0015
usemtl mat_33
v -0.00675100 0.01143822 -0.01921249
v -0.00675100 0.02180462 -0.00494379
v -0.00697456 0.02181817 -0.00495364
v -0.00719313 0.02185853 -0.00498296
v -0.00740182 0.02192480 -0.00503110
v -0.00759598 0.02201549 -0.00509699
v -0.00777126 0.02212857 -0.00517915
v -0.00792375 0.02226153 -0.00527574
v -0.00805004 0.02241139 -0.00538462
v -0.00814731 0.02257481 -0.00550334
v -0.00821339 0.02274812 -0.00562926
v -0.00824680 0.02292747 -0.00575956
v -0.00824680 0.02310885 -0.00589133
v -0.00821339 0.02328820 -0.00602163
v -0.00814731 0.02346152 -0.00614755
v -0.00805004 0.02362493 -0.00626627
v -0.00792375 0.02377479 -0.00637515
v -0.00777126 0.02390775 -0.00647174
v -0.00759598 0.02402084 -0.00655390
v -0.00740182 0.02411153 -0.00661979
v -0.00719313 0.02417779 -0.00666793
v -0.00697456 0.02421815 -0.00669725
v -0.00675100 0.02423170 -0.00670710
v -0.00652743 0.02421815 -0.00669725
v -0.00630887 0.02417779 -0.00666793
v -0.00610017 0.02411153 -0.00661979
v -0.00590602 0.02402084 -0.00655390
v -0.00573074 0.02390775 -0.00647174
v -0.00557825 0.02377479 -0.00637515
v -0.00545196 0.02362493 -0.00626627
v -0.00535469 0.02346152 -0.00614755
v -0.00528861 0.02328820 -0.00602163
v -0.00525519 0.02310885 -0.00589133
v -0.00525519 0.02292747 -0.00575956
v -0.00528861 0.02274812 -0.00562926
v -0.00535469 0.02257481 -0.00550334
v -0.00545196 0.02241139 -0.00538462
v -0.00557825 0.02226153 -0.00527574
v -0.00573074 0.02212857 -0.00517915
v -0.00590602 0.02201549 -0.00509699
v -0.00610017 0.02192480 -0.00503110
v -0.00630887 0.02185853 -0.00498296
v -0.00652743 0.02181817 -0.00495364
v -0.00652743 0.01145178 -0.01922234
v -0.00630887 0.01149214 -0.01925166
v -0.00610017 0.01155840 -0.01929980
v -0.00590602 0.01164909 -0.01936569
v -0.00573074 0.01176218 -0.01944785
v -0.00557825 0.01189513 -0.01954444
v -0.00545196 0.01204500 -0.01965332
v -0.00535469 0.01220841 -0.01977204
v -0.00528861 0.01238173 -0.01989796
v -0.00525519 0.01256108 -0.02002826
v -0.00525519 0.01274245 -0.02016003
v -0.00528861 0.01292180 -0.02029033
v -0.00535469 0.01309512 -0.02041625
v -0.00545196 0.01325854 -0.02053497
v -0.00557825 0.01340840 -0.02064385
v -0.00573074 0.01354136 -0.02074044
v -0.00590602 0.01365444 -0.02082260
v -0.00610017 0.01374513 -0.02088849
v -0.00630887 0.01381139 -0.02093663
v -0.00652743 0.01385175 -0.02096595
v -0.00675100 0.01386531 -0.02097580
v -0.00697456 0.01385175 -0.02096595
v -0.00719313 0.01381139 -0.02093663
v -0.00740182 0.01374513 -0.02088849
v -0.00759598 0.01365444 -0.02082260
v -0.00777126 0.01354136 -0.02074044
v -0.00792375 0.01340840 -0.02064385
v -0.00805004 0.01325854 -0.02053497
v -0.00814731 0.01309512 -0.02041625
v -0.00821339 0.01292180 -0.02029033
v -0.00824680 0.01274245 -0.02016003
v -0.00824680 0.01256108 -0.02002826
v -0.00821339 0.01238173 -0.01989796
v -0.00814731 0.01220841 -0.01977204
v -0.00805004 0.01204500 -0.01965332
v -0.00792375 0.01189513 -0.01954444
v -0.00777126 0.01176218 -0.01944785
v -0.00759598 0.01164909 -0.01936569
v -0.00740182 0.01155840 -0.01929980
v -0.00719313 0.01149214 -0.01925166
v -0.00697456 0.01145178 -0.01922234
f 6276 6318 6275
f 6317 6319 6318
f 6317 6318 6276
f 6316 6320 6319
f 6316 6319 6317
f 6315 6320 6316
f 6315 6321 6320
f 6314 6321 6315
f 6314 6322 6321
f 6313 6322 6314
f 6313 6323 6322
f 6312 6323 6313
f 6312 6324 6323
f 6311 6324 6312
f 6311 6325 6324
f 6310 6325 6311
f 6310 6326 6325
f 6309 6326 6310
f 6309 6327 6326
f 6308 6327 6309
f 6308 6328 6327
f 6307 6328 6308
f 6307 6329 6328
f 6306 6329 6307
f 6306 6330 6329
f 6305 6330 6306
f 6305 6331 6330
f 6304 6331 6305
f 6304 6332 6331
f 6303 6332 6304
f 6303 6333 6332
f 6302 6333 6303
f 6302 6334 6333
f 6301 6334 6302
f 6301 6335 6334
f 6300 6336 6335
f 6300 6335 6301
f 6299 6337 6336
f 6299 6336 6300
f 6298 6338 6337
f 6298 6337 6299
f 6297 6338 6298
f 6296 6339 6338
f 6296 6338 6297
f 6295 6340 6339
f 6295 6341 6340
f 6295 6339 6296
f 6294 6342 6341
f 6294 6341 6295
f 6293 6342 6294
f 6292 6343 6342
f 6292 6344 6343
f 6292 6342 6293
f 6291 6344 6292
f 6290 6345 6344
f 6290 6346 6345
f 6290 6344 6291
f 6289 6346 6290
f 6288 6346 6289
f 6288 6347 6346
f 6288 6348 6347
f 6287 6348 6288
f 6287 6349 6348
f 6286 6349 6287
f 6285 6349 6286
f 6285 6350 6349
f 6285 6351 6350
f 6284 6351 6285
f 6284 6352 6351
f 6283 6352 6284
f 6283 6353 6352
f 6282 6353 6283
f 6281 6353 6282
f 6281 6354 6353
f 6281 6355 6354
f 6280 6355 6281
f 6280 6356 6355
f 6279 6356 6280
f 6279 6357 6356
f 6278 6357 6279
f 6277 6357 6278
f 6277 6358 6357
f 6276 6358 6277
f 6276 6275 6358

o p0016
usemtl mat_3
v -0.00875018 -0.01689222 -0.00881256
v -0.01045556 -0.01790514 -0.00881278
v -0.01208011 -0.02039585 -0.00881299
v -0.01208012 -0.02366099 -0.00881306
v -0.01023339 -0.02638139 -0.00881308
v -0.00718109 -0.02758455 -0.00881313
v -0.00398652 -0.02686880 -0.00881314
v -0.00198786 -0.02477843 -0.00881275
v -0.00134970 -0.02326176 -0.00881287
v -0.00198786 -0.01927843 -0.00881264
v -0.00718819 -0.02061108 -0.00881267
v -0.00784750 -0.02101102 -0.00881268
v -0.00805004 -0.02127843 -0.00881268
v -0.00814731 -0.02148042 -0.00881269
v -0.00823010 -0.02180549 -0.00881269
v -0.00824680 -0.02214052 -0.00881270
v -0.00821339 -0.02236221 -0.00881270
v -0.00809867 -0.02267743 -0.00881271
v -0.00784750 -0.02304583 -0.00881272
v -0.00759598 -0.02326778 -0.00881272
v -0.00740182 -0.02337988 -0.00881272
v -0.00708385 -0.02348673 -0.00881272
v -0.00675100 -0.02352843 -0.00881273
v -0.00652743 -0.02351167 -0.00881272
v -0.00620452 -0.02342083 -0.00881272
v -0.00590602 -0.02326778 -0.00881272
v -0.00552891 -0.02286163 -0.00881271
v -0.00528025 -0.02208385 -0.00881270
v -0.00546647 -0.02128680 -0.00881268
v -0.00573074 -0.02092885 -0.00881268
v -0.00590602 -0.02078907 -0.00881267
v -0.00663922 -0.02053680 -0.00881267
v -0.00675100 -0.01575717 -0.00592708
v -0.00675100 -0.01512826 0.00143602
v -0.00757073 -0.01659020 0.00882424
v -0.00945520 -0.01722220 0.00882450
v -0.01128691 -0.01888111 0.00882411
v -0.01187080 -0.02001939 0.00882418
v -0.01223562 -0.02161775 0.00882415
v -0.01151414 -0.02477877 0.00882409
v -0.01077182 -0.02592591 0.00881862
v -0.00512984 -0.02728442 0.00882404
v -0.00332376 -0.02634850 0.00882410
v -0.00245093 -0.02545796 0.00882407
v -0.00148449 -0.02366242 0.00882414
v -0.00126638 -0.02243978 0.00882413
v -0.00148449 -0.02039512 0.00882422
v -0.00245093 -0.01859957 0.00882421
v -0.00333568 -0.01769346 0.00882377
v -0.00551719 -0.01665578 0.00882418
v -0.01236818 -0.02564098 0.00382110
v -0.01206408 -0.02372596 0.00881699
v -0.01311377 -0.02365568 0.00435200
v -0.01305876 -0.02304530 0.00542796
v -0.01191569 -0.02677362 0.00028039
v -0.00551643 -0.02863117 -0.00348751
v -0.00411243 -0.02801683 -0.00455300
v -0.00519243 -0.02837865 -0.00448567
v -0.00300134 -0.02704828 -0.00595398
v -0.01264143 -0.02462435 0.00519862
v -0.00237679 -0.02554939 -0.00879802
v -0.00333638 -0.02803867 -0.00105415
v -0.01128692 -0.02673812 0.00449690
v -0.00291944 -0.02723166 -0.00517792
v -0.00961112 -0.02835603 0.00119366
v -0.01150995 -0.02497232 0.00881009
v -0.00175868 -0.02694694 0.00008691
v -0.01015430 -0.02761237 0.00452856
v -0.00099200 -0.02519301 -0.00431883
v -0.01058188 -0.02713337 0.00545707
v -0.00156172 -0.02621576 -0.00371146
v -0.00098121 -0.02580076 0.00000565
v -0.00774308 -0.02884745 0.00194062
v -0.00080928 -0.02436789 -0.00548730
v -0.00979147 -0.02674314 0.00881236
v -0.00830956 -0.02837882 0.00449687
v -0.00050956 -0.02500038 -0.00105602
v -0.00114681 -0.02256662 -0.00879977
v -0.00956943 -0.02704913 0.00878309
v -0.00567993 -0.02888662 0.00120035
v -0.00034408 -0.02339635 -0.00449052
v -0.00021685 -0.02226980 -0.00448555
v -0.00916003 -0.02729075 0.00880111
v -0.00002797 -0.02361658 -0.00115682
v -0.00649255 -0.02856414 0.00451620
v -0.00053313 -0.02063713 -0.00555680
v -0.00742733 -0.02842327 0.00524296
v -0.00021135 -0.02148396 -0.00436626
v 0.00014634 -0.02240261 -0.00119355
v -0.00519243 -0.02837882 0.00449687
v -0.00639538 -0.02759497 0.00881687
v -0.00458298 -0.02819740 0.00449687
v -0.00003998 -0.02145832 -0.00299880
v 0.00002737 -0.02077424 0.00000575
v -0.00173597 -0.01948572 -0.00880124
v -0.00057221 -0.01988161 -0.00450335
v -0.00239202 -0.02716307 0.00301015
v -0.00544877 -0.02830714 0.00532198
v -0.00382632 -0.02791385 0.00432565
v -0.00016670 -0.01992083 -0.00105529
v -0.00336447 -0.01759724 -0.00881175
v -0.00366849 -0.02819182 0.00211196
v -0.00118085 -0.01860406 -0.00448548
v -0.00489038 -0.02730289 0.00881451
v -0.00470155 -0.01691290 -0.00881157
v -0.00479993 -0.01641970 -0.00734300
v -0.00243564 -0.02698368 0.00433386
v -0.00530292 -0.01671309 -0.00881225
v -0.00164442 -0.01788725 -0.00429634
v -0.00351935 -0.02739665 0.00596522
v -0.00084839 -0.01888694 -0.00354585
v -0.00098121 -0.01825643 0.00000579
v -0.00221485 -0.01731929 -0.00448545
v -0.00547537 -0.01624545 -0.00738487
v -0.00300134 -0.02704851 0.00596523
v -0.00145226 -0.02585971 0.00449691
v -0.00616538 -0.01652676 -0.00881053
v -0.00212060 -0.02643539 0.00541447
v -0.00099199 -0.02519316 0.00433014
v -0.00082331 -0.02505974 0.00387977
v -0.00221489 -0.02529902 0.00880968
v -0.00010200 -0.02328684 0.00296011
v -0.00034770 -0.02335198 0.00449696
v -0.00104131 -0.02460896 0.00596527
v -0.00069735 -0.02405115 0.00545627
v -0.00021685 -0.02226998 0.00449698
v -0.00009706 -0.02082067 0.00304887
v -0.00021135 -0.02148413 0.00437773
v -0.00044324 -0.02304530 0.00542798
v -0.00397803 -0.01571416 -0.00081989
v -0.00297883 -0.01625881 0.00000583
v -0.00116220 -0.02223867 0.00881690
v -0.00447604 -0.01554734 -0.00142347
v -0.00427128 -0.01576489 -0.00298502
v -0.00050467 -0.02009562 0.00449703
v -0.00464529 -0.01548286 -0.00099081
v -0.00638859 -0.01524379 -0.00260937
v -0.00066808 -0.01963045 0.00449703
v -0.00056541 -0.02103031 0.00596534
v -0.00113576 -0.01821789 0.00292224
v -0.00550670 -0.01524773 -0.00034894
v -0.00086270 -0.01918593 0.00449704
v -0.00054731 -0.02032914 0.00523447
v -0.00145230 -0.01819760 0.00449706
v -0.00390968 -0.01576141 0.00109740
v -0.00155657 -0.01990229 0.00881268
v -0.00212317 -0.01743758 0.00468019
v -0.00472025 -0.01546376 0.00122964
v -0.00549981 -0.01526733 0.00100251
v -0.00147328 -0.01841608 0.00543782
v -0.00550375 -0.01528868 0.00150027
v -0.00510684 -0.01549544 0.00299400
v -0.00442737 -0.01703140 0.00882260
v -0.00469896 -0.01650261 0.00751639
v -0.00526656 -0.01634431 0.00758784
v -0.00547537 -0.01624573 0.00739653
v -0.00612286 -0.01652276 0.00882083
v -0.00832980 -0.01613078 -0.00668707
v -0.00802663 -0.01624545 -0.00738487
v -0.00761201 -0.01616935 -0.00738487
v -0.00983988 -0.01635758 -0.00496823
v -0.00929212 -0.01675997 -0.00772555
v -0.00920535 -0.01678518 -0.00786439
v -0.01037398 -0.01740192 -0.00755382
v -0.01163393 -0.01796575 -0.00567349
v -0.01027556 -0.01711927 -0.00691521
v -0.01010628 -0.01693082 -0.00667263
v -0.00829271 -0.01572428 -0.00480502
v -0.00839516 -0.01549533 -0.00298230
v -0.01038458 -0.01653546 -0.00441374
v -0.01033690 -0.01643120 -0.00373720
v -0.01129105 -0.01728075 -0.00440750
v -0.01230404 -0.01792118 -0.00114106
v -0.01013580 -0.01612485 -0.00271426
v -0.00986120 -0.01591813 -0.00153696
v -0.00927406 -0.01565544 -0.00148858
v -0.01096775 -0.01666424 -0.00199663
v -0.01120253 -0.01680611 -0.00133006
v -0.01131071 -0.01684286 -0.00058935
v -0.01052316 -0.01625881 0.00000583
v -0.01016695 -0.01602844 0.00035629
v -0.00967606 -0.01588846 0.00246029
v -0.00927406 -0.01565550 0.00150026
v -0.01118439 -0.01679495 0.00146199
v -0.00819531 -0.01536076 0.00217286
v -0.00829271 -0.01572447 0.00481672
v -0.00983988 -0.01635777 0.00497989
v -0.01070075 -0.01660158 0.00348579
v -0.01079482 -0.01666018 0.00320402
v -0.00832980 -0.01613104 0.00669876
v -0.00695811 -0.01589174 0.00662495
v -0.00802663 -0.01624573 0.00739653
v -0.00883188 -0.01648434 0.00739653
v -0.01129070 -0.01771022 0.00596541
v -0.01002169 -0.01677368 0.00632386
v -0.00943979 -0.01679676 0.00755572
v -0.01027556 -0.01711954 0.00692684
v -0.01021209 -0.01773122 0.00882016
v -0.01195137 -0.01853379 0.00596539
v -0.00312802 -0.01740192 -0.00755382
v -0.00260381 -0.01755289 -0.00675445
v -0.00369673 -0.01685961 -0.00707210
v -0.00348031 -0.01677344 -0.00631222
v -0.00516994 -0.01599804 -0.00609925
v -0.00287828 -0.01652248 -0.00328918
v -0.00441676 -0.01613315 -0.00580019
v -0.00514707 -0.01560075 -0.00395608
v -0.00182136 -0.01723554 -0.00176274
v -0.00287923 -0.01645901 -0.00260467
v -0.00212351 -0.01691370 -0.00056752
v -0.00278620 -0.01639474 -0.00049261
v -0.00278620 -0.01639476 0.00050427
v -0.00229946 -0.01680616 0.00134170
v -0.00253424 -0.01666432 0.00200828
v -0.00287923 -0.01645911 0.00261633
v -0.00256862 -0.01682152 0.00350307
v -0.00349637 -0.01634033 0.00442758
v -0.00348031 -0.01677368 0.00632386
v -0.00482133 -0.01559778 0.00344870
v -0.00322643 -0.01711954 0.00692684
v -0.00277586 -0.01741957 0.00682654
v -0.00369673 -0.01685988 0.00708375
v -0.00523256 -0.01584390 0.00546053
v -0.00516994 -0.01599828 0.00611093
v -0.00789927 -0.01663898 -0.00881173
v -0.00868680 -0.01657240 -0.00786438
v -0.00799824 -0.01528862 -0.00148857
v -0.00800535 -0.01525023 0.00000585
v -0.00815720 -0.01531994 -0.00180168
v -0.00916701 -0.01556954 -0.00039017
v -0.01204969 -0.01819743 -0.00448547
v -0.01268933 -0.02002987 -0.00595384
v -0.01250998 -0.01886398 -0.00431869
v -0.01293658 -0.02103008 -0.00595386
v -0.01264293 -0.01946374 -0.00525249
v -0.00837084 -0.01534058 0.00139319
v -0.00863704 -0.01543883 0.00150027
v -0.01268542 -0.01884333 -0.00299875
v -0.01316045 -0.01949115 0.00000577
v -0.01311377 -0.02040153 -0.00434056
v -0.01293658 -0.02302689 -0.00595390
v -0.01329064 -0.02148396 -0.00436627
v -0.01347403 -0.02044058 -0.00115679
v -0.01316324 -0.02200479 -0.00531740
v -0.01268933 -0.02402712 -0.00595392
v -0.01346201 -0.02145832 -0.00299880
v -0.01318492 -0.02311952 -0.00460232
v -0.01364834 -0.02240261 -0.00119357
v -0.01352937 -0.02328295 0.00000570
v -0.01292978 -0.02417542 -0.00450344
v -0.01263933 -0.02487120 -0.00448560
v -0.01129060 -0.02634708 -0.00595396
v -0.01333528 -0.02413634 -0.00105541
v -0.01244764 -0.02502744 -0.00519821
v -0.01205833 -0.02559501 -0.00539391
v -0.01050065 -0.02704828 -0.00595398
v -0.01268544 -0.02521370 -0.00299887
v -0.01252079 -0.02580076 0.00000565
v -0.00998265 -0.02739641 -0.00595398
v -0.00819910 -0.01671341 0.00882379
v -0.01144511 -0.02656069 -0.00461086
v -0.01185759 -0.01788743 0.00430795
v -0.00868680 -0.01657271 0.00787604
v -0.01203611 -0.01797260 0.00391390
v -0.01060749 -0.02731314 -0.00449790
v -0.01303167 -0.01953032 0.00306722
v -0.01110997 -0.02716295 -0.00299891
v -0.01283391 -0.01963045 0.00449703
v -0.00967569 -0.02791368 -0.00431443
v -0.01346201 -0.02145844 0.00301027
v -0.01299733 -0.02009562 0.00449703
v -0.00909093 -0.02798000 -0.00539174
v -0.00830956 -0.02837865 -0.00448567
v -0.01256394 -0.01938967 0.00545036
v -0.00978844 -0.02803993 -0.00299893
v -0.01318492 -0.02093767 0.00461375
v -0.00644761 -0.02828678 -0.00595400
v -0.00805323 -0.02830694 -0.00531076
v -0.01199962 -0.02003252 0.00880702
v -0.00722794 -0.02854970 -0.00448567
v -0.00864852 -0.02849091 -0.00299894
v -0.01340000 -0.02328684 0.00296011
v -0.00493889 -0.02802588 -0.00603379
v -0.01327356 -0.02202868 0.00463514
v -0.00696914 -0.02844575 -0.00527607
v -0.01293658 -0.02103031 0.00596534
v -0.00748505 -0.02872361 -0.00299894
v -0.01234037 -0.02181918 0.00881450
v -0.00652743 -0.02054552 0.00882417
v -0.00630887 -0.02059541 0.00882417
v -0.00610017 -0.02067731 0.00882416
v -0.00590602 -0.02078941 0.00882416
v -0.00565450 -0.02101136 0.00882416
v -0.00545196 -0.02127877 0.00882415
v -0.00535469 -0.02148076 0.00882415
v -0.00528861 -0.02169499 0.00882415
v -0.00525519 -0.02191667 0.00882414
v -0.00525519 -0.02214086 0.00882414
v -0.00528861 -0.02236255 0.00882413
v -0.00535469 -0.02257678 0.00882413
v -0.00557825 -0.02296400 0.00882412
v -0.00573074 -0.02312835 0.00882412
v -0.00590602 -0.02326813 0.00882412
v -0.00610017 -0.02338022 0.00882411
v -0.00630887 -0.02346213 0.00882411
v -0.00652743 -0.02351201 0.00882411
v -0.00686278 -0.02352039 0.00882411
v -0.00719313 -0.02346213 0.00882411
v -0.00740182 -0.02338022 0.00882411
v -0.00759598 -0.02326813 0.00882412
v -0.00777126 -0.02312835 0.00882412
v -0.00792375 -0.02296400 0.00882412
v -0.00809867 -0.02267777 0.00882413
v -0.00821339 -0.02236255 0.00882413
v -0.00824680 -0.02191667 0.00882414
v -0.00821339 -0.02169499 0.00882415
v -0.00814731 -0.02148076 0.00882415
v -0.00805004 -0.02127877 0.00882415
v -0.00792375 -0.02109353 0.00882416
v -0.00777126 -0.02092919 0.00882416
v -0.00759598 -0.02078941 0.00882416
v -0.00740182 -0.02067731 0.00882416
v -0.00719313 -0.02059541 0.00882417
v -0.00686278 -0.02053714 0.00882417
f 6378 6363 6377
f 6376 6377 6363
f 6376 6363 6362
f 6379 6363 6378
f 6380 6364 6363
f 6380 6363 6379
f 6375 6376 6362
f 6374 6375 6362
f 6381 6364 6380
f 6373 6362 6361
f 6373 6374 6362
f 6382 6364 6381
f 6383 6365 6364
f 6383 6364 6382
f 6372 6373 6361
f 6371 6372 6361
f 6384 6365 6383
f 6370 6361 6360
f 6370 6371 6361
f 6385 6365 6384
f 6419 6365 6385
f 6360 6369 6370
f 6366 6419 6385
f 6359 6369 6360
f 6367 6385 6386
f 6367 6366 6385
f 6583 6369 6359
f 6475 6369 6583
f 6475 6390 6369
f 6436 6367 6386
f 6453 6436 6386
f 6453 6386 6387
f 6466 6390 6475
f 6463 6390 6466
f 6368 6453 6387
f 6459 6390 6463
f 6459 6389 6390
f 6459 6368 6387
f 6459 6387 6388
f 6459 6388 6389
f 6410 6411 6418
f 6410 6412 6411
f 6414 6416 6415
f 6414 6460 6438
f 6419 6417 6365
f 6418 6398 6410
f 6420 6414 6415
f 6420 6460 6414
f 6420 6415 6422
f 6421 6409 6413
f 6422 6417 6419
f 6424 6418 6409
f 6424 6398 6418
f 6429 6422 6419
f 6428 6421 6413
f 6432 6366 6367
f 6432 6419 6366
f 6426 6413 6423
f 6426 6428 6413
f 6399 6409 6421
f 6399 6424 6409
f 6425 6420 6422
f 6427 6419 6432
f 6427 6429 6419
f 6437 6426 6423
f 6428 6399 6421
f 6429 6425 6422
f 6429 6430 6425
f 6436 6432 6367
f 6441 6437 6423
f 6433 6426 6437
f 6433 6399 6428
f 6433 6428 6426
f 6434 6441 6423
f 6435 6430 6429
f 6435 6427 6432
f 6435 6429 6427
f 6445 6423 6431
f 6445 6434 6423
f 6439 6432 6436
f 6444 6436 6453
f 6443 6431 6438
f 6440 6439 6436
f 6441 6434 6445
f 6442 6432 6439
f 6442 6435 6432
f 6446 6440 6436
f 6446 6436 6444
f 6456 6443 6438
f 6445 6449 6441
f 6445 6431 6443
f 6447 6442 6439
f 6447 6439 6440
f 6448 6456 6438
f 6449 6443 6456
f 6449 6445 6443
f 6450 6448 6438
f 6451 6440 6446
f 6451 6446 6444
f 6451 6452 6447
f 6451 6447 6440
f 6453 6368 6459
f 6457 6438 6460
f 6457 6450 6438
f 6454 6444 6453
f 6455 6460 6420
f 6455 6420 6425
f 6456 6400 6449
f 6456 6448 6450
f 6469 6454 6453
f 6458 6451 6444
f 6458 6444 6454
f 6458 6452 6451
f 6461 6469 6453
f 6462 6400 6456
f 6462 6450 6457
f 6462 6456 6450
f 6465 6460 6455
f 6467 6461 6453
f 6467 6453 6559
f 6464 6459 6463
f 6465 6455 6425
f 6468 6457 6460
f 6468 6462 6457
f 6468 6401 6462
f 6478 6430 6435
f 6478 6425 6430
f 6469 6470 6458
f 6469 6458 6454
f 6464 6463 6466
f 6476 6465 6425
f 6471 6467 6559
f 6472 6464 6466
f 6473 6468 6460
f 6473 6401 6468
f 6473 6460 6465
f 6474 6476 6425
f 6475 6472 6466
f 6566 6470 6469
f 6566 6469 6461
f 6566 6461 6467
f 6477 6425 6478
f 6477 6474 6425
f 6480 6435 6442
f 6480 6478 6435
f 6476 6401 6473
f 6476 6402 6401
f 6476 6473 6465
f 6479 6476 6474
f 6479 6402 6476
f 6479 6474 6477
f 6480 6442 6447
f 6483 6478 6480
f 6481 6483 6480
f 6482 6403 6479
f 6482 6477 6478
f 6482 6479 6477
f 6485 6480 6447
f 6485 6447 6452
f 6487 6481 6480
f 6483 6403 6482
f 6483 6482 6478
f 6484 6480 6485
f 6484 6487 6480
f 6485 6452 6458
f 6486 6484 6485
f 6487 6404 6403
f 6487 6483 6481
f 6487 6403 6483
f 6501 6486 6485
f 6490 6487 6484
f 6490 6404 6487
f 6490 6484 6486
f 6498 6485 6458
f 6498 6458 6470
f 6491 6492 6565
f 6493 6501 6485
f 6494 6499 6488
f 6494 6488 6491
f 6495 6491 6565
f 6496 6485 6498
f 6496 6493 6485
f 6497 6486 6501
f 6497 6405 6490
f 6497 6490 6486
f 6499 6491 6495
f 6499 6494 6491
f 6499 6495 6392
f 6500 6496 6498
f 6503 6489 6488
f 6508 6500 6498
f 6501 6405 6497
f 6501 6493 6496
f 6502 6508 6498
f 6506 6488 6499
f 6506 6503 6488
f 6504 6405 6501
f 6504 6496 6500
f 6504 6500 6508
f 6504 6501 6496
f 6505 6502 6498
f 6507 6499 6392
f 6507 6506 6499
f 6508 6406 6504
f 6509 6507 6392
f 6509 6506 6507
f 6577 6503 6506
f 6579 6502 6505
f 6579 6508 6502
f 6510 6506 6509
f 6510 6509 6392
f 6510 6577 6506
f 6512 6408 6511
f 6513 6408 6512
f 6515 6513 6514
f 6515 6408 6513
f 6516 6518 6517
f 6516 6391 6518
f 6526 6516 6519
f 6526 6391 6516
f 6522 6520 6521
f 6522 6521 6360
f 6522 6360 6523
f 6524 6522 6523
f 6524 6520 6522
f 6525 6520 6524
f 6525 6524 6523
f 6526 6495 6391
f 6526 6527 6495
f 6526 6532 6527
f 6528 6519 6516
f 6528 6525 6523
f 6528 6520 6525
f 6528 6516 6520
f 6529 6519 6528
f 6529 6526 6519
f 6529 6532 6526
f 6530 6529 6528
f 6532 6530 6531
f 6532 6529 6530
f 6533 6534 6532
f 6535 6532 6531
f 6535 6533 6532
f 6536 6533 6535
f 6536 6535 6531
f 6536 6531 6537
f 6537 6538 6533
f 6537 6533 6536
f 6539 6538 6537
f 6542 6531 6622
f 6542 6539 6537
f 6542 6537 6531
f 6540 6541 6539
f 6542 6540 6539
f 6544 6549 6392
f 6544 6392 6543
f 6544 6543 6540
f 6547 6542 6622
f 6547 6540 6542
f 6546 6545 6544
f 6546 6544 6540
f 6546 6540 6547
f 6547 6620 6546
f 6547 6622 6620
f 6548 6550 6549
f 6548 6544 6545
f 6548 6549 6544
f 6553 6551 6548
f 6553 6546 6552
f 6553 6545 6546
f 6553 6548 6545
f 6554 6551 6553
f 6555 6553 6552
f 6555 6554 6553
f 6556 6557 6395
f 6556 6554 6555
f 6556 6555 6552
f 6556 6552 6557
f 6556 6394 6554
f 6558 6453 6459
f 6558 6559 6453
f 6560 6459 6464
f 6560 6558 6459
f 6560 6559 6558
f 6561 6559 6560
f 6561 6564 6471
f 6561 6471 6559
f 6561 6560 6464
f 6562 6472 6475
f 6562 6564 6561
f 6562 6561 6464
f 6562 6464 6472
f 6562 6475 6391
f 6563 6566 6467
f 6563 6467 6471
f 6563 6471 6564
f 6564 6562 6391
f 6567 6566 6563
f 6567 6563 6492
f 6565 6492 6563
f 6565 6391 6495
f 6565 6563 6564
f 6565 6564 6391
f 6567 6492 6491
f 6567 6488 6566
f 6567 6491 6488
f 6568 6470 6566
f 6568 6566 6488
f 6569 6488 6489
f 6569 6489 6568
f 6569 6568 6488
f 6570 6568 6489
f 6570 6489 6503
f 6571 6470 6568
f 6571 6498 6470
f 6571 6570 6503
f 6571 6568 6570
f 6572 6498 6571
f 6572 6571 6503
f 6573 6503 6577
f 6573 6572 6503
f 6573 6498 6572
f 6574 6498 6573
f 6574 6505 6498
f 6575 6505 6574
f 6575 6573 6577
f 6575 6574 6573
f 6576 6579 6505
f 6576 6505 6575
f 6577 6510 6392
f 6577 6392 6549
f 6578 6579 6576
f 6579 6511 6407
f 6579 6407 6406
f 6579 6406 6508
f 6580 6578 6576
f 6580 6579 6578
f 6580 6511 6579
f 6580 6576 6512
f 6580 6512 6511
f 6581 6577 6549
f 6581 6575 6577
f 6582 6581 6549
f 6582 6513 6512
f 6582 6514 6513
f 6582 6575 6581
f 6582 6515 6514
f 6582 6549 6515
f 6582 6576 6575
f 6582 6512 6576
f 6518 6391 6475
f 6518 6475 6583
f 6517 6518 6583
f 6584 6583 6359
f 6516 6583 6584
f 6516 6517 6583
f 6521 6359 6360
f 6521 6584 6359
f 6520 6516 6584
f 6520 6584 6521
f 6585 6392 6495
f 6585 6495 6527
f 6523 6360 6361
f 6587 6392 6585
f 6587 6586 6392
f 6587 6585 6527
f 6587 6527 6532
f 6530 6528 6523
f 6593 6523 6361
f 6534 6587 6532
f 6588 6586 6587
f 6588 6587 6534
f 6589 6530 6523
f 6590 6593 6361
f 6591 6589 6523
f 6591 6523 6593
f 6533 6588 6534
f 6533 6538 6588
f 6594 6392 6586
f 6531 6530 6589
f 6531 6589 6591
f 6592 6590 6361
f 6543 6392 6594
f 6594 6586 6588
f 6598 6593 6590
f 6595 6543 6594
f 6596 6597 6531
f 6596 6531 6591
f 6596 6591 6593
f 6602 6592 6361
f 6602 6361 6362
f 6598 6590 6592
f 6539 6594 6588
f 6539 6588 6538
f 6541 6595 6594
f 6541 6594 6539
f 6600 6598 6592
f 6599 6602 6362
f 6600 6592 6602
f 6601 6596 6593
f 6601 6593 6598
f 6601 6597 6596
f 6540 6543 6595
f 6540 6595 6541
f 6603 6599 6362
f 6605 6602 6599
f 6604 6606 6601
f 6604 6601 6598
f 6604 6600 6602
f 6604 6598 6600
f 6612 6603 6362
f 6605 6599 6603
f 6608 6605 6603
f 6606 6602 6605
f 6606 6604 6602
f 6613 6612 6362
f 6613 6362 6363
f 6608 6603 6612
f 6609 6608 6612
f 6610 6613 6363
f 6611 6605 6608
f 6611 6606 6605
f 6611 6607 6606
f 6549 6393 6515
f 6614 6610 6363
f 6619 6613 6610
f 6624 6531 6597
f 6624 6622 6531
f 6615 6608 6609
f 6615 6616 6611
f 6615 6611 6608
f 6615 6609 6612
f 6617 6614 6363
f 6618 6393 6549
f 6618 6549 6550
f 6618 6550 6548
f 6619 6610 6614
f 6621 6394 6618
f 6621 6618 6548
f 6621 6548 6551
f 6623 6619 6614
f 6630 6617 6363
f 6630 6363 6364
f 6413 6613 6619
f 6413 6612 6613
f 6413 6616 6615
f 6413 6615 6612
f 6623 6614 6617
f 6554 6621 6551
f 6554 6394 6621
f 6624 6597 6601
f 6552 6546 6620
f 6627 6623 6617
f 6632 6622 6624
f 6636 6630 6364
f 6625 6619 6623
f 6625 6423 6413
f 6625 6413 6619
f 6626 6632 6624
f 6627 6617 6630
f 6557 6620 6622
f 6557 6552 6620
f 6628 6601 6606
f 6628 6624 6601
f 6629 6626 6624
f 6643 6636 6364
f 6634 6624 6628
f 6634 6629 6624
f 6631 6630 6636
f 6632 6557 6622
f 6632 6396 6395
f 6632 6395 6557
f 6633 6623 6627
f 6633 6423 6625
f 6633 6625 6623
f 6640 6628 6606
f 6640 6606 6607
f 6635 6643 6364
f 6637 6396 6632
f 6637 6626 6629
f 6637 6629 6634
f 6637 6632 6626
f 6642 6634 6628
f 6638 6636 6643
f 6639 6431 6423
f 6639 6423 6633
f 6639 6633 6627
f 6639 6627 6630
f 6639 6630 6631
f 6639 6631 6636
f 6640 6607 6611
f 6641 6635 6364
f 6641 6364 6365
f 6642 6628 6640
f 6644 6397 6637
f 6644 6637 6634
f 6644 6634 6642
f 6412 6642 6640
f 6414 6643 6635
f 6645 6638 6643
f 6645 6636 6638
f 6645 6431 6639
f 6645 6438 6431
f 6645 6639 6636
f 6411 6412 6640
f 6414 6635 6641
f 6646 6644 6642
f 6646 6397 6644
f 6409 6611 6616
f 6409 6640 6611
f 6416 6414 6641
f 6422 6641 6365
f 6418 6411 6640
f 6418 6640 6409
f 6415 6416 6641
f 6412 6410 6646
f 6412 6646 6642
f 6414 6645 6643
f 6414 6438 6645
f 6413 6409 6616
f 6417 6422 6365
f 6415 6641 6422
f 6678 6556 6395
f 6677 6678 6395
f 6679 6394 6556
f 6679 6556 6678
f 6676 6677 6395
f 6680 6394 6679
f 6675 6395 6396
f 6675 6676 6395
f 6681 6618 6394
f 6681 6394 6680
f 6674 6396 6637
f 6674 6675 6396
f 6674 6637 6397
f 6682 6393 6618
f 6682 6618 6681
f 6673 6397 6646
f 6673 6674 6397
f 6682 6515 6393
f 6672 6646 6410
f 6672 6673 6646
f 6647 6515 6682
f 6647 6408 6515
f 6648 6408 6647
f 6671 6410 6398
f 6671 6672 6410
f 6649 6511 6408
f 6649 6408 6648
f 6650 6511 6649
f 6650 6407 6511
f 6670 6398 6424
f 6670 6671 6398
f 6651 6407 6650
f 6399 6670 6424
f 6399 6669 6670
f 6406 6651 6652
f 6406 6407 6651
f 6399 6668 6669
f 6504 6652 6653
f 6504 6406 6652
f 6433 6667 6668
f 6433 6668 6399
f 6405 6504 6653
f 6437 6666 6667
f 6437 6667 6433
f 6405 6653 6654
f 6441 6666 6437
f 6441 6665 6666
f 6490 6405 6654
f 6490 6654 6655
f 6490 6655 6656
f 6449 6665 6441
f 6449 6664 6665
f 6404 6490 6656
f 6403 6404 6656
f 6403 6656 6657
f 6400 6664 6449
f 6400 6663 6664
f 6403 6657 6658
f 6403 6658 6659
f 6462 6663 6400
f 6462 6662 6663
f 6479 6403 6659
f 6401 6662 6462
f 6401 6661 6662
f 6402 6479 6659
f 6401 6402 6659
f 6401 6659 6660
f 6401 6660 6661

o p0017
usemtl mat_33
v -0.00675100 -0.02052843 -0.00881267
v -0.00675100 -0.02052877 0.00882417
v -0.00652743 -0.02054552 0.00882417
v -0.00630887 -0.02059541 0.00882417
v -0.00610017 -0.02067731 0.00882417
v -0.00590602 -0.02078941 0.00882416
v -0.00573074 -0.02092919 0.00882416
v -0.00557825 -0.02109353 0.00882416
v -0.00545196 -0.02127877 0.00882415
v -0.00535469 -0.02148076 0.00882415
v -0.00528861 -0.02169499 0.00882415
v -0.00525519 -0.02191667 0.00882414
v -0.00525519 -0.02214086 0.00882414
v -0.00528861 -0.02236255 0.00882413
v -0.00535469 -0.02257678 0.00882413
v -0.00545196 -0.02277877 0.00882412
v -0.00557825 -0.02296400 0.00882412
v -0.00573074 -0.02312834 0.00882412
v -0.00590602 -0.02326813 0.00882412
v -0.00610017 -0.02338022 0.00882411
v -0.00630887 -0.02346213 0.00882411
v -0.00652743 -0.02351201 0.00882411
v -0.00675100 -0.02352877 0.00882411
v -0.00697456 -0.02351201 0.00882411
v -0.00719313 -0.02346213 0.00882411
v -0.00740182 -0.02338022 0.00882411
v -0.00759598 -0.02326813 0.00882412
v -0.00777126 -0.02312834 0.00882412
v -0.00792375 -0.02296400 0.00882412
v -0.00805004 -0.02277877 0.00882412
v -0.00814731 -0.02257678 0.00882413
v -0.00821339 -0.02236255 0.00882413
v -0.00824680 -0.02214086 0.00882414
v -0.00824680 -0.02191667 0.00882414
v -0.00821339 -0.02169499 0.00882415
v -0.00814731 -0.02148076 0.00882415
v -0.00805004 -0.02127877 0.00882415
v -0.00792375 -0.02109353 0.00882416
v -0.00777126 -0.02092919 0.00882416
v -0.00759598 -0.02078941 0.00882416
v -0.00740182 -0.02067731 0.00882417
v -0.00719313 -0.02059541 0.00882417
v -0.00697456 -0.02054552 0.00882417
v -0.00697456 -0.02054518 -0.00881267
v -0.00719313 -0.02059507 -0.00881267
v -0.00740182 -0.02067697 -0.00881267
v -0.00759598 -0.02078907 -0.00881267
v -0.00777126 -0.02092885 -0.00881268
v -0.00792375 -0.02109319 -0.00881268
v -0.00805004 -0.02127843 -0.00881268
v -0.00814731 -0.02148041 -0.00881269
v -0.00821339 -0.02169464 -0.00881269
v -0.00824680 -0.02191633 -0.00881269
v -0.00824680 -0.02214052 -0.00881270
v -0.00821339 -0.02236221 -0.00881270
v -0.00814731 -0.02257644 -0.00881271
v -0.00805004 -0.02277843 -0.00881271
v -0.00792375 -0.02296366 -0.00881271
v -0.00777126 -0.02312800 -0.00881272
v -0.00759598 -0.02326778 -0.00881272
v -0.00740182 -0.02337988 -0.00881272
v -0.00719313 -0.02346179 -0.00881272
v -0.00697456 -0.02351167 -0.00881273
v -0.00675100 -0.02352843 -0.00881273
v -0.00652743 -0.02351167 -0.00881273
v -0.00630887 -0.02346179 -0.00881272
v -0.00610017 -0.02337988 -0.00881272
v -0.00590602 -0.02326778 -0.00881272
v -0.00573074 -0.02312800 -0.00881272
v -0.00557825 -0.02296366 -0.00881271
v -0.00545196 -0.02277843 -0.00881271
v -0.00535469 -0.02257644 -0.00881271
v -0.00528861 -0.02236221 -0.00881270
v -0.00525519 -0.02214052 -0.00881270
v -0.00525519 -0.02191633 -0.00881269
v -0.00528861 -0.02169464 -0.00881269
v -0.00535469 -0.02148041 -0.00881269
v -0.00545196 -0.02127843 -0.00881268
v -0.00557825 -0.02109319 -0.00881268
v -0.00573074 -0.02092885 -0.00881268
v -0.00590602 -0.02078907 -0.00881267
v -0.00610017 -0.02067697 -0.00881267
v -0.00630887 -0.02059507 -0.00881267
v -0.00652743 -0.02054518 -0.00881267
f 6684 6726 6683
f 6725 6727 6726
f 6725 6726 6684
f 6724 6728 6727
f 6724 6727 6725
f 6723 6728 6724
f 6723 6729 6728
f 6722 6729 6723
f 6722 6730 6729
f 6721 6730 6722
f 6721 6731 6730
f 6720 6731 6721
f 6720 6732 6731
f 6719 6732 6720
f 6719 6733 6732
f 6718 6733 6719
f 6718 6734 6733
f 6717 6734 6718
f 6717 6735 6734
f 6716 6735 6717
f 6716 6736 6735
f 6715 6736 6716
f 6715 6737 6736
f 6714 6737 6715
f 6714 6738 6737
f 6713 6738 6714
f 6713 6739 6738
f 6712 6739 6713
f 6712 6740 6739
f 6711 6740 6712
f 6711 6741 6740
f 6710 6741 6711
f 6710 6742 6741
f 6709 6742 6710
f 6709 6743 6742
f 6708 6744 6743
f 6708 6743 6709
f 6707 6745 6744
f 6707 6744 6708
f 6706 6746 6745
f 6706 6745 6707
f 6705 6746 6706
f 6704 6747 6746
f 6704 6746 6705
f 6703 6748 6747
f 6703 6749 6748
f 6703 6747 6704
f 6702 6750 6749
f 6702 6749 6703
f 6701 6750 6702
f 6700 6751 6750
f 6700 6752 6751
f 6700 6750 6701
f 6699 6752 6700
f 6698 6753 6752
f 6698 6754 6753
f 6698 6752 6699
f 6697 6754 6698
f 6696 6754 6697
f 6696 6755 6754
f 6696 6756 6755
f 6695 6756 6696
f 6695 6757 6756
f 6694 6757 6695
f 6693 6757 6694
f 6693 6758 6757
f 6693 6759 6758
f 6692 6759 6693
f 6692 6760 6759
f 6691 6760 6692
f 6691 6761 6760
f 6690 6761 6691
f 6689 6761 6690
f 6689 6762 6761
f 6689 6763 6762
f 6688 6763 6689
f 6688 6764 6763
f 6687 6764 6688
f 6687 6765 6764
f 6686 6765 6687
f 6685 6765 6686
f 6685 6766 6765
f 6684 6766 6685
f 6684 6683 6766

o p0018
usemtl mat_3
v -0.00875018 0.00316770 -0.01879783
v -0.01045556 0.00285490 -0.01976123
v -0.01208011 0.00208543 -0.02213011
v -0.01208012 0.00107651 -0.02523546
v -0.01023339 0.00023588 -0.02782272
v -0.00718109 -0.00013587 -0.02896701
v -0.00398651 0.00008532 -0.02828630
v -0.00198786 0.00073091 -0.02629811
v -0.00134970 0.00119969 -0.02485572
v -0.00198786 0.00243040 -0.02106727
v -0.00749890 0.00198093 -0.02245068
v -0.00784750 0.00189503 -0.02271507
v -0.00805004 0.00181240 -0.02296939
v -0.00814731 0.00174999 -0.02316150
v -0.00823010 0.00164954 -0.02347066
v -0.00824680 0.00154602 -0.02378930
v -0.00821339 0.00147752 -0.02400013
v -0.00814731 0.00141132 -0.02420388
v -0.00784750 0.00126628 -0.02465030
v -0.00759598 0.00119770 -0.02486140
v -0.00740182 0.00116306 -0.02496800
v -0.00708385 0.00113004 -0.02506963
v -0.00675100 0.00111716 -0.02510928
v -0.00652743 0.00112233 -0.02509335
v -0.00620452 0.00115040 -0.02500695
v -0.00590602 0.00119770 -0.02486140
v -0.00550459 0.00133880 -0.02442709
v -0.00528025 0.00159778 -0.02362998
v -0.00551511 0.00184102 -0.02288131
v -0.00573074 0.00192042 -0.02263692
v -0.00590602 0.00196362 -0.02250398
v -0.00636969 0.00201991 -0.02233072
v -0.00675100 0.00077420 -0.01682667
v -0.00675100 -0.00603419 -0.01395321
v -0.00757073 -0.01351257 -0.01306051
v -0.00945521 -0.01370811 -0.01366151
v -0.01128690 -0.01422037 -0.01523934
v -0.01187080 -0.01457218 -0.01632189
v -0.01223562 -0.01506607 -0.01784203
v -0.01151414 -0.01604282 -0.02084835
v -0.01077183 -0.01639211 -0.02194104
v -0.00512984 -0.01681706 -0.02323138
v -0.00332375 -0.01652791 -0.02234125
v -0.00245093 -0.01625269 -0.02149431
v -0.00148449 -0.01569791 -0.01978662
v -0.00126638 -0.01532008 -0.01862383
v -0.00148449 -0.01468833 -0.01667921
v -0.00245093 -0.01413346 -0.01497155
v -0.00333569 -0.01385304 -0.01410992
v -0.00551719 -0.01353277 -0.01312290
v -0.01236818 -0.01155115 -0.02321437
v -0.01206408 -0.01571074 -0.01984926
v -0.01311377 -0.01144256 -0.02116218
v -0.01305876 -0.01227724 -0.02024919
v -0.01191569 -0.00853372 -0.02538572
v -0.00551642 -0.00552425 -0.02831670
v -0.00411244 -0.00432107 -0.02806168
v -0.00519243 -0.00449692 -0.02838498
v -0.00300134 -0.00268937 -0.02757346
v -0.01264143 -0.01254709 -0.02182182
v -0.00237680 0.00047865 -0.02702680
v -0.00333638 -0.00765544 -0.02700124
v -0.01128692 -0.01253290 -0.02404898
v -0.00291944 -0.00348412 -0.02750805
v -0.00961111 -0.00989129 -0.02660847
v -0.01150995 -0.01608932 -0.02103676
v -0.00175868 -0.00840327 -0.02561034
v -0.01015429 -0.01283318 -0.02487067
v -0.00099200 -0.00367118 -0.02530370
v -0.01058188 -0.01356820 -0.02412818
v -0.00156172 -0.00456488 -0.02608871
v -0.00098121 -0.00797180 -0.02454537
v -0.00774309 -0.01075354 -0.02684501
v -0.00080928 -0.00230492 -0.02488005
v -0.00979147 -0.01663870 -0.02272021
v -0.00830956 -0.01303987 -0.02560939
v -0.00050956 -0.00671477 -0.02411224
v -0.00114681 0.00140205 -0.02419054
v -0.00956944 -0.01670542 -0.02302026
v -0.00567992 -0.01006160 -0.02711102
v -0.00034408 -0.00295270 -0.02364803
v -0.00021685 -0.00260929 -0.02257509
v -0.00916000 -0.01679723 -0.02324449
v -0.00002797 -0.00619128 -0.02282732
v -0.00649257 -0.01311552 -0.02577967
v -0.00053313 -0.00108595 -0.02135336
v -0.00742733 -0.01376317 -0.02542112
v -0.00021135 -0.00247991 -0.02179085
v 0.00014634 -0.00578121 -0.02168411
v -0.00519243 -0.01303987 -0.02560939
v -0.00639537 -0.01690622 -0.02352895
v -0.00458298 -0.01298381 -0.02543685
v -0.00003998 -0.00377252 -0.02134390
v 0.00002737 -0.00641862 -0.01976484
v -0.00173597 0.00235550 -0.02126089
v -0.00057221 -0.00185437 -0.02030928
v -0.00239202 -0.01125024 -0.02491256
v -0.00544877 -0.01380244 -0.02528625
v -0.00382631 -0.01273335 -0.02522008
v -0.00016671 -0.00514580 -0.01928107
v -0.00336448 0.00294907 -0.01946808
v -0.00366849 -0.01071390 -0.02616852
v -0.00118085 -0.00147659 -0.01908874
v -0.00489037 -0.01681371 -0.02325189
v -0.00470154 0.00316037 -0.01881719
v -0.00479993 0.00191608 -0.01789431
v -0.00243565 -0.01245372 -0.02433292
v -0.00530291 0.00322276 -0.01862737
v -0.00164441 -0.00143496 -0.01834857
v -0.00351935 -0.01413285 -0.02422154
v -0.00084839 -0.00245765 -0.01906741
v -0.00098121 -0.00564062 -0.01737025
v -0.00221485 -0.00107959 -0.01786684
v -0.00547537 0.00200975 -0.01774153
v -0.00300134 -0.01402527 -0.02389044
v -0.00145226 -0.01226147 -0.02321356
v -0.00616538 0.00327871 -0.01844962
v -0.00212060 -0.01331200 -0.02347753
v -0.00099200 -0.01189689 -0.02263118
v -0.00082331 -0.01142733 -0.02264345
v -0.00221489 -0.01618989 -0.02134759
v -0.00010200 -0.01000483 -0.02124151
v -0.00034770 -0.01148658 -0.02082855
v -0.00104131 -0.01327146 -0.02157028
v -0.00069735 -0.01261500 -0.02119706
v -0.00021685 -0.01115225 -0.01979950
v -0.00009706 -0.00932715 -0.01886862
v -0.00021135 -0.01079599 -0.01908897
v -0.00044324 -0.01227726 -0.02024918
v -0.00397802 -0.00406974 -0.01520756
v -0.00297883 -0.00502335 -0.01547038
v -0.00116220 -0.01525105 -0.01843480
v -0.00447604 -0.00344415 -0.01523541
v -0.00427128 -0.00202626 -0.01592486
v -0.00050467 -0.01048037 -0.01773155
v -0.00464529 -0.00383571 -0.01504038
v -0.00638859 -0.00222249 -0.01531319
v -0.00066808 -0.01033664 -0.01728915
v -0.00056541 -0.01216566 -0.01816676
v -0.00113576 -0.00840241 -0.01643236
v -0.00550670 -0.00437350 -0.01461842
v -0.00086270 -0.01019928 -0.01686637
v -0.00054731 -0.01125388 -0.01772576
v -0.00145230 -0.00989389 -0.01592642
v -0.00390968 -0.00590779 -0.01466001
v -0.00155657 -0.01452506 -0.01621408
v -0.00212317 -0.00983319 -0.01514701
v -0.00472025 -0.00594158 -0.01433607
v -0.00549981 -0.00566487 -0.01421944
v -0.00147328 -0.01085611 -0.01584349
v -0.00550375 -0.00614486 -0.01408592
v -0.00510684 -0.00762937 -0.01382098
v -0.00442737 -0.01364734 -0.01348063
v -0.00469895 -0.01224164 -0.01338136
v -0.00526657 -0.01226071 -0.01320873
v -0.00547537 -0.01204829 -0.01317409
v -0.00612284 -0.01348848 -0.01299743
v -0.00832980 0.00138153 -0.01741683
v -0.00802663 0.00200975 -0.01774153
v -0.00761201 0.00203326 -0.01766916
v -0.00983988 -0.00032326 -0.01710139
v -0.00929210 0.00217478 -0.01833615
v -0.00920535 0.00229901 -0.01840302
v -0.01037398 0.00181306 -0.01889361
v -0.01163393 -0.00014948 -0.01884879
v -0.01027556 0.00129305 -0.01842745
v -0.01010628 0.00112058 -0.01817326
v -0.00829271 -0.00028279 -0.01644865
v -0.00839516 -0.00194554 -0.01566765
v -0.01038458 -0.00090559 -0.01709922
v -0.01033690 -0.00151679 -0.01679100
v -0.01129105 -0.00114182 -0.01780610
v -0.01230404 -0.00444631 -0.01740580
v -0.01013581 -0.00239500 -0.01618353
v -0.00986120 -0.00345080 -0.01562312
v -0.00927406 -0.00341564 -0.01535834
v -0.01096775 -0.00324418 -0.01647476
v -0.01120253 -0.00392197 -0.01640370
v -0.01131072 -0.00463779 -0.01620977
v -0.01052316 -0.00502335 -0.01547038
v -0.01016695 -0.00528547 -0.01514299
v -0.00967606 -0.00724323 -0.01435969
v -0.00927406 -0.00625821 -0.01443480
v -0.01118439 -0.00657392 -0.01553031
v -0.00819530 -0.00680681 -0.01394663
v -0.00829271 -0.00943365 -0.01347555
v -0.00983988 -0.00978455 -0.01402743
v -0.01070075 -0.00843891 -0.01472102
v -0.01079481 -0.00818903 -0.01486381
v -0.00832980 -0.01134921 -0.01328064
v -0.00695810 -0.01120507 -0.01307586
v -0.00802663 -0.01204829 -0.01317409
v -0.00883188 -0.01212202 -0.01340103
v -0.01129070 -0.01113976 -0.01500915
v -0.01002169 -0.01119127 -0.01400768
v -0.00943979 -0.01236996 -0.01364896
v -0.01027556 -0.01187161 -0.01415027
v -0.01021209 -0.01386127 -0.01414696
v -0.01195137 -0.01139424 -0.01579241
v -0.00312802 0.00181306 -0.01889361
v -0.00260382 0.00100618 -0.01879016
v -0.00369673 0.00152251 -0.01822898
v -0.00348031 0.00082645 -0.01791221
v -0.00516994 0.00086351 -0.01710895
v -0.00287828 -0.00197110 -0.01673936
v -0.00441676 0.00053735 -0.01714504
v -0.00514707 -0.00105200 -0.01606883
v -0.00182136 -0.00364319 -0.01694582
v -0.00287923 -0.00260249 -0.01646747
v -0.00212351 -0.00468045 -0.01627040
v -0.00278620 -0.00459131 -0.01575369
v -0.00278620 -0.00553941 -0.01544565
v -0.00229946 -0.00646298 -0.01557813
v -0.00253424 -0.00705310 -0.01523725
v -0.00287923 -0.00756798 -0.01485419
v -0.00256862 -0.00852331 -0.01492484
v -0.00349638 -0.00925390 -0.01418152
v -0.00348031 -0.01119127 -0.01400768
v -0.00482133 -0.00809346 -0.01377780
v -0.00322643 -0.01187161 -0.01415027
v -0.00277586 -0.01186893 -0.01446662
v -0.00369673 -0.01194059 -0.01385484
v -0.00523256 -0.01008286 -0.01339019
v -0.00516994 -0.01074914 -0.01333603
v -0.00789928 0.00324517 -0.01855673
v -0.00868680 0.00236476 -0.01820066
v -0.00799824 -0.00330229 -0.01500947
v -0.00800535 -0.00471170 -0.01451116
v -0.00815720 -0.00301419 -0.01513601
v -0.00916701 -0.00443374 -0.01493722
v -0.01204969 -0.00135094 -0.01870201
v -0.01268933 -0.00052069 -0.02089851
v -0.01250997 -0.00171553 -0.01928439
v -0.01293658 -0.00082975 -0.02184977
v -0.01264293 -0.00101276 -0.02014337
v -0.00837083 -0.00605905 -0.01416838
v -0.00863704 -0.00619126 -0.01422873
v -0.01268542 -0.00296449 -0.01885688
v -0.01316045 -0.00602214 -0.01854454
v -0.01311377 -0.00216986 -0.02075346
v -0.01293658 -0.00144676 -0.02374887
v -0.01329064 -0.00247990 -0.02179085
v -0.01347403 -0.00520988 -0.01980675
v -0.01316324 -0.00173626 -0.02258011
v -0.01268933 -0.00175584 -0.02470015
v -0.01346201 -0.00377252 -0.02134390
v -0.01318492 -0.00276082 -0.02341931
v -0.01364834 -0.00578119 -0.02168412
v -0.01352937 -0.00719380 -0.02215078
v -0.01292978 -0.00318115 -0.02439297
v -0.01263933 -0.00341312 -0.02504918
v -0.01129060 -0.00247270 -0.02690658
v -0.01333528 -0.00644835 -0.02329030
v -0.01244764 -0.00278367 -0.02541798
v -0.01205833 -0.00277294 -0.02601825
v -0.01050065 -0.00268937 -0.02757346
v -0.01268544 -0.00493292 -0.02491549
v -0.01252079 -0.00797180 -0.02454537
v -0.00998265 -0.00279694 -0.02790456
v -0.00819910 -0.01355021 -0.01317783
v -0.01144511 -0.00381607 -0.02669469
v -0.01185759 -0.00961818 -0.01568986
v -0.00868680 -0.01260536 -0.01333689
v -0.01203611 -0.00926975 -0.01589263
v -0.01060749 -0.00415602 -0.02737541
v -0.01303167 -0.00894587 -0.01763575
v -0.01110997 -0.00553524 -0.02676936
v -0.01283391 -0.01033664 -0.01728915
v -0.00967567 -0.00451609 -0.02788986
v -0.01346201 -0.00948751 -0.01948710
v -0.01299733 -0.01048037 -0.01773155
v -0.00909093 -0.00351199 -0.02828584
v -0.00830956 -0.00449692 -0.02838498
v -0.01256394 -0.01116889 -0.01676555
v -0.00978844 -0.00580622 -0.02760342
v -0.01318492 -0.01085159 -0.01849632
v -0.00644761 -0.00307206 -0.02875135
v -0.00805323 -0.00369004 -0.02857176
v -0.01199962 -0.01455993 -0.01633968
v -0.00722794 -0.00454977 -0.02854766
v -0.00864852 -0.00594558 -0.02803233
v -0.01340000 -0.01000483 -0.02124151
v -0.00493889 -0.00291555 -0.02852788
v -0.01327356 -0.01120908 -0.01952732
v -0.00696913 -0.00376594 -0.02869305
v -0.01293658 -0.01216566 -0.01816676
v -0.00748505 -0.00601748 -0.02825364
v -0.01234037 -0.01511915 -0.01803658
v -0.00652743 -0.01473476 -0.01682227
v -0.00630887 -0.01475017 -0.01686972
v -0.00610017 -0.01477548 -0.01694761
v -0.00590602 -0.01481012 -0.01705422
v -0.00565450 -0.01487870 -0.01726531
v -0.00545196 -0.01496133 -0.01751963
v -0.00535469 -0.01502374 -0.01771174
v -0.00528861 -0.01508994 -0.01791548
v -0.00525519 -0.01515844 -0.01812632
v -0.00525519 -0.01522771 -0.01833954
v -0.00528861 -0.01529622 -0.01855038
v -0.00535469 -0.01536241 -0.01875412
v -0.00545196 -0.01542483 -0.01894623
v -0.00573074 -0.01553284 -0.01927870
v -0.00590602 -0.01557604 -0.01941164
v -0.00610017 -0.01561067 -0.01951825
v -0.00630887 -0.01563598 -0.01959614
v -0.00652743 -0.01565140 -0.01964359
v -0.00686278 -0.01565399 -0.01965156
v -0.00719313 -0.01563598 -0.01959614
v -0.00740182 -0.01561067 -0.01951825
v -0.00759598 -0.01557604 -0.01941164
v -0.00777126 -0.01553284 -0.01927870
v -0.00792375 -0.01548206 -0.01912240
v -0.00809867 -0.01539362 -0.01885018
v -0.00823010 -0.01526196 -0.01844496
v -0.00824680 -0.01515844 -0.01812632
v -0.00821339 -0.01508994 -0.01791548
v -0.00814731 -0.01502374 -0.01771174
v -0.00805004 -0.01496133 -0.01751963
v -0.00792375 -0.01490409 -0.01734346
v -0.00777126 -0.01485331 -0.01718716
v -0.00759598 -0.01481012 -0.01705422
v -0.00740182 -0.01477548 -0.01694761
v -0.00719313 -0.01475017 -0.01686972
v -0.00697456 -0.01473476 -0.01682227
f 6786 6771 6785
f 6784 6785 6771
f 6784 6771 6770
f 6787 6771 6786
f 6788 6772 6771
f 6788 6771 6787
f 6783 6784 6770
f 6782 6783 6770
f 6789 6772 6788
f 6781 6770 6769
f 6781 6782 6770
f 6790 6772 6789
f 6791 6773 6772
f 6791 6772 6790
f 6780 6781 6769
f 6779 6780 6769
f 6792 6773 6791
f 6778 6769 6768
f 6778 6779 6769
f 6793 6773 6792
f 6827 6773 6793
f 6768 6777 6778
f 6774 6827 6793
f 6767 6777 6768
f 6775 6793 6794
f 6775 6774 6793
f 6991 6777 6767
f 6883 6777 6991
f 6883 6798 6777
f 6844 6775 6794
f 6861 6844 6794
f 6861 6794 6795
f 6874 6798 6883
f 6871 6798 6874
f 6776 6861 6795
f 6867 6798 6871
f 6867 6797 6798
f 6867 6776 6795
f 6867 6795 6796
f 6867 6796 6797
f 6818 6819 6826
f 6818 6820 6819
f 6822 6824 6823
f 6822 6868 6846
f 6827 6825 6773
f 6826 6806 6818
f 6828 6822 6823
f 6828 6868 6822
f 6828 6823 6830
f 6829 6817 6821
f 6830 6825 6827
f 6832 6826 6817
f 6832 6806 6826
f 6837 6830 6827
f 6836 6829 6821
f 6840 6774 6775
f 6840 6827 6774
f 6834 6821 6831
f 6834 6836 6821
f 6807 6817 6829
f 6807 6832 6817
f 6833 6828 6830
f 6835 6827 6840
f 6835 6837 6827
f 6845 6834 6831
f 6836 6807 6829
f 6837 6833 6830
f 6837 6838 6833
f 6844 6840 6775
f 6849 6845 6831
f 6841 6834 6845
f 6841 6807 6836
f 6841 6836 6834
f 6842 6849 6831
f 6843 6838 6837
f 6843 6835 6840
f 6843 6837 6835
f 6853 6831 6839
f 6853 6842 6831
f 6847 6840 6844
f 6852 6844 6861
f 6851 6839 6846
f 6848 6847 6844
f 6849 6842 6853
f 6850 6840 6847
f 6850 6843 6840
f 6854 6848 6844
f 6854 6844 6852
f 6864 6851 6846
f 6853 6857 6849
f 6853 6839 6851
f 6855 6850 6847
f 6855 6847 6848
f 6856 6864 6846
f 6857 6851 6864
f 6857 6853 6851
f 6858 6856 6846
f 6859 6848 6854
f 6859 6854 6852
f 6859 6860 6855
f 6859 6855 6848
f 6861 6776 6867
f 6865 6846 6868
f 6865 6858 6846
f 6862 6852 6861
f 6863 6868 6828
f 6863 6828 6833
f 6864 6808 6857
f 6864 6856 6858
f 6877 6862 6861
f 6866 6859 6852
f 6866 6852 6862
f 6866 6860 6859
f 6869 6877 6861
f 6870 6808 6864
f 6870 6858 6865
f 6870 6864 6858
f 6873 6868 6863
f 6875 6869 6861
f 6875 6861 6967
f 6872 6867 6871
f 6873 6863 6833
f 6876 6865 6868
f 6876 6870 6865
f 6876 6809 6870
f 6886 6838 6843
f 6886 6833 6838
f 6877 6878 6866
f 6877 6866 6862
f 6872 6871 6874
f 6884 6873 6833
f 6879 6875 6967
f 6880 6872 6874
f 6881 6876 6868
f 6881 6809 6876
f 6881 6868 6873
f 6882 6884 6833
f 6883 6880 6874
f 6974 6878 6877
f 6974 6877 6869
f 6974 6869 6875
f 6885 6833 6886
f 6885 6882 6833
f 6888 6843 6850
f 6888 6886 6843
f 6884 6809 6881
f 6884 6810 6809
f 6884 6881 6873
f 6887 6884 6882
f 6887 6810 6884
f 6887 6882 6885
f 6888 6850 6855
f 6891 6886 6888
f 6889 6891 6888
f 6890 6811 6887
f 6890 6885 6886
f 6890 6887 6885
f 6893 6888 6855
f 6893 6855 6860
f 6895 6889 6888
f 6891 6811 6890
f 6891 6890 6886
f 6892 6888 6893
f 6892 6895 6888
f 6893 6860 6866
f 6894 6892 6893
f 6895 6812 6811
f 6895 6891 6889
f 6895 6811 6891
f 6909 6894 6893
f 6898 6895 6892
f 6898 6812 6895
f 6898 6892 6894
f 6906 6893 6866
f 6906 6866 6878
f 6899 6900 6973
f 6901 6909 6893
f 6902 6907 6896
f 6902 6896 6899
f 6903 6899 6973
f 6904 6893 6906
f 6904 6901 6893
f 6905 6894 6909
f 6905 6813 6898
f 6905 6898 6894
f 6907 6899 6903
f 6907 6902 6899
f 6907 6903 6800
f 6908 6904 6906
f 6911 6897 6896
f 6916 6908 6906
f 6909 6813 6905
f 6909 6901 6904
f 6910 6916 6906
f 6914 6896 6907
f 6914 6911 6896
f 6912 6813 6909
f 6912 6904 6908
f 6912 6908 6916
f 6912 6909 6904
f 6913 6910 6906
f 6915 6907 6800
f 6915 6914 6907
f 6916 6814 6912
f 6917 6915 6800
f 6917 6914 6915
f 6985 6911 6914
f 6987 6910 6913
f 6987 6916 6910
f 6918 6914 6917
f 6918 6917 6800
f 6918 6985 6914
f 6920 6816 6919
f 6921 6816 6920
f 6923 6921 6922
f 6923 6816 6921
f 6924 6926 6925
f 6924 6799 6926
f 6934 6924 6927
f 6934 6799 6924
f 6930 6928 6929
f 6930 6929 6768
f 6930 6768 6931
f 6932 6930 6931
f 6932 6928 6930
f 6933 6928 6932
f 6933 6932 6931
f 6934 6903 6799
f 6934 6935 6903
f 6934 6940 6935
f 6936 6927 6924
f 6936 6933 6931
f 6936 6928 6933
f 6936 6924 6928
f 6937 6927 6936
f 6937 6934 6927
f 6937 6940 6934
f 6938 6937 6936
f 6940 6938 6939
f 6940 6937 6938
f 6941 6942 6940
f 6943 6940 6939
f 6943 6941 6940
f 6944 6941 6943
f 6944 6943 6939
f 6944 6939 6945
f 6945 6946 6941
f 6945 6941 6944
f 6947 6946 6945
f 6950 6939 7030
f 6950 6947 6945
f 6950 6945 6939
f 6948 6949 6947
f 6950 6948 6947
f 6952 6957 6800
f 6952 6800 6951
f 6952 6951 6948
f 6955 6950 7030
f 6955 6948 6950
f 6954 6953 6952
f 6954 6952 6948
f 6954 6948 6955
f 6955 7028 6954
f 6955 7030 7028
f 6956 6958 6957
f 6956 6952 6953
f 6956 6957 6952
f 6961 6959 6956
f 6961 6954 6960
f 6961 6953 6954
f 6961 6956 6953
f 6962 6959 6961
f 6963 6961 6960
f 6963 6962 6961
f 6964 6965 6803
f 6964 6962 6963
f 6964 6963 6960
f 6964 6960 6965
f 6964 6802 6962
f 6966 6861 6867
f 6966 6967 6861
f 6968 6867 6872
f 6968 6966 6867
f 6968 6967 6966
f 6969 6967 6968
f 6969 6972 6879
f 6969 6879 6967
f 6969 6968 6872
f 6970 6880 6883
f 6970 6972 6969
f 6970 6969 6872
f 6970 6872 6880
f 6970 6883 6799
f 6971 6974 6875
f 6971 6875 6879
f 6971 6879 6972
f 6972 6970 6799
f 6975 6974 6971
f 6975 6971 6900
f 6973 6900 6971
f 6973 6799 6903
f 6973 6971 6972
f 6973 6972 6799
f 6975 6900 6899
f 6975 6896 6974
f 6975 6899 6896
f 6976 6878 6974
f 6976 6974 6896
f 6977 6896 6897
f 6977 6897 6976
f 6977 6976 6896
f 6978 6976 6897
f 6978 6897 6911
f 6979 6878 6976
f 6979 6906 6878
f 6979 6978 6911
f 6979 6976 6978
f 6980 6906 6979
f 6980 6979 6911
f 6981 6911 6985
f 6981 6980 6911
f 6981 6906 6980
f 6982 6906 6981
f 6982 6913 6906
f 6983 6913 6982
f 6983 6981 6985
f 6983 6982 6981
f 6984 6987 6913
f 6984 6913 6983
f 6985 6918 6800
f 6985 6800 6957
f 6986 6987 6984
f 6987 6919 6815
f 6987 6815 6814
f 6987 6814 6916
f 6988 6986 6984
f 6988 6987 6986
f 6988 6919 6987
f 6988 6984 6920
f 6988 6920 6919
f 6989 6985 6957
f 6989 6983 6985
f 6990 6989 6957
f 6990 6921 6920
f 6990 6922 6921
f 6990 6983 6989
f 6990 6923 6922
f 6990 6957 6923
f 6990 6984 6983
f 6990 6920 6984
f 6926 6799 6883
f 6926 6883 6991
f 6925 6926 6991
f 6992 6991 6767
f 6924 6991 6992
f 6924 6925 6991
f 6929 6767 6768
f 6929 6992 6767
f 6928 6924 6992
f 6928 6992 6929
f 6993 6800 6903
f 6993 6903 6935
f 6931 6768 6769
f 6995 6800 6993
f 6995 6994 6800
f 6995 6993 6935
f 6995 6935 6940
f 6938 6936 6931
f 7001 6931 6769
f 6942 6995 6940
f 6996 6994 6995
f 6996 6995 6942
f 6997 6938 6931
f 6998 7001 6769
f 6999 6997 6931
f 6999 6931 7001
f 6941 6996 6942
f 6941 6946 6996
f 7002 6800 6994
f 6939 6938 6997
f 6939 6997 6999
f 7000 6998 6769
f 6951 6800 7002
f 7002 6994 6996
f 7006 7001 6998
f 7003 6951 7002
f 7004 7005 6939
f 7004 6939 6999
f 7004 6999 7001
f 7010 7000 6769
f 7010 6769 6770
f 7006 6998 7000
f 6947 7002 6996
f 6947 6996 6946
f 6949 7003 7002
f 6949 7002 6947
f 7008 7006 7000
f 7007 7010 6770
f 7008 7000 7010
f 7009 7004 7001
f 7009 7001 7006
f 7009 7005 7004
f 6948 6951 7003
f 6948 7003 6949
f 7011 7007 6770
f 7013 7010 7007
f 7012 7014 7009
f 7012 7009 7006
f 7012 7008 7010
f 7012 7006 7008
f 7020 7011 6770
f 7013 7007 7011
f 7016 7013 7011
f 7014 7010 7013
f 7014 7012 7010
f 7021 7020 6770
f 7021 6770 6771
f 7016 7011 7020
f 7017 7016 7020
f 7018 7021 6771
f 7019 7013 7016
f 7019 7014 7013
f 7019 7015 7014
f 6957 6801 6923
f 7022 7018 6771
f 7027 7021 7018
f 7032 6939 7005
f 7032 7030 6939
f 7023 7016 7017
f 7023 7024 7019
f 7023 7019 7016
f 7023 7017 7020
f 7025 7022 6771
f 7026 6801 6957
f 7026 6957 6958
f 7026 6958 6956
f 7027 7018 7022
f 7029 6802 7026
f 7029 7026 6956
f 7029 6956 6959
f 7031 7027 7022
f 7038 7025 6771
f 7038 6771 6772
f 6821 7021 7027
f 6821 7020 7021
f 6821 7024 7023
f 6821 7023 7020
f 7031 7022 7025
f 6962 7029 6959
f 6962 6802 7029
f 7032 7005 7009
f 6960 6954 7028
f 7035 7031 7025
f 7040 7030 7032
f 7044 7038 6772
f 7033 7027 7031
f 7033 6831 6821
f 7033 6821 7027
f 7034 7040 7032
f 7035 7025 7038
f 6965 7028 7030
f 6965 6960 7028
f 7036 7009 7014
f 7036 7032 7009
f 7037 7034 7032
f 7051 7044 6772
f 7042 7032 7036
f 7042 7037 7032
f 7039 7038 7044
f 7040 6965 7030
f 7040 6804 6803
f 7040 6803 6965
f 7041 7031 7035
f 7041 6831 7033
f 7041 7033 7031
f 7048 7036 7014
f 7048 7014 7015
f 7043 7051 6772
f 7045 6804 7040
f 7045 7034 7037
f 7045 7037 7042
f 7045 7040 7034
f 7050 7042 7036
f 7046 7044 7051
f 7047 6839 6831
f 7047 6831 7041
f 7047 7041 7035
f 7047 7035 7038
f 7047 7038 7039
f 7047 7039 7044
f 7048 7015 7019
f 7049 7043 6772
f 7049 6772 6773
f 7050 7036 7048
f 7052 6805 7045
f 7052 7045 7042
f 7052 7042 7050
f 6820 7050 7048
f 6822 7051 7043
f 7053 7046 7051
f 7053 7044 7046
f 7053 6839 7047
f 7053 6846 6839
f 7053 7047 7044
f 6819 6820 7048
f 6822 7043 7049
f 7054 7052 7050
f 7054 6805 7052
f 6817 7019 7024
f 6817 7048 7019
f 6824 6822 7049
f 6830 7049 6773
f 6826 6819 7048
f 6826 7048 6817
f 6823 6824 7049
f 6820 6818 7054
f 6820 7054 7050
f 6822 7053 7051
f 6822 6846 7053
f 6821 6817 7024
f 6825 6830 6773
f 6823 7049 6830
f 7086 6964 6803
f 7085 7086 6803
f 7087 6802 6964
f 7087 6964 7086
f 7084 7085 6803
f 7088 6802 7087
f 7083 6803 6804
f 7083 7084 6803
f 7089 7026 6802
f 7089 6802 7088
f 7082 6804 7045
f 7082 7083 6804
f 7082 7045 6805
f 7090 6801 7026
f 7090 7026 7089
f 7081 6805 7054
f 7081 7082 6805
f 7090 6923 6801
f 7080 7054 6818
f 7080 7081 7054
f 7055 6923 7090
f 7055 6816 6923
f 7056 6816 7055
f 7079 6818 6806
f 7079 7080 6818
f 7057 6919 6816
f 7057 6816 7056
f 7058 6919 7057
f 7058 6815 6919
f 7078 6806 6832
f 7078 7079 6806
f 7059 6815 7058
f 6807 7078 6832
f 6807 7077 7078
f 6814 7059 7060
f 6814 6815 7059
f 6807 7076 7077
f 6912 7060 7061
f 6912 6814 7060
f 6841 7075 7076
f 6841 7076 6807
f 6813 6912 7061
f 6845 7074 7075
f 6845 7075 6841
f 6813 7061 7062
f 6849 7074 6845
f 6849 7073 7074
f 6898 6813 7062
f 6898 7062 7063
f 6898 7063 7064
f 6857 7073 6849
f 6857 7072 7073
f 6812 6898 7064
f 6811 6812 7064
f 6811 7064 7065
f 6808 7072 6857
f 6808 7071 7072
f 6811 7065 7066
f 6811 7066 7067
f 6870 7071 6808
f 6870 7070 7071
f 6887 6811 7067
f 6809 7070 6870
f 6809 7069 7070
f 6810 6887 7067
f 6809 6810 7067
f 6809 7067 7068
f 6809 7068 7069

o p0019
usemtl mat_33
v -0.00675100 0.00204415 -0.02225609
v -0.00675100 -0.01472958 -0.01680634
v -0.00652743 -0.01473476 -0.01682227
v -0.00630887 -0.01475017 -0.01686972
v -0.00610017 -0.01477548 -0.01694761
v -0.00590602 -0.01481012 -0.01705422
v -0.00573074 -0.01485331 -0.01718716
v -0.00557825 -0.01490409 -0.01734346
v -0.00545196 -0.01496133 -0.01751963
v -0.00535469 -0.01502374 -0.01771174
v -0.00528861 -0.01508994 -0.01791548
v -0.00525519 -0.01515844 -0.01812632
v -0.00525519 -0.01522771 -0.01833954
v -0.00528861 -0.01529622 -0.01855038
v -0.00535469 -0.01536241 -0.01875412
v -0.00545196 -0.01542483 -0.01894623
v -0.00557825 -0.01548206 -0.01912240
v -0.00573074 -0.01553285 -0.01927870
v -0.00590602 -0.01557604 -0.01941164
v -0.00610017 -0.01561067 -0.01951825
v -0.00630887 -0.01563598 -0.01959614
v -0.00652743 -0.01565140 -0.01964359
v -0.00675100 -0.01565658 -0.01965952
v -0.00697456 -0.01565140 -0.01964359
v -0.00719313 -0.01563598 -0.01959614
v -0.00740182 -0.01561067 -0.01951825
v -0.00759598 -0.01557604 -0.01941164
v -0.00777126 -0.01553285 -0.01927870
v -0.00792375 -0.01548206 -0.01912240
v -0.00805004 -0.01542483 -0.01894623
v -0.00814731 -0.01536241 -0.01875412
v -0.00821339 -0.01529622 -0.01855038
v -0.00824680 -0.01522771 -0.01833954
v -0.00824680 -0.01515844 -0.01812632
v -0.00821339 -0.01508994 -0.01791548
v -0.00814731 -0.01502374 -0.01771174
v -0.00805004 -0.01496133 -0.01751963
v -0.00792375 -0.01490409 -0.01734346
v -0.00777126 -0.01485331 -0.01718716
v -0.00759598 -0.01481012 -0.01705422
v -0.00740182 -0.01477548 -0.01694761
v -0.00719313 -0.01475017 -0.01686972
v -0.00697456 -0.01473476 -0.01682227
v -0.00697456 0.00203898 -0.02227203
v -0.00719313 0.00202356 -0.02231947
v -0.00740182 0.00199825 -0.02239737
v -0.00759598 0.00196362 -0.02250398
v -0.00777126 0.00192042 -0.02263692
v -0.00792375 0.00186964 -0.02279322
v -0.00805004 0.00181240 -0.02296939
v -0.00814731 0.00174999 -0.02316149
v -0.00821339 0.00168379 -0.02336524
v -0.00824680 0.00161529 -0.02357608
v -0.00824680 0.00154602 -0.02378930
v -0.00821339 0.00147752 -0.02400014
v -0.00814731 0.00141132 -0.02420388
v -0.00805004 0.00134891 -0.02439599
v -0.00792375 0.00129167 -0.02457215
v -0.00777126 0.00124089 -0.02472846
v -0.00759598 0.00119770 -0.02486140
v -0.00740182 0.00116306 -0.02496800
v -0.00719313 0.00113775 -0.02504590
v -0.00697456 0.00112233 -0.02509335
v -0.00675100 0.00111716 -0.02510928
v -0.00652743 0.00112233 -0.02509335
v -0.00630887 0.00113775 -0.02504590
v -0.00610017 0.00116306 -0.02496800
v -0.00590602 0.00119770 -0.02486140
v -0.00573074 0.00124089 -0.02472846
v -0.00557825 0.00129167 -0.02457215
v -0.00545196 0.00134891 -0.02439599
v -0.00535469 0.00141132 -0.02420388
v -0.00528861 0.00147752 -0.02400014
v -0.00525519 0.00154602 -0.02378930
v -0.00525519 0.00161529 -0.02357608
v -0.00528861 0.00168379 -0.02336524
v -0.00535469 0.00174999 -0.02316149
v -0.00545196 0.00181240 -0.02296939
v -0.00557825 0.00186964 -0.02279322
v -0.00573074 0.00192042 -0.02263692
v -0.00590602 0.00196362 -0.02250398
v -0.00610017 0.00199825 -0.02239737
v -0.00630887 0.00202356 -0.02231947
v -0.00652743 0.00203898 -0.02227203
f 7092 7134 7091
f 7133 7135 7134
f 7133 7134 7092
f 7132 7136 7135
f 7132 7135 7133
f 7131 7136 7132
f 7131 7137 7136
f 7130 7137 7131
f 7130 7138 7137
f 7129 7138 7130
f 7129 7139 7138
f 7128 7139 7129
f 7128 7140 7139
f 7127 7140 7128
f 7127 7141 7140
f 7126 7141 7127
f 7126 7142 7141
f 7125 7142 7126
f 7125 7143 7142
f 7124 7143 7125
f 7124 7144 7143
f 7123 7144 7124
f 7123 7145 7144
f 7122 7145 7123
f 7122 7146 7145
f 7121 7146 7122
f 7121 7147 7146
f 7120 7147 7121
f 7120 7148 7147
f 7119 7148 7120
f 7119 7149 7148
f 7118 7149 7119
f 7118 7150 7149
f 7117 7150 7118
f 7117 7151 7150
f 7116 7152 7151
f 7116 7151 7117
f 7115 7153 7152
f 7115 7152 7116
f 7114 7154 7153
f 7114 7153 7115
f 7113 7154 7114
f 7112 7155 7154
f 7112 7154 7113
f 7111 7156 7155
f 7111 7157 7156
f 7111 7155 7112
f 7110 7158 7157
f 7110 7157 7111
f 7109 7158 7110
f 7108 7159 7158
f 7108 7160 7159
f 7108 7158 7109
f 7107 7160 7108
f 7106 7161 7160
f 7106 7162 7161
f 7106 7160 7107
f 7105 7162 7106
f 7104 7162 7105
f 7104 7163 7162
f 7104 7164 7163
f 7103 7164 7104
f 7103 7165 7164
f 7102 7165 7103
f 7101 7165 7102
f 7101 7166 7165
f 7101 7167 7166
f 7100 7167 7101
f 7100 7168 7167
f 7099 7168 7100
f 7099 7169 7168
f 7098 7169 7099
f 7097 7169 7098
f 7097 7170 7169
f 7097 7171 7170
f 7096 7171 7097
f 7096 7172 7171
f 7095 7172 7096
f 7095 7173 7172
f 7094 7173 7095
f 7093 7173 7094
f 7093 7174 7173
f 7092 7174 7093
f 7092 7091 7174

o p0020
usemtl mat_3
v -0.00475182 0.00318356 0.01880358
v -0.00304644 0.00287072 0.01976697
v -0.00142188 0.00210116 0.02213583
v -0.00142188 0.00109212 0.02524113
v -0.00326861 0.00025139 0.02782836
v -0.00632090 -0.00012040 0.02897264
v -0.00951548 0.00010081 0.02829193
v -0.01151414 0.00074648 0.02630377
v -0.01215229 0.00121532 0.02486140
v -0.01151414 0.00244617 0.02107299
v -0.00600310 0.00199665 0.02245639
v -0.00565450 0.00191074 0.02272078
v -0.00545196 0.00182810 0.02297509
v -0.00535469 0.00176568 0.02316719
v -0.00527190 0.00166522 0.02347636
v -0.00525519 0.00156168 0.02379499
v -0.00528861 0.00149317 0.02400582
v -0.00545196 0.00136455 0.02440167
v -0.00565450 0.00128191 0.02465599
v -0.00590602 0.00121332 0.02486707
v -0.00610017 0.00117868 0.02497368
v -0.00641815 0.00114566 0.02507530
v -0.00675100 0.00113277 0.02511496
v -0.00697456 0.00113795 0.02509902
v -0.00740182 0.00117868 0.02497368
v -0.00759598 0.00121332 0.02486707
v -0.00794877 0.00132323 0.02452883
v -0.00823845 0.00161345 0.02363567
v -0.00806710 0.00181120 0.02302710
v -0.00777126 0.00193613 0.02264263
v -0.00759598 0.00197933 0.02250969
v -0.00707641 0.00203692 0.02233244
v -0.00675100 0.00079013 0.01683233
v -0.00675100 -0.00601814 0.01395861
v -0.00593126 -0.01349649 0.01306562
v -0.00404679 -0.01369206 0.01366661
v -0.00221509 -0.01420437 0.01524442
v -0.00163119 -0.01455623 0.01632696
v -0.00126638 -0.01505018 0.01784708
v -0.00198786 -0.01602705 0.02085336
v -0.00273017 -0.01637637 0.02194603
v -0.00837215 -0.01680138 0.02323636
v -0.01017824 -0.01651219 0.02234625
v -0.01105107 -0.01623694 0.02149931
v -0.01201751 -0.01568209 0.01979165
v -0.01223562 -0.01530422 0.01862887
v -0.01201750 -0.01467239 0.01668428
v -0.01105107 -0.01411746 0.01497664
v -0.01016631 -0.01383700 0.01411501
v -0.00798480 -0.01351669 0.01312801
v -0.00113382 -0.01153546 0.02321955
v -0.00143791 -0.01569492 0.01985428
v -0.00038823 -0.01142680 0.02116737
v -0.00044324 -0.01226144 0.02025434
v -0.00158631 -0.00851813 0.02539102
v -0.00798557 -0.00550876 0.02832212
v -0.00938956 -0.00430557 0.02806715
v -0.00830956 -0.00448143 0.02839044
v -0.01050065 -0.00267385 0.02757899
v -0.00086056 -0.01253134 0.02182696
v -0.01112520 0.00049420 0.02703245
v -0.01016561 -0.00763989 0.02700658
v -0.00221508 -0.01251724 0.02405413
v -0.01058255 -0.00346861 0.02751355
v -0.00389087 -0.00987573 0.02661371
v -0.00199204 -0.01607355 0.02104177
v -0.01174331 -0.00838770 0.02561564
v -0.00334770 -0.01281755 0.02487581
v -0.01251000 -0.00365557 0.02530919
v -0.00292012 -0.01355255 0.02413329
v -0.01194027 -0.00454929 0.02609417
v -0.01252079 -0.00795617 0.02455070
v -0.00575891 -0.01073799 0.02685023
v -0.01269271 -0.00228930 0.02488559
v -0.00371053 -0.01662299 0.02272520
v -0.00519243 -0.01302428 0.02561452
v -0.01299244 -0.00669912 0.02411761
v -0.01235518 0.00141770 0.02419623
v -0.00393257 -0.01668972 0.02302525
v -0.00782207 -0.01004605 0.02711627
v -0.01315792 -0.00293703 0.02365355
v -0.01328515 -0.00259358 0.02258062
v -0.00434195 -0.01678153 0.02324947
v -0.01347403 -0.00617558 0.02283271
v -0.00700943 -0.01309993 0.02578479
v -0.01296887 -0.00107020 0.02135895
v -0.00607466 -0.01374756 0.02542623
v -0.01329064 -0.00246416 0.02179638
v -0.01364834 -0.00576546 0.02168952
v -0.00830956 -0.01302428 0.02561452
v -0.00710662 -0.01689055 0.02353393
v -0.00891902 -0.01296821 0.02544198
v -0.01346201 -0.00375676 0.02134938
v -0.01352937 -0.00640280 0.01977023
v -0.01176603 0.00237126 0.02126661
v -0.01292979 -0.00183858 0.02031485
v -0.01110997 -0.01123462 0.02491776
v -0.00805322 -0.01378682 0.02529137
v -0.00967568 -0.01271774 0.02522523
v -0.01333529 -0.00512996 0.01928651
v -0.01013752 0.00296490 0.01947383
v -0.00983350 -0.01069833 0.02617374
v -0.01232114 -0.00146074 0.01909432
v -0.00861163 -0.01679802 0.02325687
v -0.00880045 0.00317623 0.01882294
v -0.00870206 0.00193197 0.01790001
v -0.01106634 -0.01243807 0.02433807
v -0.00819908 0.00323862 0.01863313
v -0.01185758 -0.00141909 0.01835414
v -0.00998265 -0.01411720 0.02422663
v -0.01265361 -0.00244180 0.01907295
v -0.01252079 -0.00562470 0.01737566
v -0.01128714 -0.00106370 0.01787243
v -0.00802663 0.00202565 0.01774724
v -0.01050065 -0.01400961 0.02389553
v -0.01204974 -0.01224578 0.02321871
v -0.00733661 0.00329458 0.01845538
v -0.01138139 -0.01329634 0.02348264
v -0.01251000 -0.01188118 0.02263635
v -0.01267869 -0.01141162 0.02264864
v -0.01128711 -0.01617413 0.02135259
v -0.01339999 -0.00998906 0.02124676
v -0.01315430 -0.01147080 0.02083374
v -0.01246069 -0.01325571 0.02157540
v -0.01280465 -0.01259923 0.02120220
v -0.01328515 -0.01113643 0.01980470
v -0.01340493 -0.00931130 0.01887389
v -0.01329064 -0.01078014 0.01909418
v -0.01305875 -0.01226146 0.02025434
v -0.00952398 -0.00405374 0.01521303
v -0.01052316 -0.00500737 0.01547582
v -0.01233980 -0.01523518 0.01843984
v -0.00902595 -0.00342816 0.01524091
v -0.00923072 -0.00201029 0.01593041
v -0.01299733 -0.01046447 0.01773678
v -0.00885671 -0.00381971 0.01504587
v -0.00711341 -0.00220650 0.01531873
v -0.01283391 -0.01032072 0.01729438
v -0.01293658 -0.01214978 0.01817192
v -0.01236623 -0.00838646 0.01643767
v -0.00799530 -0.00435749 0.01462388
v -0.01263930 -0.01018335 0.01687161
v -0.01295468 -0.01123798 0.01773095
v -0.01204969 -0.00987792 0.01593167
v -0.00959231 -0.00589177 0.01466541
v -0.01194543 -0.01450911 0.01621914
v -0.01137882 -0.00981719 0.01515226
v -0.00878175 -0.00592555 0.01434147
v -0.00800219 -0.00564883 0.01422485
v -0.01202871 -0.01084015 0.01584870
v -0.00799824 -0.00612882 0.01409132
v -0.00839516 -0.00761332 0.01382632
v -0.00907463 -0.01363128 0.01348574
v -0.00880304 -0.01222558 0.01338652
v -0.00823544 -0.01224463 0.01321389
v -0.00802663 -0.01203221 0.01317926
v -0.00737915 -0.01347240 0.01300254
v -0.00517220 0.00139747 0.01742254
v -0.00547537 0.00202565 0.01774724
v -0.00588999 0.00204916 0.01767487
v -0.00366212 -0.00030734 0.01710701
v -0.00420987 0.00219063 0.01834186
v -0.00429664 0.00231489 0.01840874
v -0.00312802 0.00182891 0.01889931
v -0.00186806 -0.00013362 0.01885442
v -0.00322643 0.00130892 0.01843313
v -0.00339572 0.00113646 0.01817894
v -0.00520929 -0.00026685 0.01645426
v -0.00510684 -0.00192956 0.01567321
v -0.00311742 -0.00088967 0.01710481
v -0.00316509 -0.00150086 0.01679657
v -0.00221094 -0.00112592 0.01781169
v -0.00119796 -0.00443039 0.01741126
v -0.00336620 -0.00237905 0.01618907
v -0.00364080 -0.00343481 0.01562862
v -0.00422794 -0.00339965 0.01536384
v -0.00253424 -0.00322824 0.01648027
v -0.00229946 -0.00390602 0.01640918
v -0.00219128 -0.00462183 0.01621522
v -0.00297883 -0.00500737 0.01547582
v -0.00333504 -0.00526947 0.01514842
v -0.00382594 -0.00722721 0.01436504
v -0.00422794 -0.00624219 0.01444019
v -0.00231761 -0.00655793 0.01553569
v -0.00530669 -0.00679078 0.01395200
v -0.00520929 -0.00941759 0.01348081
v -0.00366212 -0.00976851 0.01403269
v -0.00280124 -0.00842290 0.01472632
v -0.00270718 -0.00817302 0.01486913
v -0.00517219 -0.01133316 0.01328583
v -0.00654390 -0.01118896 0.01308106
v -0.00547537 -0.01203221 0.01317926
v -0.00467012 -0.01210595 0.01340619
v -0.00221129 -0.01112375 0.01501435
v -0.00348031 -0.01117523 0.01401288
v -0.00406220 -0.01235390 0.01365411
v -0.00322643 -0.01185557 0.01415544
v -0.00328990 -0.01384524 0.01415205
v -0.00155063 -0.01137826 0.01579760
v -0.01037398 0.00182891 0.01889931
v -0.01089818 0.00102203 0.01879584
v -0.00980527 0.00153839 0.01823467
v -0.01002169 0.00084234 0.01791788
v -0.00833206 0.00087943 0.01711462
v -0.01062371 -0.00195515 0.01674492
v -0.00908524 0.00055325 0.01715068
v -0.00835492 -0.00103603 0.01607443
v -0.01168063 -0.00362724 0.01695132
v -0.01062277 -0.00258654 0.01647300
v -0.01137849 -0.00466449 0.01627585
v -0.01071579 -0.00457534 0.01575914
v -0.01071579 -0.00552342 0.01545107
v -0.01120253 -0.00644700 0.01558352
v -0.01096775 -0.00703711 0.01524261
v -0.01062277 -0.00755197 0.01485953
v -0.01093338 -0.00850730 0.01493015
v -0.01000562 -0.00923785 0.01418679
v -0.01002169 -0.01117523 0.01401288
v -0.00868067 -0.00807740 0.01378312
v -0.01027556 -0.01185557 0.01415544
v -0.01072614 -0.01185290 0.01447179
v -0.00980527 -0.01192454 0.01386001
v -0.00826944 -0.01006680 0.01339543
v -0.00833206 -0.01073307 0.01334124
v -0.00560272 0.00326103 0.01856249
v -0.00481519 0.00238064 0.01820638
v -0.00550375 -0.00328629 0.01501497
v -0.00549664 -0.00469568 0.01451661
v -0.00534481 -0.00299817 0.01514153
v -0.00433499 -0.00441772 0.01494268
v -0.00145230 -0.00133508 0.01870759
v -0.00081266 -0.00050491 0.02090412
v -0.00099202 -0.00169970 0.01928996
v -0.00056541 -0.00081401 0.02185537
v -0.00085907 -0.00099695 0.02014896
v -0.00513115 -0.00604302 0.01417378
v -0.00486496 -0.00617523 0.01423412
v -0.00081658 -0.00294863 0.01886239
v -0.00034155 -0.00600628 0.01854994
v -0.00038822 -0.00215408 0.02075900
v -0.00056541 -0.00143110 0.02375444
v -0.00021135 -0.00246416 0.02179639
v -0.00002797 -0.00519405 0.01981218
v -0.00033876 -0.00172055 0.02258567
v -0.00081267 -0.00174021 0.02470572
v -0.00003998 -0.00375676 0.02134938
v -0.00031708 -0.00274514 0.02342483
v 0.00014634 -0.00576544 0.02168953
v 0.00002737 -0.00717808 0.02215613
v -0.00057221 -0.00316551 0.02439848
v -0.00086266 -0.00339751 0.02505468
v -0.00221140 -0.00245716 0.02691212
v -0.00016671 -0.00643266 0.02329568
v -0.00105436 -0.00276807 0.02542351
v -0.00144366 -0.00275735 0.02602377
v -0.00300134 -0.00267385 0.02757899
v -0.00081655 -0.00491730 0.02492093
v -0.00098121 -0.00795617 0.02455070
v -0.00351935 -0.00278144 0.02791008
v -0.00530291 -0.01353413 0.01318294
v -0.00205688 -0.00380052 0.02670017
v -0.00164441 -0.00960220 0.01569512
v -0.00481519 -0.01258930 0.01334203
v -0.00146589 -0.00925377 0.01589791
v -0.00289450 -0.00414049 0.02738088
v -0.00047033 -0.00892997 0.01764104
v -0.00239202 -0.00551969 0.02677477
v -0.00066808 -0.01032072 0.01729438
v -0.00382632 -0.00450059 0.02789532
v -0.00003998 -0.00947168 0.01949237
v -0.00050467 -0.01046447 0.01773678
v -0.00441107 -0.00349651 0.02829134
v -0.00519243 -0.00448143 0.02839044
v -0.00093805 -0.01115296 0.01677075
v -0.00371356 -0.00579071 0.02760882
v -0.00031707 -0.01083572 0.01850153
v -0.00705438 -0.00305659 0.02875686
v -0.00544878 -0.00367458 0.02857724
v -0.00150238 -0.01454397 0.01634475
v -0.00627406 -0.00453429 0.02855312
v -0.00485348 -0.00593008 0.02803773
v -0.00010200 -0.00998906 0.02124676
v -0.00856312 -0.00290006 0.02853340
v -0.00022843 -0.01119325 0.01953252
v -0.00653287 -0.00375046 0.02869854
v -0.00056541 -0.01214978 0.01817192
v -0.00601695 -0.00600199 0.02825904
v -0.00116162 -0.01510326 0.01804163
v -0.00697456 -0.01471882 0.01682733
v -0.00719313 -0.01473424 0.01687478
v -0.00740182 -0.01475955 0.01695267
v -0.00759598 -0.01479419 0.01705928
v -0.00792375 -0.01488818 0.01734852
v -0.00805004 -0.01494542 0.01752469
v -0.00814731 -0.01500784 0.01771679
v -0.00821339 -0.01507405 0.01792053
v -0.00824680 -0.01514256 0.01813137
v -0.00824680 -0.01521184 0.01834458
v -0.00821339 -0.01528035 0.01855542
v -0.00814731 -0.01534655 0.01875916
v -0.00792375 -0.01546622 0.01912743
v -0.00777126 -0.01551701 0.01928373
v -0.00759598 -0.01556020 0.01941667
v -0.00740182 -0.01559485 0.01952328
v -0.00719313 -0.01562016 0.01960117
v -0.00697456 -0.01563557 0.01964862
v -0.00663922 -0.01563816 0.01965658
v -0.00630887 -0.01562016 0.01960117
v -0.00610017 -0.01559485 0.01952328
v -0.00590602 -0.01556020 0.01941667
v -0.00573074 -0.01551701 0.01928373
v -0.00557825 -0.01546622 0.01912743
v -0.00540332 -0.01537776 0.01885521
v -0.00527190 -0.01524609 0.01845000
v -0.00525519 -0.01514256 0.01813137
v -0.00528861 -0.01507405 0.01792053
v -0.00535469 -0.01500784 0.01771679
v -0.00545196 -0.01494542 0.01752469
v -0.00557825 -0.01488818 0.01734852
v -0.00573074 -0.01483739 0.01719222
v -0.00590602 -0.01479419 0.01705928
v -0.00610017 -0.01475955 0.01695267
v -0.00630887 -0.01473424 0.01687478
v -0.00663922 -0.01471623 0.01681937
f 7194 7179 7193
f 7192 7193 7179
f 7192 7179 7178
f 7195 7179 7194
f 7196 7180 7179
f 7196 7179 7195
f 7191 7192 7178
f 7190 7191 7178
f 7197 7180 7196
f 7189 7178 7177
f 7189 7190 7178
f 7198 7180 7197
f 7199 7181 7180
f 7199 7180 7198
f 7188 7189 7177
f 7187 7188 7177
f 7200 7181 7199
f 7186 7177 7176
f 7186 7187 7177
f 7201 7181 7200
f 7235 7181 7201
f 7176 7185 7186
f 7182 7235 7201
f 7175 7185 7176
f 7183 7201 7202
f 7183 7182 7201
f 7399 7185 7175
f 7291 7185 7399
f 7291 7206 7185
f 7252 7183 7202
f 7269 7252 7202
f 7269 7202 7203
f 7282 7206 7291
f 7279 7206 7282
f 7184 7269 7203
f 7275 7206 7279
f 7275 7205 7206
f 7275 7184 7203
f 7275 7203 7204
f 7275 7204 7205
f 7226 7227 7234
f 7226 7228 7227
f 7230 7232 7231
f 7230 7276 7254
f 7235 7233 7181
f 7234 7214 7226
f 7236 7230 7231
f 7236 7276 7230
f 7236 7231 7238
f 7237 7225 7229
f 7238 7233 7235
f 7240 7234 7225
f 7240 7214 7234
f 7245 7238 7235
f 7244 7237 7229
f 7248 7182 7183
f 7248 7235 7182
f 7242 7229 7239
f 7242 7244 7229
f 7215 7225 7237
f 7215 7240 7225
f 7241 7236 7238
f 7243 7235 7248
f 7243 7245 7235
f 7253 7242 7239
f 7244 7215 7237
f 7245 7241 7238
f 7245 7246 7241
f 7252 7248 7183
f 7257 7253 7239
f 7249 7242 7253
f 7249 7215 7244
f 7249 7244 7242
f 7250 7257 7239
f 7251 7246 7245
f 7251 7243 7248
f 7251 7245 7243
f 7261 7239 7247
f 7261 7250 7239
f 7255 7248 7252
f 7260 7252 7269
f 7259 7247 7254
f 7256 7255 7252
f 7257 7250 7261
f 7258 7248 7255
f 7258 7251 7248
f 7262 7256 7252
f 7262 7252 7260
f 7272 7259 7254
f 7261 7265 7257
f 7261 7247 7259
f 7263 7258 7255
f 7263 7255 7256
f 7264 7272 7254
f 7265 7259 7272
f 7265 7261 7259
f 7266 7264 7254
f 7267 7256 7262
f 7267 7262 7260
f 7267 7268 7263
f 7267 7263 7256
f 7269 7184 7275
f 7273 7254 7276
f 7273 7266 7254
f 7270 7260 7269
f 7271 7276 7236
f 7271 7236 7241
f 7272 7216 7265
f 7272 7264 7266
f 7285 7270 7269
f 7274 7267 7260
f 7274 7260 7270
f 7274 7268 7267
f 7277 7285 7269
f 7278 7216 7272
f 7278 7266 7273
f 7278 7272 7266
f 7281 7276 7271
f 7283 7277 7269
f 7283 7269 7375
f 7280 7275 7279
f 7281 7271 7241
f 7284 7273 7276
f 7284 7278 7273
f 7284 7217 7278
f 7294 7246 7251
f 7294 7241 7246
f 7285 7286 7274
f 7285 7274 7270
f 7280 7279 7282
f 7292 7281 7241
f 7287 7283 7375
f 7288 7280 7282
f 7289 7284 7276
f 7289 7217 7284
f 7289 7276 7281
f 7290 7292 7241
f 7291 7288 7282
f 7382 7286 7285
f 7382 7285 7277
f 7382 7277 7283
f 7293 7241 7294
f 7293 7290 7241
f 7296 7251 7258
f 7296 7294 7251
f 7292 7217 7289
f 7292 7218 7217
f 7292 7289 7281
f 7295 7292 7290
f 7295 7218 7292
f 7295 7290 7293
f 7296 7258 7263
f 7299 7294 7296
f 7297 7299 7296
f 7298 7219 7295
f 7298 7293 7294
f 7298 7295 7293
f 7301 7296 7263
f 7301 7263 7268
f 7303 7297 7296
f 7299 7219 7298
f 7299 7298 7294
f 7300 7296 7301
f 7300 7303 7296
f 7301 7268 7274
f 7302 7300 7301
f 7303 7220 7219
f 7303 7299 7297
f 7303 7219 7299
f 7317 7302 7301
f 7306 7303 7300
f 7306 7220 7303
f 7306 7300 7302
f 7314 7301 7274
f 7314 7274 7286
f 7307 7308 7381
f 7309 7317 7301
f 7310 7315 7304
f 7310 7304 7307
f 7311 7307 7381
f 7312 7301 7314
f 7312 7309 7301
f 7313 7302 7317
f 7313 7221 7306
f 7313 7306 7302
f 7315 7307 7311
f 7315 7310 7307
f 7315 7311 7208
f 7316 7312 7314
f 7319 7305 7304
f 7324 7316 7314
f 7317 7221 7313
f 7317 7309 7312
f 7318 7324 7314
f 7322 7304 7315
f 7322 7319 7304
f 7320 7221 7317
f 7320 7312 7316
f 7320 7316 7324
f 7320 7317 7312
f 7321 7318 7314
f 7323 7315 7208
f 7323 7322 7315
f 7324 7222 7320
f 7325 7323 7208
f 7325 7322 7323
f 7393 7319 7322
f 7395 7318 7321
f 7395 7324 7318
f 7326 7322 7325
f 7326 7325 7208
f 7326 7393 7322
f 7328 7224 7327
f 7329 7224 7328
f 7331 7329 7330
f 7331 7224 7329
f 7332 7334 7333
f 7332 7207 7334
f 7342 7332 7335
f 7342 7207 7332
f 7338 7336 7337
f 7338 7337 7176
f 7338 7176 7339
f 7340 7338 7339
f 7340 7336 7338
f 7341 7336 7340
f 7341 7340 7339
f 7342 7311 7207
f 7342 7343 7311
f 7342 7348 7343
f 7344 7335 7332
f 7344 7341 7339
f 7344 7336 7341
f 7344 7332 7336
f 7345 7335 7344
f 7345 7342 7335
f 7345 7348 7342
f 7346 7345 7344
f 7348 7346 7347
f 7348 7345 7346
f 7349 7350 7348
f 7351 7348 7347
f 7351 7349 7348
f 7352 7349 7351
f 7352 7351 7347
f 7352 7347 7353
f 7353 7354 7349
f 7353 7349 7352
f 7355 7354 7353
f 7358 7347 7438
f 7358 7355 7353
f 7358 7353 7347
f 7356 7357 7355
f 7358 7356 7355
f 7360 7365 7208
f 7360 7208 7359
f 7360 7359 7356
f 7363 7358 7438
f 7363 7356 7358
f 7362 7361 7360
f 7362 7360 7356
f 7362 7356 7363
f 7363 7436 7362
f 7363 7438 7436
f 7364 7366 7365
f 7364 7360 7361
f 7364 7365 7360
f 7369 7367 7364
f 7369 7362 7368
f 7369 7361 7362
f 7369 7364 7361
f 7370 7367 7369
f 7371 7369 7368
f 7371 7370 7369
f 7372 7373 7211
f 7372 7370 7371
f 7372 7371 7368
f 7372 7368 7373
f 7372 7210 7370
f 7374 7269 7275
f 7374 7375 7269
f 7376 7275 7280
f 7376 7374 7275
f 7376 7375 7374
f 7377 7375 7376
f 7377 7380 7287
f 7377 7287 7375
f 7377 7376 7280
f 7378 7288 7291
f 7378 7380 7377
f 7378 7377 7280
f 7378 7280 7288
f 7378 7291 7207
f 7379 7382 7283
f 7379 7283 7287
f 7379 7287 7380
f 7380 7378 7207
f 7383 7382 7379
f 7383 7379 7308
f 7381 7308 7379
f 7381 7207 7311
f 7381 7379 7380
f 7381 7380 7207
f 7383 7308 7307
f 7383 7304 7382
f 7383 7307 7304
f 7384 7286 7382
f 7384 7382 7304
f 7385 7304 7305
f 7385 7305 7384
f 7385 7384 7304
f 7386 7384 7305
f 7386 7305 7319
f 7387 7286 7384
f 7387 7314 7286
f 7387 7386 7319
f 7387 7384 7386
f 7388 7314 7387
f 7388 7387 7319
f 7389 7319 7393
f 7389 7388 7319
f 7389 7314 7388
f 7390 7314 7389
f 7390 7321 7314
f 7391 7321 7390
f 7391 7389 7393
f 7391 7390 7389
f 7392 7395 7321
f 7392 7321 7391
f 7393 7326 7208
f 7393 7208 7365
f 7394 7395 7392
f 7395 7327 7223
f 7395 7223 7222
f 7395 7222 7324
f 7396 7394 7392
f 7396 7395 7394
f 7396 7327 7395
f 7396 7392 7328
f 7396 7328 7327
f 7397 7393 7365
f 7397 7391 7393
f 7398 7397 7365
f 7398 7329 7328
f 7398 7330 7329
f 7398 7391 7397
f 7398 7331 7330
f 7398 7365 7331
f 7398 7392 7391
f 7398 7328 7392
f 7334 7207 7291
f 7334 7291 7399
f 7333 7334 7399
f 7400 7399 7175
f 7332 7399 7400
f 7332 7333 7399
f 7337 7175 7176
f 7337 7400 7175
f 7336 7332 7400
f 7336 7400 7337
f 7401 7208 7311
f 7401 7311 7343
f 7339 7176 7177
f 7403 7208 7401
f 7403 7402 7208
f 7403 7401 7343
f 7403 7343 7348
f 7346 7344 7339
f 7409 7339 7177
f 7350 7403 7348
f 7404 7402 7403
f 7404 7403 7350
f 7405 7346 7339
f 7406 7409 7177
f 7407 7405 7339
f 7407 7339 7409
f 7349 7404 7350
f 7349 7354 7404
f 7410 7208 7402
f 7347 7346 7405
f 7347 7405 7407
f 7408 7406 7177
f 7359 7208 7410
f 7410 7402 7404
f 7414 7409 7406
f 7411 7359 7410
f 7412 7413 7347
f 7412 7347 7407
f 7412 7407 7409
f 7418 7408 7177
f 7418 7177 7178
f 7414 7406 7408
f 7355 7410 7404
f 7355 7404 7354
f 7357 7411 7410
f 7357 7410 7355
f 7416 7414 7408
f 7415 7418 7178
f 7416 7408 7418
f 7417 7412 7409
f 7417 7409 7414
f 7417 7413 7412
f 7356 7359 7411
f 7356 7411 7357
f 7419 7415 7178
f 7421 7418 7415
f 7420 7422 7417
f 7420 7417 7414
f 7420 7416 7418
f 7420 7414 7416
f 7428 7419 7178
f 7421 7415 7419
f 7424 7421 7419
f 7422 7418 7421
f 7422 7420 7418
f 7429 7428 7178
f 7429 7178 7179
f 7424 7419 7428
f 7425 7424 7428
f 7426 7429 7179
f 7427 7421 7424
f 7427 7422 7421
f 7427 7423 7422
f 7365 7209 7331
f 7430 7426 7179
f 7435 7429 7426
f 7440 7347 7413
f 7440 7438 7347
f 7431 7424 7425
f 7431 7432 7427
f 7431 7427 7424
f 7431 7425 7428
f 7433 7430 7179
f 7434 7209 7365
f 7434 7365 7366
f 7434 7366 7364
f 7435 7426 7430
f 7437 7210 7434
f 7437 7434 7364
f 7437 7364 7367
f 7439 7435 7430
f 7446 7433 7179
f 7446 7179 7180
f 7229 7429 7435
f 7229 7428 7429
f 7229 7432 7431
f 7229 7431 7428
f 7439 7430 7433
f 7370 7437 7367
f 7370 7210 7437
f 7440 7413 7417
f 7368 7362 7436
f 7443 7439 7433
f 7448 7438 7440
f 7452 7446 7180
f 7441 7435 7439
f 7441 7239 7229
f 7441 7229 7435
f 7442 7448 7440
f 7443 7433 7446
f 7373 7436 7438
f 7373 7368 7436
f 7444 7417 7422
f 7444 7440 7417
f 7445 7442 7440
f 7459 7452 7180
f 7450 7440 7444
f 7450 7445 7440
f 7447 7446 7452
f 7448 7373 7438
f 7448 7212 7211
f 7448 7211 7373
f 7449 7439 7443
f 7449 7239 7441
f 7449 7441 7439
f 7456 7444 7422
f 7456 7422 7423
f 7451 7459 7180
f 7453 7212 7448
f 7453 7442 7445
f 7453 7445 7450
f 7453 7448 7442
f 7458 7450 7444
f 7454 7452 7459
f 7455 7247 7239
f 7455 7239 7449
f 7455 7449 7443
f 7455 7443 7446
f 7455 7446 7447
f 7455 7447 7452
f 7456 7423 7427
f 7457 7451 7180
f 7457 7180 7181
f 7458 7444 7456
f 7460 7213 7453
f 7460 7453 7450
f 7460 7450 7458
f 7228 7458 7456
f 7230 7459 7451
f 7461 7454 7459
f 7461 7452 7454
f 7461 7247 7455
f 7461 7254 7247
f 7461 7455 7452
f 7227 7228 7456
f 7230 7451 7457
f 7462 7460 7458
f 7462 7213 7460
f 7225 7427 7432
f 7225 7456 7427
f 7232 7230 7457
f 7238 7457 7181
f 7234 7227 7456
f 7234 7456 7225
f 7231 7232 7457
f 7228 7226 7462
f 7228 7462 7458
f 7230 7461 7459
f 7230 7254 7461
f 7229 7225 7432
f 7233 7238 7181
f 7231 7457 7238
f 7494 7372 7211
f 7493 7494 7211
f 7495 7210 7372
f 7495 7372 7494
f 7492 7493 7211
f 7496 7210 7495
f 7491 7211 7212
f 7491 7492 7211
f 7497 7434 7210
f 7497 7210 7496
f 7490 7212 7453
f 7490 7491 7212
f 7490 7453 7213
f 7498 7209 7434
f 7498 7434 7497
f 7489 7213 7462
f 7489 7490 7213
f 7498 7331 7209
f 7488 7462 7226
f 7488 7489 7462
f 7463 7331 7498
f 7463 7224 7331
f 7464 7224 7463
f 7487 7226 7214
f 7487 7488 7226
f 7465 7327 7224
f 7465 7224 7464
f 7466 7327 7465
f 7466 7223 7327
f 7486 7214 7240
f 7486 7487 7214
f 7467 7223 7466
f 7215 7486 7240
f 7215 7485 7486
f 7222 7467 7468
f 7222 7223 7467
f 7215 7484 7485
f 7320 7468 7469
f 7320 7222 7468
f 7249 7483 7484
f 7249 7484 7215
f 7221 7320 7469
f 7253 7482 7483
f 7253 7483 7249
f 7221 7469 7470
f 7257 7482 7253
f 7257 7481 7482
f 7306 7221 7470
f 7306 7470 7471
f 7306 7471 7472
f 7265 7481 7257
f 7265 7480 7481
f 7220 7306 7472
f 7219 7220 7472
f 7219 7472 7473
f 7216 7480 7265
f 7216 7479 7480
f 7219 7473 7474
f 7219 7474 7475
f 7278 7479 7216
f 7278 7478 7479
f 7295 7219 7475
f 7217 7478 7278
f 7217 7477 7478
f 7218 7295 7475
f 7217 7218 7475
f 7217 7475 7476
f 7217 7476 7477

o p0021
usemtl mat_33
v -0.00675100 0.00205988 0.02226181
v -0.00675100 -0.01471365 0.01681140
v -0.00697456 -0.01471882 0.01682733
v -0.00719313 -0.01473424 0.01687478
v -0.00740182 -0.01475955 0.01695267
v -0.00759598 -0.01479419 0.01705928
v -0.00777126 -0.01483739 0.01719222
v -0.00792375 -0.01488818 0.01734852
v -0.00805004 -0.01494542 0.01752469
v -0.00814731 -0.01500784 0.01771679
v -0.00821339 -0.01507405 0.01792053
v -0.00824680 -0.01514256 0.01813137
v -0.00824680 -0.01521184 0.01834458
v -0.00821339 -0.01528035 0.01855542
v -0.00814731 -0.01534655 0.01875916
v -0.00805004 -0.01540897 0.01895126
v -0.00792375 -0.01546622 0.01912743
v -0.00777126 -0.01551701 0.01928373
v -0.00759598 -0.01556020 0.01941667
v -0.00740182 -0.01559485 0.01952328
v -0.00719313 -0.01562016 0.01960117
v -0.00697456 -0.01563557 0.01964862
v -0.00675100 -0.01564075 0.01966455
v -0.00652743 -0.01563557 0.01964862
v -0.00630887 -0.01562016 0.01960117
v -0.00610017 -0.01559485 0.01952328
v -0.00590602 -0.01556020 0.01941667
v -0.00573074 -0.01551701 0.01928373
v -0.00557825 -0.01546622 0.01912743
v -0.00545196 -0.01540897 0.01895126
v -0.00535469 -0.01534655 0.01875916
v -0.00528861 -0.01528035 0.01855542
v -0.00525519 -0.01521184 0.01834458
v -0.00525519 -0.01514256 0.01813137
v -0.00528861 -0.01507405 0.01792053
v -0.00535469 -0.01500784 0.01771679
v -0.00545196 -0.01494542 0.01752469
v -0.00557825 -0.01488818 0.01734852
v -0.00573074 -0.01483739 0.01719222
v -0.00590602 -0.01479419 0.01705928
v -0.00610017 -0.01475955 0.01695267
v -0.00630887 -0.01473424 0.01687478
v -0.00652743 -0.01471882 0.01682733
v -0.00652743 0.00205470 0.02227774
v -0.00630887 0.00203928 0.02232518
v -0.00610017 0.00201397 0.02240308
v -0.00590602 0.00197933 0.02250969
v -0.00573074 0.00193613 0.02264263
v -0.00557825 0.00188534 0.02279893
v -0.00545196 0.00182810 0.02297509
v -0.00535469 0.00176568 0.02316719
v -0.00528861 0.00169947 0.02337094
v -0.00525519 0.00163097 0.02358177
v -0.00525519 0.00156168 0.02379499
v -0.00528861 0.00149317 0.02400582
v -0.00535469 0.00142697 0.02420957
v -0.00545196 0.00136455 0.02440167
v -0.00557825 0.00130730 0.02457784
v -0.00573074 0.00125652 0.02473414
v -0.00590602 0.00121332 0.02486707
v -0.00610017 0.00117868 0.02497368
v -0.00630887 0.00115336 0.02505158
v -0.00652743 0.00113795 0.02509902
v -0.00675100 0.00113277 0.02511496
v -0.00697456 0.00113795 0.02509902
v -0.00719313 0.00115336 0.02505158
v -0.00740182 0.00117868 0.02497368
v -0.00759598 0.00121332 0.02486707
v -0.00777126 0.00125652 0.02473414
v -0.00792375 0.00130730 0.02457784
v -0.00805004 0.00136455 0.02440167
v -0.00814731 0.00142697 0.02420957
v -0.00821339 0.00149317 0.02400582
v -0.00824680 0.00156168 0.02379499
v -0.00824680 0.00163097 0.02358177
v -0.00821339 0.00169947 0.02337094
v -0.00814731 0.00176568 0.02316719
v -0.00805004 0.00182810 0.02297509
v -0.00792375 0.00188534 0.02279893
v -0.00777126 0.00193613 0.02264263
v -0.00759598 0.00197933 0.02250969
v -0.00740182 0.00201397 0.02240308
v -0.00719313 0.00203928 0.02232518
v -0.00697456 0.00205470 0.02227774
f 7500 7542 7499
f 7541 7543 7542
f 7541 7542 7500
f 7540 7544 7543
f 7540 7543 7541
f 7539 7544 7540
f 7539 7545 7544
f 7538 7545 7539
f 7538 7546 7545
f 7537 7546 7538
f 7537 7547 7546
f 7536 7547 7537
f 7536 7548 7547
f 7535 7548 7536
f 7535 7549 7548
f 7534 7549 7535
f 7534 7550 7549
f 7533 7550 7534
f 7533 7551 7550
f 7532 7551 7533
f 7532 7552 7551
f 7531 7552 7532
f 7531 7553 7552
f 7530 7553 7531
f 7530 7554 7553
f 7529 7554 7530
f 7529 7555 7554
f 7528 7555 7529
f 7528 7556 7555
f 7527 7556 7528
f 7527 7557 7556
f 7526 7557 7527
f 7526 7558 7557
f 7525 7558 7526
f 7525 7559 7558
f 7524 7560 7559
f 7524 7559 7525
f 7523 7561 7560
f 7523 7560 7524
f 7522 7562 7561
f 7522 7561 7523
f 7521 7562 7522
f 7520 7563 7562
f 7520 7562 7521
f 7519 7564 7563
f 7519 7565 7564
f 7519 7563 7520
f 7518 7566 7565
f 7518 7565 7519
f 7517 7566 7518
f 7516 7567 7566
f 7516 7568 7567
f 7516 7566 7517
f 7515 7568 7516
f 7514 7569 7568
f 7514 7570 7569
f 7514 7568 7515
f 7513 7570 7514
f 7512 7570 7513
f 7512 7571 7570
f 7512 7572 7571
f 7511 7572 7512
f 7511 7573 7572
f 7510 7573 7511
f 7509 7573 7510
f 7509 7574 7573
f 7509 7575 7574
f 7508 7575 7509
f 7508 7576 7575
f 7507 7576 7508
f 7507 7577 7576
f 7506 7577 7507
f 7505 7577 7506
f 7505 7578 7577
f 7505 7579 7578
f 7504 7579 7505
f 7504 7580 7579
f 7503 7580 7504
f 7503 7581 7580
f 7502 7581 7503
f 7501 7581 7502
f 7501 7582 7581
f 7500 7582 7501
f 7500 7499 7582

